<?xml version="1.0" encoding="UTF-8"?>
<!-- Aeon MQ 5 Helix 6.1.5 -->
<!-- Jarvis 8.1.13/8.1.14 -->
<!-- Krypton 9.1.17/9.1.19/9.2.1 window IDs/9.2.4 -->
<!-- Leiamod 10.2.3/10.3.0/10.4.0 -->
<!-- Matrix 11.0.4/11.1.1/11.3.0 -->
<!-- Nexus 12.3.0 -->
<window id="6000">
	<!-- safe id -->
	<!-- See IncludesMenuCustom "MenuCustom"  for center panel buttons and right 452 actions list -->
	<defaultcontrol></defaultcontrol>
	<onload condition="Skin.HasSetting(languagedone)">SetFocus(9000)</onload>
	<onload condition="!Skin.HasSetting(languagedone)">SetFocus(9010)</onload>
	<onload>Skin.Reset(movieswidget)</onload>
	<onload>Skin.Reset(tvshowswidget)</onload>
	<onload>Skin.Reset(concertswidget)</onload>
	<onload>Skin.Reset(musicwidget)</onload>
	<onload>Skin.Reset(favouriteswidget)</onload>
	<onload>Skin.Reset(programswidget)</onload>
	<onload>Skin.Reset(mymenu1widget)</onload>
	<onload>Skin.Reset(mymenu2widget)</onload>
	<onload>Skin.Reset(gameswidget)</onload>
	<onload>Skin.Reset(livetvwidget)</onload>
	<onload>Skin.Reset(weatherwidget)</onload>
	<onload>Skin.Reset(pvrwidget)</onload>
	<onunload condition="String.Contains(skin.string(menu1.master),movie) | String.Contains(skin.string(menu2.master),movie) | String.Contains(skin.string(menu3.master),movie) | String.Contains(skin.string(menu4.master),movie) | String.Contains(skin.string(menu5.master),movie) | String.Contains(skin.string(menu6.master),movie) | String.Contains(skin.string(menu7.master),movie) | String.Contains(skin.string(menu8.master),movie) | String.Contains(skin.string(menu9.master),movie) | String.Contains(skin.string(menu10.master),movie) | String.Contains(skin.string(menu11.master),movie) | String.Contains(skin.string(menu12.master),movie) | String.Contains(skin.string(menu13.master),movie) | String.Contains(skin.string(menu14.master),movie) | String.Contains(skin.string(menu15.master),movie) | String.Contains(skin.string(menu16.master),movie) | String.Contains(skin.string(menu17.master),movie) | String.Contains(skin.string(menu18.master),movie) | String.Contains(skin.string(menu19.master),movie) | String.Contains(skin.string(menu20.master),movie)">Skin.SetString(movieswidget,true)</onunload>
	<onunload condition="String.Contains(skin.string(menu1.master),tvshow) | String.Contains(skin.string(menu2.master),tvshow) | String.Contains(skin.string(menu3.master),tvshow) | String.Contains(skin.string(menu4.master),tvshow) | String.Contains(skin.string(menu5.master),tvshow) | String.Contains(skin.string(menu6.master),tvshow) | String.Contains(skin.string(menu7.master),tvshow) | String.Contains(skin.string(menu8.master),tvshow) | String.Contains(skin.string(menu9.master),tvshow) | String.Contains(skin.string(menu10.master),tvshow) | String.Contains(skin.string(menu11.master),tvshow) | String.Contains(skin.string(menu12.master),tvshow) | String.Contains(skin.string(menu13.master),tvshow) | String.Contains(skin.string(menu14.master),tvshow) | String.Contains(skin.string(menu15.master),tvshow) | String.Contains(skin.string(menu16.master),tvshow) | String.Contains(skin.string(menu17.master),tvshow) | String.Contains(skin.string(menu18.master),tvshow) | String.Contains(skin.string(menu19.master),tvshow) | String.Contains(skin.string(menu20.master),tvshow)">Skin.SetString(tvshowswidget,true)</onunload>
	<onunload condition="String.Contains(skin.string(menu1.master),concert) | String.Contains(skin.string(menu2.master),concert) | String.Contains(skin.string(menu3.master),concert) | String.Contains(skin.string(menu4.master),concert) | String.Contains(skin.string(menu5.master),concert) | String.Contains(skin.string(menu6.master),concert) | String.Contains(skin.string(menu7.master),concert) | String.Contains(skin.string(menu8.master),concert) | String.Contains(skin.string(menu9.master),concert) | String.Contains(skin.string(menu10.master),concert) | String.Contains(skin.string(menu11.master),concert) | String.Contains(skin.string(menu12.master),concert) | String.Contains(skin.string(menu13.master),concert) | String.Contains(skin.string(menu14.master),concert) | String.Contains(skin.string(menu15.master),concert) | String.Contains(skin.string(menu16.master),concert) | String.Contains(skin.string(menu17.master),concert) | String.Contains(skin.string(menu18.master),concert) | String.Contains(skin.string(menu19.master),concert) | String.Contains(skin.string(menu20.master),concert)">Skin.SetString(concertswidget,true)</onunload>
	<onunload condition="String.Contains(skin.string(menu1.master),music) | String.Contains(skin.string(menu2.master),music) | String.Contains(skin.string(menu3.master),music) | String.Contains(skin.string(menu4.master),music) | String.Contains(skin.string(menu5.master),music) | String.Contains(skin.string(menu6.master),music) | String.Contains(skin.string(menu7.master),music) | String.Contains(skin.string(menu8.master),music) | String.Contains(skin.string(menu9.master),music) | String.Contains(skin.string(menu10.master),music) | String.Contains(skin.string(menu11.master),music) | String.Contains(skin.string(menu12.master),music) | String.Contains(skin.string(menu13.master),music) | String.Contains(skin.string(menu14.master),music) | String.Contains(skin.string(menu15.master),music) | String.Contains(skin.string(menu16.master),music) | String.Contains(skin.string(menu17.master),music) | String.Contains(skin.string(menu18.master),music) | String.Contains(skin.string(menu19.master),music) | String.Contains(skin.string(menu20.master),music)">Skin.SetString(musicwidget,true)</onunload>
	<onunload condition="String.Contains(skin.string(menu1.master),favourite) | String.Contains(skin.string(menu2.master),favourite) | String.Contains(skin.string(menu3.master),favourite) | String.Contains(skin.string(menu4.master),favourite) | String.Contains(skin.string(menu5.master),favourite) | String.Contains(skin.string(menu6.master),favourite) | String.Contains(skin.string(menu7.master),favourite) | String.Contains(skin.string(menu8.master),favourite) | String.Contains(skin.string(menu9.master),favourite) | String.Contains(skin.string(menu10.master),favourite) | String.Contains(skin.string(menu11.master),favourite) | String.Contains(skin.string(menu12.master),favourite) | String.Contains(skin.string(menu13.master),favourite) | String.Contains(skin.string(menu14.master),favourite) | String.Contains(skin.string(menu15.master),favourite) | String.Contains(skin.string(menu16.master),favourite) | String.Contains(skin.string(menu17.master),favourite) | String.Contains(skin.string(menu18.master),favourite) | String.Contains(skin.string(menu19.master),favourite) | String.Contains(skin.string(menu20.master),favourite)">Skin.SetString(favouriteswidget,true)</onunload>
	<onunload condition="String.Contains(skin.string(menu1.master),programs) | String.Contains(skin.string(menu2.master),programs) | String.Contains(skin.string(menu3.master),programs) | String.Contains(skin.string(menu4.master),programs) | String.Contains(skin.string(menu5.master),programs) | String.Contains(skin.string(menu6.master),programs) | String.Contains(skin.string(menu7.master),programs) | String.Contains(skin.string(menu8.master),programs) | String.Contains(skin.string(menu9.master),programs) | String.Contains(skin.string(menu10.master),programs) | String.Contains(skin.string(menu11.master),programs) | String.Contains(skin.string(menu12.master),programs) | String.Contains(skin.string(menu13.master),programs) | String.Contains(skin.string(menu14.master),programs) | String.Contains(skin.string(menu15.master),programs) | String.Contains(skin.string(menu16.master),programs) | String.Contains(skin.string(menu17.master),programs) | String.Contains(skin.string(menu18.master),programs) | String.Contains(skin.string(menu19.master),programs) | String.Contains(skin.string(menu20.master),programs)">Skin.SetString(programswidget,true)</onunload>
	<onunload condition="String.Contains(skin.string(menu1.master),mymenu1) | String.Contains(skin.string(menu2.master),mymenu1) | String.Contains(skin.string(menu3.master),mymenu1) | String.Contains(skin.string(menu4.master),mymenu1) | String.Contains(skin.string(menu5.master),mymenu1) | String.Contains(skin.string(menu6.master),mymenu1) | String.Contains(skin.string(menu7.master),mymenu1) | String.Contains(skin.string(menu8.master),mymenu1) | String.Contains(skin.string(menu9.master),mymenu1) | String.Contains(skin.string(menu10.master),mymenu1) | String.Contains(skin.string(menu11.master),mymenu1) | String.Contains(skin.string(menu12.master),mymenu1) | String.Contains(skin.string(menu13.master),mymenu1) | String.Contains(skin.string(menu14.master),mymenu1) | String.Contains(skin.string(menu15.master),mymenu1) | String.Contains(skin.string(menu16.master),mymenu1) | String.Contains(skin.string(menu17.master),mymenu1) | String.Contains(skin.string(menu18.master),mymenu1) | String.Contains(skin.string(menu19.master),mymenu1) | String.Contains(skin.string(menu20.master),mymenu1)">Skin.SetString(mymenu1widget,true)</onunload>
	<onunload condition="String.Contains(skin.string(menu1.master),mymenu2) | String.Contains(skin.string(menu2.master),mymenu2) | String.Contains(skin.string(menu3.master),mymenu2) | String.Contains(skin.string(menu4.master),mymenu2) | String.Contains(skin.string(menu5.master),mymenu2) | String.Contains(skin.string(menu6.master),mymenu2) | String.Contains(skin.string(menu7.master),mymenu2) | String.Contains(skin.string(menu8.master),mymenu2) | String.Contains(skin.string(menu9.master),mymenu2) | String.Contains(skin.string(menu10.master),mymenu2) | String.Contains(skin.string(menu11.master),mymenu2) | String.Contains(skin.string(menu12.master),mymenu2) | String.Contains(skin.string(menu13.master),mymenu2) | String.Contains(skin.string(menu14.master),mymenu2) | String.Contains(skin.string(menu15.master),mymenu2) | String.Contains(skin.string(menu16.master),mymenu2) | String.Contains(skin.string(menu17.master),mymenu2) | String.Contains(skin.string(menu18.master),mymenu2) | String.Contains(skin.string(menu19.master),mymenu2) | String.Contains(skin.string(menu20.master),mymenu2)">Skin.SetString(mymenu2widget,true)</onunload>
	<onunload condition="String.Contains(skin.string(menu1.master),game) | String.Contains(skin.string(menu2.master),game) | String.Contains(skin.string(menu3.master),game) | String.Contains(skin.string(menu4.master),game) | String.Contains(skin.string(menu5.master),game) | String.Contains(skin.string(menu6.master),game) | String.Contains(skin.string(menu7.master),game) | String.Contains(skin.string(menu8.master),game) | String.Contains(skin.string(menu9.master),game) | String.Contains(skin.string(menu10.master),game) | String.Contains(skin.string(menu11.master),game) | String.Contains(skin.string(menu12.master),game) | String.Contains(skin.string(menu13.master),game) | String.Contains(skin.string(menu14.master),game) | String.Contains(skin.string(menu15.master),game) | String.Contains(skin.string(menu16.master),game) | String.Contains(skin.string(menu17.master),game) | String.Contains(skin.string(menu18.master),game) | String.Contains(skin.string(menu19.master),game) | String.Contains(skin.string(menu20.master),game)">Skin.SetString(gameswidget,true)</onunload>
	<onunload condition="String.IsEqual(skin.string(menu1.master),livetv) | String.IsEqual(skin.string(menu2.master),livetv) | String.IsEqual(skin.string(menu3.master),livetv) | String.IsEqual(skin.string(menu4.master),livetv) | String.IsEqual(skin.string(menu5.master),livetv) | String.IsEqual(skin.string(menu6.master),livetv) | String.IsEqual(skin.string(menu7.master),livetv) | String.IsEqual(skin.string(menu8.master),livetv) | String.IsEqual(skin.string(menu9.master),livetv) | String.IsEqual(skin.string(menu10.master),livetv) | String.IsEqual(skin.string(menu11.master),livetv) | String.IsEqual(skin.string(menu12.master),livetv) | String.IsEqual(skin.string(menu13.master),livetv) | String.IsEqual(skin.string(menu14.master),livetv) | String.IsEqual(skin.string(menu15.master),livetv) | String.IsEqual(skin.string(menu16.master),livetv) | String.IsEqual(skin.string(menu17.master),livetv) | String.IsEqual(skin.string(menu18.master),livetv) | String.IsEqual(skin.string(menu19.master),livetv) | String.IsEqual(skin.string(menu20.master),livetv)">Skin.SetString(livetvwidget,true)</onunload>
	<onunload condition="String.IsEqual(skin.string(menu1.master),weather) | String.IsEqual(skin.string(menu2.master),weather) | String.IsEqual(skin.string(menu3.master),weather) | String.IsEqual(skin.string(menu4.master),weather) | String.IsEqual(skin.string(menu5.master),weather) | String.IsEqual(skin.string(menu6.master),weather) | String.IsEqual(skin.string(menu7.master),weather) | String.IsEqual(skin.string(menu8.master),weather) | String.IsEqual(skin.string(menu9.master),weather) | String.IsEqual(skin.string(menu10.master),weather) | String.IsEqual(skin.string(menu11.master),weather) | String.IsEqual(skin.string(menu12.master),weather) | String.IsEqual(skin.string(menu13.master),weather) | String.IsEqual(skin.string(menu14.master),weather) | String.IsEqual(skin.string(menu15.master),weather) | String.IsEqual(skin.string(menu16.master),weather) | String.IsEqual(skin.string(menu17.master),weather) | String.IsEqual(skin.string(menu18.master),weather) | String.IsEqual(skin.string(menu19.master),weather) | String.IsEqual(skin.string(menu20.master),weather)">Skin.SetString(weatherwidget,true)</onunload>
	<onunload condition="String.IsEqual(skin.string(menu1.master),livetv) | String.IsEqual(skin.string(menu2.master),livetv) | String.IsEqual(skin.string(menu3.master),livetv) | String.IsEqual(skin.string(menu4.master),livetv) | String.IsEqual(skin.string(menu5.master),livetv) | String.IsEqual(skin.string(menu6.master),livetv) | String.IsEqual(skin.string(menu7.master),livetv) | String.IsEqual(skin.string(menu8.master),livetv) | String.IsEqual(skin.string(menu9.master),livetv) | String.IsEqual(skin.string(menu10.master),livetv) | String.IsEqual(skin.string(menu11.master),livetv) | String.IsEqual(skin.string(menu12.master),livetv) | String.IsEqual(skin.string(menu13.master),livetv) | String.IsEqual(skin.string(menu14.master),livetv) | String.IsEqual(skin.string(menu15.master),livetv) | String.IsEqual(skin.string(menu16.master),livetv) | String.IsEqual(skin.string(menu17.master),livetv) | String.IsEqual(skin.string(menu18.master),livetv) | String.IsEqual(skin.string(menu19.master),livetv) | String.IsEqual(skin.string(menu20.master),livetv)">Skin.SetString(pvrwidget,true)</onunload>
	<onunload>Skin.Reset(custommode)</onunload>
	<controls>
		<control type="multiimage">
			<include>HomeBG</include>
			<imagepath fallback="special://skin/backgrounds/extras/default.jpg" background="true">$VAR[value_menubg]</imagepath>
		</control>
		<control type="group">
			<!-- default group -->
			<include>Animation_Window</include>
			<control type="image">
				<!-- Fundo -->
				<left>450</left>
				<top>39</top>
				<width>1560</width>
				<height>45</height>
				<texture>shadow_h.png</texture>
				<colordiffuse>C3FFFFFF</colordiffuse>
			</control>
			<control type="image">
				<left>450</left>
				<top>82</top>
				<width>1560</width>
				<height>998</height>
				<texture>darkgrey.png</texture>
				<colordiffuse>$VAR[value_texturecolor]</colordiffuse>
				<animation effect="fade" end="85" condition="true">Conditional</animation>
			</control>
			<control type="label">
				<!-- Titulo customizacao -->
				<left>525</left>
				<top>98</top>
				<width>1290</width>
				<height>74</height>
				<align>left</align>
				<font>Font_32</font>
				<textcolor>FFFFFAF0</textcolor>
				<label>$VAR[value_customtitle]</label>
				<include>Animation_Fade</include>
			</control>
			<control type="group">
				<include>MenuCustom</include>  <!-- IncludesMenuCustom list 452 and buttons grouplist 450-->
				<visible>!Skin.HasSetting(submode)</visible>
			</control>
			<control type="image">
				<!-- Painel de info no rodape -->
				<left>450</left>
				<top>900</top>
				<height>3</height>
				<width>1080</width>
				<texture>separator.png</texture>
			</control>
			<control type="textbox">
				<left>525</left>
				<top>915</top>
				<width>945</width>
				<height>135</height>
				<label>$VAR[value_menuhelp]</label>
				<font>Font_18A</font>
				<align>justify</align>
				<aligny>top</aligny>
				<textcolor>FFFFFAF0</textcolor>
				<autoscroll delay="10000" time="3000" repeat="10000">!Skin.HasSetting(noallowscroll)</autoscroll>
			</control>
			<control type="grouplist">
				<!-- Weather icons non animation (custom_wxicons.multi false) -->
				<left>675</left>
				<top>915</top>
				<width>945</width>
				<height>135</height>
				<orientation>horizontal</orientation>
				<itemgap>0</itemgap>
				<scrolltime></scrolltime>
				<animation effect="fade" reversible="true" time="300">VisibleChange</animation>
				<visible>!Skin.HasSetting(custom_wxicons.multi) + [Control.HasFocus(127) | Control.HasFocus(130) | Control.HasFocus(131)]</visible>
				<control type="image">
					<!-- Icone do clima 1 -->
					<width>270</width>
					<height>135</height>
					<aspectratio aligny="top">keep</aspectratio>
					<texture background="true">$INFO[Window(home).Property(current_wxicon_path)]$INFO[Window(Weather).Property(Daily.1.OutlookIcon)]</texture>
				</control>
				<control type="image">
					<!-- Icone do clima 2 -->
					<width>270</width>
					<height>135</height>
					<aspectratio aligny="top">keep</aspectratio>
					<texture background="true">$INFO[Window(home).Property(current_wxicon_path)]$INFO[Window(Weather).Property(Daily.4.OutlookIcon)]</texture>
				</control>
				<control type="image">
					<!-- Icone do clima 3 -->
					<width>270</width>
					<height>135</height>
					<aspectratio aligny="top">keep</aspectratio>
					<texture background="true">$INFO[Window(home).Property(current_wxicon_path)]$INFO[Window(Weather).Property(Daily.7.OutlookIcon)]</texture>
				</control>
			</control>
			<control type="grouplist">
				<!-- Weather icons animation (custom_wxicons.multi true) -->
				<left>675</left>
				<top>915</top>
				<width>945</width>
				<height>135</height>
				<orientation>horizontal</orientation>
				<itemgap>0</itemgap>
				<scrolltime></scrolltime>
				<animation effect="fade" reversible="true" time="300">VisibleChange</animation>
				<visible>Skin.HasSetting(custom_wxicons.multi) + [Control.HasFocus(127) | Control.HasFocus(130) | Control.HasFocus(131)]</visible>
				<control type="multiimage">
					<!-- Icone animado 1 -->
					<width>270</width>
					<height>135</height>
					<aspectratio aligny="top">keep</aspectratio>
					<imagepath>$VAR[value_weathericons]$INFO[Window(Weather).Property(Daily.1.FanartCode)]/</imagepath>
					<timeperimage>175</timeperimage>
					<randomize>false</randomize>
					<fadetime>0</fadetime>
				</control>
				<control type="multiimage">
					<!-- Icone animado 2 -->
					<width>270</width>
					<height>135</height>
					<aspectratio aligny="top">keep</aspectratio>
					<imagepath>$VAR[value_weathericons]$INFO[Window(Weather).Property(Daily.4.FanartCode)]/</imagepath>
					<timeperimage>175</timeperimage>
					<randomize>false</randomize>
					<fadetime>0</fadetime>
				</control>
				<control type="multiimage">
					<!-- Icone animado 3 -->
					<width>270</width>
					<height>135</height>
					<aspectratio aligny="top">keep</aspectratio>
					<imagepath>$VAR[value_weathericons]$INFO[Window(Weather).Property(Daily.7.FanartCode)]/</imagepath>
					<timeperimage>175</timeperimage>
					<randomize>false</randomize>
					<fadetime>0</fadetime>
				</control>
			</control>
			<control type="group">
				<animation effect="slide" start="0,0" end="0,240" condition="Control.HasFocus(452)">Conditional</animation>
				<animation effect="slide" start="0,0" end="0,300" condition="Control.HasFocus(453)">Conditional</animation>
				<animation effect="slide" start="0,0" end="0,360" condition="Control.HasFocus(454)">Conditional</animation>
				<animation effect="slide" start="0,0" end="0,420" condition="Control.HasFocus(455)">Conditional</animation>
				<animation effect="slide" start="0,0" end="0,180" condition="Control.HasFocus(456)">Conditional</animation>
				<animation effect="slide" start="0,0" end="0,240" condition="Control.HasFocus(457)">Conditional</animation>
				<visible>Control.HasFocus(452) | Control.HasFocus(453) | Control.HasFocus(454) | Control.HasFocus(455) | Control.HasFocus(456) | Control.HasFocus(457)</visible>
				<control type="image">
					<left>450</left>
					<top>0</top>
					<width>1080</width>
					<height>60</height>
					<texture>settings_button_focus.png</texture>
					<colordiffuse>50FFFFFF</colordiffuse>
				</control>
				<control type="image">
					<left>1500</left>
					<top>0</top>
					<width>30</width>
					<height>60</height>
					<texture flipx="true">arrow_settings.png</texture>
					<colordiffuse>E4101010</colordiffuse>
					<include>Animation_Fade</include>
					<animation effect="fade" start="20" end="80" time="700" condition="true" pulse="true">Conditional</animation>
				</control>
			</control>
			<control type="image">
				<left>1530</left>
				<top>82</top>
				<width>3</width>
				<height>998</height>
				<texture>separator_v.png</texture>
			</control>
			<control type="image">
				<!-- Menu principal -->
				<left>450</left>
				<top>0</top>
				<width>45</width>
				<height>1080</height>
				<texture>shadow.png</texture>
				<colordiffuse>C3FFFFFF</colordiffuse>
			</control>
			<control type="image">
				<left>0</left>
				<top>0</top>
				<width>450</width>
				<height>1080</height>
				<texture>settings_button_focus.png</texture>
			</control>
			<control type="image">
				<left>447</left>
				<top>0</top>
				<width>3</width>
				<height>1080</height>
				<texture>separator_v.png</texture>
			</control>
			<control type="button" id="5200">
				<!-- Somente para tela de toque -->
				<left>0</left>
				<top>1035</top>
				<width>225</width>
				<height>44</height>
				<onleft>9000</onleft>
				<onright>9000</onright>
				<onup>9000</onup>
				<ondown>9000</ondown>
				<onclick condition="![Control.HasFocus(510) | Control.HasFocus(5100)]">Skin.SetBool(submode)</onclick>
				<onclick condition="![Control.HasFocus(510) | Control.HasFocus(5100)]">ActivateWindow($VAR[Sub_GoTo])</onclick>
				<align>left</align>
				<font>Font_15</font>
				<textwidth>225</textwidth>
				<textcolor>FF101010</textcolor>
				<focusedcolor>FFFFFAF0</focusedcolor>
				<label>$VAR[value_label1]</label>
				<texturefocus diffuse="gradient_button.png">settings_button.png</texturefocus>
				<texturenofocus></texturenofocus>
				<colordiffuse>F9FFFFFF</colordiffuse>
				<visible>!Skin.HasSetting(submode)</visible>
			</control>
			<control type="image">
				<left>30</left>
				<top>1040</top>
				<width>33</width>
				<height>33</height>
				<texture>$VAR[value_arrow1]</texture>
				<colordiffuse>$VAR[value_arrow1_color]</colordiffuse>
				<include>Animation_Fade</include>
			</control>
			<control type="group">
				<animation effect="slide" start="0,0" end="-450,0" time="300" easing="out" tween="cubic" condition="Skin.HasSetting(submode)">Conditional</animation>
				<!-- List of main menu items with current assignment  left click opens the appropriate CustomSub window -->
				<control type="list" id="9000">
					<viewtype>list</viewtype>
					<left>0</left>
					<top>82</top>
					<width>450</width>
					<height>900</height>
					<onleft condition="![String.IsEqual(Container(9000).ListItem.Property(id),virtual) | String.IsEmpty(Container(9000).ListItem.Property(id))]">Skin.SetBool(submode)</onleft>
					<onleft condition="![String.IsEqual(Container(9000).ListItem.Property(id),virtual) | String.IsEmpty(Container(9000).ListItem.Property(id))]">ActivateWindow($VAR[Sub_GoTo])</onleft> 
					<onright>5000</onright>
					<orientation>vertical</orientation>
					<scrolltime>450</scrolltime>
					<preloaditems>2</preloaditems>
					<focusposition>0</focusposition>
					<itemlayout width="450" height="60">
						<control type="image">
							<!-- azul -->
							<left>0</left>
							<top>0</top>
							<width>447</width>
							<height>60</height>
							<texture>grey.png</texture>
							<colordiffuse>40007399</colordiffuse>
							<visible>![String.IsEmpty(ListItem.Property(id)) | !String.IsEmpty(ListItem.Property(condition))]</visible>
						</control>
						<control type="image">
							<!-- vermelho -->
							<left>0</left>
							<top>0</top>
							<width>447</width>
							<height>60</height>
							<texture>grey.png</texture>
							<colordiffuse>50B20000</colordiffuse>
							<visible>[String.IsEmpty(ListItem.Property(id)) | !String.IsEmpty(ListItem.Property(condition))]</visible>
						</control>
						<control type="image">
							<!-- amarelo -->
							<left>0</left>
							<top>0</top>
							<width>447</width>
							<height>60</height>
							<texture>grey.png</texture>
							<colordiffuse>50C4941D</colordiffuse>
							<visible>String.IsEmpty(ListItem.Property(id))</visible>
						</control>
						<control type="image">
							<!-- verde -->
							<left>0</left>
							<top>0</top>
							<width>447</width>
							<height>60</height>
							<texture>grey.png</texture>
							<colordiffuse>504C9900</colordiffuse>
							<visible>String.IsEqual(ListItem.Property(id),virtual)</visible>
						</control>
						<control type="image">
							<left>0</left>
							<top>0</top>
							<width>447</width>
							<height>4</height>
							<texture>divider.png</texture>
							<colordiffuse>90FFFFFF</colordiffuse>
						</control>
						<control type="label">
							<left>30</left>
							<top>0</top>
							<width>390</width>
							<height>60</height>
							<font>Font_24</font>
							<label>$INFO[ListItem.Label]</label>
							<align>left</align>
							<aligny>center</aligny>
							<textcolor>FF101010</textcolor>
						</control>
					</itemlayout>
					<focusedlayout width="450" height="60">
						<control type="image">
							<!-- azul -->
							<left>0</left>
							<top>0</top>
							<width>447</width>
							<height>60</height>
							<texture>grey.png</texture>
							<colordiffuse>FF007399</colordiffuse>
							<animation effect="fade" start="100" end="50" time="0" condition="!Control.Hasfocus(9000)">conditional</animation>
							<visible>![String.IsEmpty(ListItem.Property(id)) | !String.IsEmpty(ListItem.Property(condition))]</visible>
						</control>
						<control type="image">
							<!-- vermelho -->
							<left>0</left>
							<top>0</top>
							<width>447</width>
							<height>60</height>
							<texture>grey.png</texture>
							<colordiffuse>FFB20000</colordiffuse>
							<animation effect="fade" start="100" end="50" time="0" condition="!Control.Hasfocus(9000)">conditional</animation>
							<visible>[String.IsEmpty(ListItem.Property(id)) | !String.IsEmpty(ListItem.Property(condition))]</visible>
						</control>
						<control type="image">
							<!-- amarelo -->
							<left>0</left>
							<top>0</top>
							<width>447</width>
							<height>60</height>
							<texture>grey.png</texture>
							<colordiffuse>FFC4941D</colordiffuse>
							<animation effect="fade" start="100" end="50" time="0" condition="!Control.Hasfocus(9000)">conditional</animation>
							<visible>String.IsEmpty(ListItem.Property(id))</visible>
						</control>
						<control type="image">
							<!-- verde -->
							<left>0</left>
							<top>0</top>
							<width>447</width>
							<height>60</height>
							<texture>grey.png</texture>
							<colordiffuse>FF4C9900</colordiffuse>
							<animation effect="fade" start="100" end="50" time="0" condition="!Control.Hasfocus(9000)">conditional</animation>
							<visible>String.IsEqual(ListItem.Property(id),virtual)</visible>
						</control>
						<control type="label">
							<left>30</left>
							<top>0</top>
							<width>390</width>
							<height>60</height>
							<font>Font_24</font>
							<label>$INFO[ListItem.Label]</label>
							<align>left</align>
							<aligny>center</aligny>
							<textcolor>FFFFFAF0</textcolor>
							<animation effect="fade" start="100" end="50" time="0" condition="!Control.Hasfocus(9000)">conditional</animation>
						</control>
					</focusedlayout>
					<content>
						<include>Menu_Content</include> <!-- IncludesMainMenu -->
					</content>
				</control>
				<include>Glass</include>
			</control>
			<control type="group">  <!-- Top bar of color keys for menu item status custom menu -->
				<include>Animation_TopPopup</include>
				<visible>![Window.IsVisible(volumebar) | Window.IsVisible(notification) | Window.IsVisible(extendedprogressdialog) | Control.HasFocus(80) | Control.HasFocus(452)]</visible>
				<!-- 151 was 614 extendedprogress -->
				<control type="image">
					<left>15</left>
					<top>45</top>
					<width>60</width>
					<height>28</height>
					<texture>arrow_settings_down.png</texture>
					<colordiffuse>80101010</colordiffuse>
				</control>
				<include>Dialogs_Bar</include>
				<control type="image">
					<!-- ativado azul -->
					<left>15</left>
					<top>8</top>
					<width>60</width>
					<height>28</height>
					<aspectratio>stretch</aspectratio>
					<texture>grey.png</texture>
					<colordiffuse>FF007399</colordiffuse>
				</control>
				<control type="label">
					<left>90</left>
					<top>6</top>
					<width>279</width>
					<align>left</align>
					<font>Font_18A</font>
					<textcolor>FFFFFAF0</textcolor>
					<label>31426</label>
					<scroll>true</scroll>
					<scrollout>false</scrollout>
				</control>
				<control type="image">
					<!-- desativado vermelho -->
					<left>399</left>
					<top>8</top>
					<width>60</width>
					<height>28</height>
					<aspectratio>stretch</aspectratio>
					<texture>grey.png</texture>
					<colordiffuse>FFB20000</colordiffuse>
				</control>
				<control type="label">
					<left>474</left>
					<top>6</top>
					<width>375</width>
					<align>left</align>
					<font>Font_18A</font>
					<textcolor>FFFFFAF0</textcolor>
					<label>31427</label>
					<scroll>true</scroll>
					<scrollout>false</scrollout>
				</control>
				<control type="image">
					<!-- nao usado amarelo -->
					<left>783</left>
					<top>8</top>
					<width>60</width>
					<height>28</height>
					<aspectratio>stretch</aspectratio>
					<texture>grey.png</texture>
					<colordiffuse>FFC4941D</colordiffuse>
				</control>
				<control type="label">
					<left>858</left>
					<top>6</top>
					<width>375</width>
					<align>left</align>
					<font>Font_18A</font>
					<textcolor>FFFFFAF0</textcolor>
					<label>31080</label>
					<scroll>true</scroll>
					<scrollout>false</scrollout>
				</control>
				<control type="image">
					<!-- item virtual -->
					<left>1167</left>
					<top>8</top>
					<width>60</width>
					<height>28</height>
					<aspectratio>stretch</aspectratio>
					<texture>grey.png</texture>
					<colordiffuse>FF4C9900</colordiffuse>
				</control>
				<control type="label">
					<left>1257</left>
					<top>6</top>
					<width>375</width>
					<align>left</align>
					<font>Font_18A</font>
					<textcolor>FFFFFAF0</textcolor>
					<label>31085</label>
					<scroll>true</scroll>
					<scrollout>false</scrollout>
				</control>
			</control>
			<control type="group">  <!-- Top bar of color keys for available menu items list 452 custom menu -->
				<top>-8</top>
				<include>Animation_TopPopup</include>
				<visible>![Window.IsVisible(volumebar) | Window.IsVisible(notification) | Window.IsVisible(extendedprogressdialog)] + [Control.HasFocus(80) | Control.HasFocus(452)]</visible>
				<!-- 151 was 614 extendedprogress -->
				<control type="image">
					<left>1845</left>
					<top>90</top>
					<width>60</width>
					<height>28</height>
					<texture>arrow_settings_down.png</texture>
					<colordiffuse>80101010</colordiffuse>
				</control>
				<include>Dialogs_DoubleBar</include>
				<control type="image">
					<!-- salmao - custom -->
					<left>15</left>
					<top>15</top>
					<width>60</width>
					<height>28</height>
					<aspectratio>stretch</aspectratio>
					<texture>grey.png</texture>
					<colordiffuse>FFE9967A</colordiffuse>
				</control>
				<control type="label">
					<left>90</left>
					<top>14</top>
					<width>195</width>
					<align>left</align>
					<font>Font_18A</font>
					<textcolor>FFFFFAF0</textcolor>
					<label>31081</label>
					<scroll>true</scroll>
					<scrollout>false</scrollout>
				</control>
				<control type="image">
					<!-- roxo claro - filmes -->
					<left>339</left>
					<top>15</top>
					<width>60</width>
					<height>28</height>
					<aspectratio>stretch</aspectratio>
					<texture>grey.png</texture>
					<colordiffuse>FF9370DB</colordiffuse>
				</control>
				<control type="label">
					<left>414</left>
					<top>14</top>
					<width>375</width>
					<align>left</align>
					<font>Font_18A</font>
					<textcolor>FFFFFAF0</textcolor>
					<label>$LOCALIZE[342]</label>
					<scroll>true</scroll>
					<scrollout>false</scrollout>
				</control>
				<control type="image">
					<!-- agua - seriados -->
					<left>663</left>
					<top>15</top>
					<width>60</width>
					<height>28</height>
					<aspectratio>stretch</aspectratio>
					<texture>grey.png</texture>
					<colordiffuse>FF7FFFD4</colordiffuse>
				</control>
				<control type="label">
					<left>738</left>
					<top>14</top>
					<width>375</width>
					<align>left</align>
					<font>Font_18A</font>
					<textcolor>FFFFFAF0</textcolor>
					<label>$LOCALIZE[20343]</label>
					<scroll>true</scroll>
					<scrollout>false</scrollout>
				</control>
				<control type="image">
					<!-- bege - concertos -->
					<left>987</left>
					<top>15</top>
					<width>60</width>
					<height>28</height>
					<aspectratio>stretch</aspectratio>
					<texture>grey.png</texture>
					<colordiffuse>FFFFE4C4</colordiffuse>
				</control>
				<control type="label">
					<left>1062</left>
					<top>14</top>
					<width>375</width>
					<align>left</align>
					<font>Font_18A</font>
					<textcolor>FFFFFAF0</textcolor>
					<label>31086</label>
					<scroll>true</scroll>
					<scrollout>false</scrollout>
				</control>
				<control type="image">
					<!-- violeta - musica -->
					<left>1311</left>
					<top>15</top>
					<width>60</width>
					<height>28</height>
					<aspectratio>stretch</aspectratio>
					<texture>grey.png</texture>
					<colordiffuse>FF8A2BE2</colordiffuse>
				</control>
				<control type="label">
					<left>1386</left>
					<top>14</top>
					<width>375</width>
					<align>left</align>
					<font>Font_18A</font>
					<textcolor>FFFFFAF0</textcolor>
					<label>$LOCALIZE[2]</label>
					<scroll>true</scroll>
					<scrollout>false</scrollout>
				</control>
				<control type="image">
					<!-- azul escuro - TV -->
					<left>1635</left>
					<top>15</top>
					<width>60</width>
					<height>28</height>
					<aspectratio>stretch</aspectratio>
					<texture>grey.png</texture>
					<colordiffuse>FF5F9EA0</colordiffuse>
				</control>
				<control type="label">
					<left>1710</left>
					<top>14</top>
					<width>375</width>
					<align>left</align>
					<font>Font_18A</font>
					<textcolor>FFFFFAF0</textcolor>
					<label>[UPPERCASE]$LOCALIZE[31146][/UPPERCASE]/$LOCALIZE[19021]</label>
					<scroll>true</scroll>
					<scrollout>false</scrollout>
				</control>
				<control type="image">
					<!-- chocolate - varios -->
					<left>15</left>
					<top>51</top>
					<width>60</width>
					<height>28</height>
					<aspectratio>stretch</aspectratio>
					<texture>grey.png</texture>
					<colordiffuse>FFD2691E</colordiffuse>
				</control>
				<control type="label">
					<left>90</left>
					<top>50</top>
					<width>195</width>
					<align>left</align>
					<font>Font_18A</font>
					<textcolor>FFFFFAF0</textcolor>
					<label>31147</label>
					<scroll>true</scroll>
					<scrollout>false</scrollout>
				</control>
				<control type="image">
					<!-- vermelho escuro - clima -->
					<left>339</left>
					<top>51</top>
					<width>60</width>
					<height>28</height>
					<aspectratio>stretch</aspectratio>
					<texture>grey.png</texture>
					<colordiffuse>FFDC143C</colordiffuse>
				</control>
				<control type="label">
					<left>414</left>
					<top>50</top>
					<width>375</width>
					<align>left</align>
					<font>Font_18A</font>
					<textcolor>FFFFFAF0</textcolor>
					<label>$LOCALIZE[8]</label>
					<scroll>true</scroll>
					<scrollout>false</scrollout>
				</control>
				<control type="image">
					<!-- ciano - ajustes -->
					<left>663</left>
					<top>51</top>
					<width>60</width>
					<height>28</height>
					<aspectratio>stretch</aspectratio>
					<texture>grey.png</texture>
					<colordiffuse>FF00FFFF</colordiffuse>
				</control>
				<control type="label">
					<left>738</left>
					<top>50</top>
					<width>375</width>
					<align>left</align>
					<font>Font_18A</font>
					<textcolor>FFFFFAF0</textcolor>
					<label>31445</label>
					<scroll>true</scroll>
					<scrollout>false</scrollout>
				</control>
				<control type="image">
					<!-- dourado - desligamento -->
					<left>987</left>
					<top>51</top>
					<width>60</width>
					<height>28</height>
					<aspectratio>stretch</aspectratio>
					<texture>grey.png</texture>
					<colordiffuse>FFB8860B</colordiffuse>
				</control>
				<control type="label">
					<left>1062</left>
					<top>50</top>
					<width>375</width>
					<align>left</align>
					<font>Font_18A</font>
					<textcolor>FFFFFAF0</textcolor>
					<label>31145</label>
					<scroll>true</scroll>
					<scrollout>false</scrollout>
				</control>
				<control type="image">
					<!-- verde - video -->
					<left>1311</left>
					<top>51</top>
					<width>60</width>
					<height>28</height>
					<aspectratio>stretch</aspectratio>
					<texture>grey.png</texture>
					<colordiffuse>FF008000</colordiffuse>
				</control>
				<control type="label">
					<left>1386</left>
					<top>50</top>
					<width>375</width>
					<align>left</align>
					<font>Font_18A</font>
					<textcolor>FFFFFAF0</textcolor>
					<label>31148</label>
					<scroll>true</scroll>
					<scrollout>false</scrollout>
				</control>
			</control>
			<control type="image">
				<left>0</left>
				<top>0</top>
				<width>1920</width>
				<height>1080</height>
				<texture>black.png</texture>
				<colordiffuse>C3FFFFFF</colordiffuse>
				<include>Animation_Fade</include>
				<visible>!Skin.HasSetting(languagedone)</visible>
			</control>
			<control type="group">
				<visible>!Skin.HasSetting(languagedone)</visible>
				<include>Animation_DialogPopup</include>
				<control type="image">
					<left>165</left>
					<top>0</top>
					<width>45</width>
					<height>1080</height>
					<texture flipx="true">shadow.png</texture>
					<colordiffuse>C3FFFFFF</colordiffuse>
				</control>
				<control type="image">
					<left>1710</left>
					<top>0</top>
					<width>45</width>
					<height>1080</height>
					<texture>shadow.png</texture>
					<colordiffuse>C3FFFFFF</colordiffuse>
				</control>
				<control type="image">
					<left>210</left>
					<top>0</top>
					<width>1500</width>
					<height>1080</height>
					<texture>darkgrey.png</texture>
					<colordiffuse>$VAR[value_texturecolor]</colordiffuse>
					<include>Animation_DefaultGlass</include>
				</control>
				<control type="image">
					<left>210</left>
					<top>0</top>
					<width>1500</width>
					<height>120</height>
					<texture>black.png</texture>
					<colordiffuse>90FFFFFF</colordiffuse>
				</control>
				<control type="label">
					<left>322</left>
					<top>34</top>
					<width>1278</width>
					<height>45</height>
					<label>31157</label>
					<font>Font_32</font>
					<textcolor>FFFFFAF0</textcolor>
					<align>center</align>
					<aligny>center</aligny>
					<include>Animation_Fade</include>
				</control>
				<control type="textbox">
					<left>322</left>
					<top>150</top>
					<width>1278</width>
					<height>450</height>
					<label>31154</label>
					<font>Font_18A</font>
					<align>center</align>
					<aligny>top</aligny>
					<textcolor>FFFFFAF0</textcolor>
				</control>
				<control type="grouplist" id="9010">
					<left>210</left>
					<top>675</top>
					<width>1500</width>
					<height>900</height>
					<itemgap>0</itemgap>
					<onleft>9010</onleft>
					<onright>9010</onright>
					<onup>9010</onup>
					<ondown>9010</ondown>
					<control type="button" id="102">
						<!-- definir linguagem -->
						<textoffsetx>0</textoffsetx>
						<align>center</align>
						<label>31155</label>
						<onclick>ActivateWindowAndFocus(InterfaceSettings, -99,0, -80,0)</onclick>
						<!-- appearancesettings -->
					</control>
					<control type="button" id="101">
						<!-- confirmar e continuar -->
						<textoffsetx>0</textoffsetx>
						<align>center</align>
						<label>31156</label>
						<onclick>Skin.SetBool(languagedone)</onclick>
						<onclick>SetFocus(9000)</onclick>
					</control>
				</control>
			</control>
			<control type="image">
				<left>0</left>
				<top>1035</top>
				<width>1920</width>
				<height>45</height>
				<texture>shadow_h.png</texture>
			</control>
			<include>BGBlack</include>
		</control>
	</controls>
</window>
