<?xml version="1.0" encoding="UTF-8"?>
<!-- Aeon MQ 5 Helix 6.1.2 -->
<!-- Krypton 9.1.19/9.2.1 window IDs -->
<!-- Leia 10.4.0/10.6.0 -->
<!-- Matrix 11.1.1 -->
<!-- Nexus 12.6.0 -->
<window id="1107" type="dialog">
	<!-- was safe id 5600 -->
	<defaultcontrol>604</defaultcontrol>
	<controls>
		<!-- ######################################################################### Proximas faixas layout estilo default ######################################################################### -->
		<control type="group">
			<animation effect="slide" start="-1950,0" end="0,0" time="700" tween="sine" easing="inout" delay="1000">WindowOpen</animation>
			<animation effect="slide" start="-1950,0" end="0,0" time="700" tween="sine" easing="inout" delay="1000">Visible</animation>
			<animation effect="slide" start="0,0" end="-1950,0" time="400" tween="sine" easing="inout">WindowClose</animation>
			<animation effect="slide" start="0,0" end="-1950,0" time="400" tween="sine" easing="inout">Hidden</animation>
			<visible>![String.IsEmpty(MusicPlayer.offset(1).Artist) | Window.IsVisible(musicosd) | Window.IsVisible(visualisationpresetlist) | Skin.HasSetting(novisfurniture) | Skin.HasSetting(nonexttracks_on) | PVR.IsPlayingRadio] + String.IsEqual(skin.string(vis_layout),default)</visible>
			<control type="image">
				<left>0</left>
				<top>578</top>
				<width>1920</width>
				<height>45</height>
				<texture flipy="true">shadow_h.png</texture>
				<colordiffuse>C3FFFFFF</colordiffuse>
			</control>
			<control type="image">
				<!-- Fundo -->
				<left>0</left>
				<top>30</top>
				<width>1920</width>
				<height>600</height>
				<texture>details_back.png</texture>
				<colordiffuse>$VAR[value_texturecolor]</colordiffuse>
				<include>Animation_HomeGlass</include>
			</control>
			<control type="label">
				<left>60</left>
				<top>54</top>
				<width>618</width>
				<height>44</height>
				<font>Font_21A</font>
				<label>31325</label>
				<scroll>true</scroll>
				<scrollout>false</scrollout>
				<align>left</align>
				<aligny>center</aligny>
				<textcolor>FFFFFAF0</textcolor>
				<include>Animation_Widgets</include>
			</control>
			<control type="image">
				<left>45</left>
				<top>96</top>
				<width>618</width>
				<height>3</height>
				<align>left</align>
				<texture flipx="true">divider.png</texture>
			</control>
			<control type="button">
				<!-- Para Letras to lyrics -->
				<left>38</left>
				<top>519</top>
				<width>375</width>
				<height>30</height>
				<label>31723</label>
				<font>Font_18A</font>
				<align>left</align>
				<onclick>PreviousMenu</onclick>
				<textoffsetx>60</textoffsetx>
				<textcolor>80FFFAF0</textcolor>
				<focusedcolor>FFFFFAF0</focusedcolor>
				<texturefocus diffuse="gradient_button.png">settings_button_focus.png</texturefocus>
				<visible>!Skin.HasSetting(nolyrics_on) + !PVR.IsPlayingRadio</visible>
			</control>
			<control type="image">
				<left>60</left>
				<top>518</top>
				<width>30</width>
				<height>30</height>
				<texture>arrow_left.png</texture>
				<colordiffuse>80FFFAF0</colordiffuse>
				<include>Animation_Fade</include>
				<visible>!Skin.HasSetting(nolyrics_on) + !PVR.IsPlayingRadio</visible>
			</control>
			<control type="button">
				<!-- Para Menu OSD Menu -->
				<left>1500</left>>
				<top>519</top>
				<width>375</width>
				<height>30</height>
				<label>31238</label>
				<font>Font_18A</font>
				<align>right</align>
				<textoffsetx>60</textoffsetx>
				<onclick>ActivateWindow(musicosd)</onclick>
				<textcolor>80FFFAF0</textcolor>
				<focusedcolor>FFFFFAF0</focusedcolor>
				<texturefocus flipx="true" diffuse="gradient_button.png">settings_button_focus.png</texturefocus>
				<texturenofocus></texturenofocus>
			</control>
			<control type="image">
				<left>1830</left>
				<top>518</top>
				<width>30</width>
				<height>30</height>
				<texture flipx="true">arrow_left.png</texture>
				<colordiffuse>80FFFAF0</colordiffuse>
				<include>Animation_Fade</include>
			</control>
			<control type="panel" id="604">
				<left>60</left>
				<top>112</top>
				<width>1860</width>
				<height>360</height>
				<onup>604</onup>
				<ondown>604</ondown>
				<onleft condition="!Skin.HasSetting(nolyrics_on)">Close</onleft>
				<onright>ActivateWindow(120)</onright>
				<orientation>vertical</orientation>
				<pagecontrol></pagecontrol>
				<include>Animation_HomeFade</include>
				<visible>String.IsEqual(skin.string(vis_layout),default)</visible>
				<itemlayout width="600" height="45">
					<control type="image">
						<left>3</left>
						<top>3</top>
						<width>38</width>
						<height>38</height>
						<texture fallback="DefaultAudioCover.png" diffuse="thumb_poster_diffuse.png" background="true">$INFO[ListItem.Icon]</texture>
						<aspectratio align="center">stretch</aspectratio>
					</control>
					<control type="label">
						<right>21r</right>
						<top>4</top>
						<width>75</width>
						<height>27</height>
						<align>right</align>
						<font>Font_18A</font>
						<label>$INFO[ListItem.Label]</label>
						<textcolor>$VAR[value_headercolor]</textcolor>
					</control>
					<control type="label">
						<left>96</left>
						<top>4</top>
						<width>495</width>
						<height>27</height>
						<align>left</align>
						<font>Font_18A</font>
						<label>$INFO[ListItem.Label2]</label>
						<textcolor>B5FFFAF0</textcolor>
					</control>
				</itemlayout>
				<focusedlayout width="600" height="45">
					<control type="image">
						<left>0</left>
						<top>1</top>
						<width>618</width>
						<height>38</height>
						<texture>gradient_focus.png</texture>
						<colordiffuse>$VAR[value_headercolor]</colordiffuse>
					</control>
					<control type="image">
						<left>0</left>
						<top>42</top>
						<width>44</width>
						<height>3</height>
						<texture>grey.png</texture>
						<aspectratio>stretch</aspectratio>
						<animation type="Focus" reversible="false">
							<effect type="slide" start="0,-30" end="0,0" time="400" tween="back" easing="out" />
							<effect type="fade" start="80" end="100" time="400" />
						</animation>
					</control>
					<control type="image">
						<left>3</left>
						<top>3</top>
						<width>38</width>
						<height>38</height>
						<texture fallback="DefaultAudioCover.png" diffuse="thumb_poster_diffuse.png" background="true">$INFO[ListItem.Icon]</texture>
						<aspectratio align="center">stretch</aspectratio>
					</control>
					<control type="label">
						<right>21r</right>
						<top>4</top>
						<width>75</width>
						<height>27</height>
						<align>right</align>
						<font>Font_18A</font>
						<label>$INFO[ListItem.Label]</label>
						<textcolor>$VAR[value_headercolor]</textcolor>
					</control>
					<control type="label">
						<left>96</left>
						<top>4</top>
						<width>495</width>
						<height>27</height>
						<align>left</align>
						<font>Font_18A</font>
						<label>$INFO[ListItem.Label2]</label>
						<textcolor>FFFFFAF0</textcolor>
					</control>
				</focusedlayout>
				<include>NextTracksContent</include>
			</control>
		</control>
	</controls>
</window>
