<?xml version="1.0" encoding="utf-8"?>
<!-- Nexus 12.2.0 new window ID 2008/12.3.0 -->
<window>
	<defaultcontrol always="true">6</defaultcontrol>
	<controls>
		<control type="image">
			<include>WindowBG</include>
			<texture fallback="special://skin/backgrounds/settings.jpg" background="true">$INFO[skin.string(settings.bg)]</texture>
			<visible>![Player.HasVideo | Player.HasGame]</visible>
		</control>	
		<control type="group">			<!-- default group -->
			<include>Animation_Fade</include>
			<control type="group">				<!-- left group -->
				<animation effect="slide" start="-1200,0" end="0,0" time="700" tween="cubic" easing="out">WindowOpen</animation>
				<animation effect="slide" start="0,0" end="-1200,0" time="700" tween="cubic" easing="out">WindowClose</animation>
				<animation effect="slide" start="-1200,0" end="0,0" time="700" tween="cubic" easing="out">Visible</animation>
				<animation effect="fade" start="100" end="0" time="200">Hidden</animation>
				<control type="image">
					<left>0</left>
					<top>69</top>
					<width>1282</width>
					<height>45</height>
					<texture>shadow_h.png</texture>
					<colordiffuse>C3FFFFFF</colordiffuse>
				</control>
				<control type="image">
					<left>1282</left>
					<top>112</top>
					<width>45</width>
					<height>968</height>
					<texture>shadow.png</texture>
					<colordiffuse>C3FFFFFF</colordiffuse>
				</control>
				<control type="image">
					<left>0</left>
					<top>112</top>
					<width>1282</width>
					<height>968</height>
					<texture>black.png</texture>
					<colordiffuse>90FFFFFF</colordiffuse>
				</control>
				<control type="image">
					<left>0</left>
					<top>112</top>
					<width>1282</width>
					<height>90</height>
					<texture>black.png</texture>
					<colordiffuse>70FFFFFF</colordiffuse>
				</control>
				<control type="label" id="1">
					<!-- header label -->
					<left>68</left>
					<top>136</top>
					<width>1156</width>
					<height>34</height>
					<font>Font_23</font>
					<textcolor>FFFFFAF0</textcolor>
				</control>
				<control type="panel" id="6">	<!-- Color List -->
					<viewtype label="100">icon</viewtype>
					<left>52</left>
					<top>237</top>
					<width>1282</width>
					<height>680</height>
					<pagecontrol>61</pagecontrol>
					<onleft>7</onleft>
					<onright>61</onright>
					<onup>6</onup>
					<ondown>6</ondown>
					<orientation>vertical</orientation>
					<scrolltime>450</scrolltime>
					<animation effect="fade" start="100" end="50" time="200" condition="!Control.HasFocus(6)">Conditional</animation>
					<itemlayout height="98" width="147">
						<control type="image">
							<left>0</left>
							<top>0</top>
							<width>135</width>
							<height>62</height>
							<texture border="0">settings_button_large_white.png</texture>
							<colordiffuse>$INFO[ListItem.Label2]</colordiffuse>
							<aspectratio>stretch</aspectratio>
						</control>
<!-- 							<control type="label">
							<left>68</left>
							<top>62</top>
							<height>24</height>
							<width>1140</width>
							<font>Font_18A</font>
							<align>left</align>
							<aligny>center</aligny>
							<include>subcolor</include>
							<label>$INFO[ListItem.Label2]</label>
							<visible>String.IsEmpty(ListItem.AddonCreator)+ String.IsEmpty(ListItem.Property(extension))</visible>
						</control>
						<control type="label">
							<left>68</left>
							<top>62</top>
							<height>24</height>
							<width>1140</width>
							<font>Font_18A</font>
							<align>left</align>
							<aligny>center</aligny>
							<include>subcolor</include>
							<label>[COLOR=$VAR[value_headercolor]]$LOCALIZE[24051][/COLOR] $INFO[ListItem.AddonVersion] - [COLOR=$VAR[value_headercolor]]$LOCALIZE[21863]:[/COLOR] $INFO[ListItem.AddonCreator] - [COLOR=$VAR[value_headercolor]]$LOCALIZE[20037]:[/COLOR] $INFO[ListItem.Label2]</label>
							<visible>!String.IsEmpty(ListItem.AddonCreator) + String.IsEmpty(ListItem.Property(extension))</visible>
						</control>
						<control type="label">
							<left>68</left>
							<top>62</top>
							<height>24</height>
							<width>1140</width>
							<font>Font_18A</font>
							<align>left</align>
							<aligny>center</aligny>
							<include>subcolor</include>
							<label>[COLOR=$VAR[value_headercolor]]$LOCALIZE[21863]:[/COLOR] $INFO[ListItem.AddonCreator] - [COLOR=$VAR[value_headercolor]]$LOCALIZE[560]:[/COLOR] $INFO[ListItem.label2]</label>
							<visible>!String.IsEmpty(ListItem.Property(extension)) + !String.IsEmpty(ListItem.Label2)</visible>
						</control> -->
					</itemlayout>
					<focusedlayout height="98">
						<!-- <control type="image">
							<left>0</left>
							<top>0</top>
							<width>1282</width>
							<height>98</height>
							<texture>settings_button_focus.png</texture>
							<animation effect="fade" start="100" end="50" time="0" condition="!Control.Hasfocus(6)">conditional</animation>
						</control> -->
						<control type="image">
							<left>0</left>
							<top>0</top>
							<width>135</width>
							<height>62</height>
							<texture border="0">settings_button_large_white.png</texture>
							<animation effect="zoom" time="200" tween="sine" easing="inout" start="100" end="124" center="auto">Focus</animation>
							<animation effect="fade" start="100" end="50" time="0" condition="!Control.Hasfocus(6)">conditional</animation>
							<colordiffuse>$INFO[ListItem.Label2]</colordiffuse>
							<aspectratio>stretch</aspectratio>
						</control>
						<!-- <control type="label">
							<left>68</left>
							<top>0</top>
							<width>1140</width>
							<height>62</height>
							<font>Font_23</font>
							<aligny>center</aligny>
							<include>listcolorfocus</include>
							<label>$INFO[ListItem.Label]</label>
						</control>
						<control type="label">
							<left>68</left>
							<top>62</top>
							<width>1140</width>
							<height>24</height>
							<font>Font_18A</font>
							<align>left</align>
							<aligny>center</aligny>
							<include>subcolorfocus</include>
							<label>$INFO[ListItem.Label2]</label>
							<visible>String.IsEmpty(ListItem.AddonCreator)+ String.IsEmpty(ListItem.Property(extension))</visible>
						</control>
						<control type="label">
							<left>68</left>
							<top>62</top>
							<width>1140</width>
							<height>24</height>
							<font>Font_18A</font>
							<align>left</align>
							<aligny>center</aligny>
							<include>subcolorfocus</include>
							<label>[COLOR=$VAR[value_headercolorfocus]]$LOCALIZE[24051][/COLOR] $INFO[ListItem.AddonVersion] - [COLOR=$VAR[value_headercolorfocus]]$LOCALIZE[21863]:[/COLOR] $INFO[ListItem.AddonCreator] - [COLOR=$VAR[value_headercolorfocus]]$LOCALIZE[20037]:[/COLOR] $INFO[ListItem.Label2]</label>
							<visible>!String.IsEmpty(ListItem.AddonCreator) + String.IsEmpty(ListItem.Property(extension))</visible>
						</control>
						<control type="label">
							<left>68</left>
							<top>62</top>
							<height>24</height>
							<width>1140</width>
							<font>Font_18A</font>
							<align>left</align>
							<aligny>center</aligny>
							<include>subcolor</include>
							<label>[COLOR=$VAR[value_headercolor]]$LOCALIZE[21863]:[/COLOR] $INFO[ListItem.AddonCreator] - [COLOR=$VAR[value_headercolor]]$LOCALIZE[560]:[/COLOR] $INFO[ListItem.label2]</label>
							<visible>!String.IsEmpty(ListItem.Property(extension)) + !String.IsEmpty(ListItem.Label2)</visible>
						</control> -->
					</focusedlayout>
				</control>
				<control type="scrollbar" id="61">
					<include>ScrollBar_Vertical</include>
					<left>1252</left>
					<top>237</top>
					<height>705</height>
					<onleft>6</onleft>
					<onright>7</onright>
					<ondown>61</ondown>
					<onup>61</onup>
					<visible allowhiddenfocus="true">Control.HasFocus(61) | Control.HasFocus(6)</visible>
				</control>
			</control>
			<control type="group">
				<control type="label">
					<left>52</left>
					<top>945</top>
					<width>880</width>
					<height>52</height>
					<align>left</align>
					<aligny>center</aligny>
					<label>[COLOR=$VAR[value_headercolor]]$LOCALIZE[737]: [/COLOR]$INFO[ListItem.Label,, - ]$INFO[ListItem.Label2,#,]</label>
				</control>
				<control type="button" id="7">
					<description>Cancel Button</description>
					<left>935</left>
					<top>945</top>
					<width>315</width>
					<height>52</height>
					<label>222</label>
					<texturenofocus></texturenofocus>
					<texturefocus></texturefocus>
					<textcolor>FF505050</textcolor>
					<focusedcolor>FFFFFFFF</focusedcolor>
					<font>Font_18</font>
					<align>right</align>
					<aligny>center</aligny>
					<onleft>6</onleft>
					<onright>6</onright>
					<onup>6</onup>
					<ondown>6</ondown>
				</control>
			</control>
		</control>
	</controls>
</window>
