<?xml version="1.0" encoding="utf-8"?>
<!-- Aeon MQ 5 Helix 6.1.1/6.1.3 Isengard 7.1.8 -->
<!-- Leia 10.3.0 -->
<!-- Matrix 11.1.1 -->
<window>
	<defaultcontrol always="true">6</defaultcontrol>
	<coordinates>
		<system>1</system>
	</coordinates>
	<controls>
		<control type="group">  <!-- main group -->
			<visible>!Window.IsVisible(FileBrowser)</visible>
			<include>Animation_DialogPopup</include>
			<control type="image">
				<left>165</left>
				<top>0</top>
				<width>45</width>
				<height>1080</height>
				<texture flipx="true">shadow.png</texture>
				<colordiffuse>C3FFFFFF</colordiffuse>
			</control>
			<control type="image">
				<left>1710</left>
				<top>0</top>
				<width>45</width>
				<height>1080</height>
				<texture>shadow.png</texture>
				<colordiffuse>C3FFFFFF</colordiffuse>
			</control>
			<control type="image">
				<left>210</left>
				<top>0</top>
				<width>1500</width>
				<height>1080</height>
				<texture>darkgrey.png</texture>
				<colordiffuse>$VAR[value_texturecolor]</colordiffuse>
				<animation effect="fade" end="85" condition="true">Conditional</animation>
			</control>
			<control type="image">
				<left>210</left>
				<top>0</top>
				<width>1500</width>
				<height>120</height>
				<texture>black.png</texture>
				<colordiffuse>E0FFFFFFF</colordiffuse>
			</control>
			<control type="label">
				<description>header label Group management</description>
				<left>322</left>
				<top>34</top>
				<width>1278</width>
				<height>45</height>
				<label>$LOCALIZE[19143]</label>
				<font>Font_32</font>
				<textcolor>FFFFFAF0</textcolor>
				<align>center</align>
				<aligny>center</aligny>
				<include>Animation_Fade</include>
			</control>
			<control type="group">
				<description>Chan Group list</description>
				<left>245</left>
				<top>105</top>
				<control type="label">
					<description>name label Avail Groups</description>
					<left>0</left>
					<top>0</top>
					<height>45</height>
					<width>400</width>
					<font>Font_18</font>
					<align>left</align>
					<aligny>center</aligny>
					<scroll>true</scroll>
					<textcolor>$VAR[value_headercolor]</textcolor>
					<label>$LOCALIZE[31996]</label>
				</control>
				<control type="list" id="13">  <!-- list of groups -->
					<left>0</left>
					<top>75</top>
					<width>375</width>
					<height>525</height>
					<onleft>73</onleft>
					<onup>13</onup>
					<ondown>9002</ondown>
					<onright>71</onright>
					<pagecontrol>73</pagecontrol>
					<scrolltime>200</scrolltime>
					<itemgap>0</itemgap>
					<itemlayout height="45" width="375">
						<control type="label">
							<left>15</left>
							<top>0</top>
							<textoffsetx>0</textoffsetx>  <!-- override PVRSearchButton -->
							<include>PVRSearchButton</include>
							<align>left</align>
							<info>ListItem.Label</info>
						</control>
					</itemlayout>
					<focusedlayout height="45" width="375">
						<control type="image">
							<left>0</left>
							<top>0</top>
							<width>375</width>
							<height>45</height>
							<texture>settings_button_focus.png</texture>
							<visible>Control.HasFocus(13)</visible>
							<animation effect="fade" start="100" end="50" time="50" condition="!Control.Hasfocus(20)">conditional</animation>
						</control>
						<control type="label">
							<left>15</left>
							<top>0</top>
							<textoffsetx>0</textoffsetx>  <!-- override PVRSearchButton -->
							<include>PVRSearchButton</include>
							<info>ListItem.Label</info>
						</control>
					</focusedlayout>
				</control>
				<control type="scrollbar" id="73">
					<include>ScrollBar_Vertical</include>
					<left>0</left>
					<top>75</top>
					<height>525</height>
					<onleft>9002</onleft>
					<onright>13</onright>
					<ondown>73</ondown>
					<onup>73</onup>
				</control>
			</control>
			<control type="group">
				<description>Hidden/Ungrouped Channels list</description>
				<left>645</left>
				<top>105</top>
				<control type="label" id="21">
					<description>name label</description>
					<left>30</left>
					<top>0</top>
					<height>45</height>
					<font>Font_18</font>
					<align>left</align>
					<aligny>center</aligny>
					<scroll>true</scroll>
					<textcolor>$VAR[value_headercolor]</textcolor>
				</control>
				<control type="list" id="11">
					<left>-20</left>
					<top>75</top>
					<width>440</width>
					<height>525</height>
					<onup>11</onup>
					<ondown>11</ondown>
					<onleft>71</onleft>
					<onright>72</onright>
					<pagecontrol>71</pagecontrol>
					<scrolltime>200</scrolltime>
					<itemgap>0</itemgap>
					<itemlayout height="45" width="440">
						<control type="image">
							<left>45</left>
							<top>3</top>
							<width>78</width>
							<height>39</height>
							<aspectratio>keep</aspectratio>
							<texture fallback="DefaultVideoCover.png" background="true">$INFO[ListItem.Icon]</texture>
						</control>
						<control type="label">
							<left>137</left>
							<top>0</top>
							<width>440</width>
							<height>45</height>
							<font>Font_18</font>
							<align>left</align>
							<aligny>center</aligny>
							<textcolor>FFFFFAF0</textcolor>
							<selectedcolor>$VAR[value_headercolor]</selectedcolor>
							<label>$INFO[ListItem.Property(Number),, - ]$INFO[ListItem.ChannelName]</label>
						</control>
					</itemlayout>
					<focusedlayout height="45" width="440">
						<control type="image">
							<left>40</left>
							<top>0</top>
							<width>400</width>
							<height>45</height>
							<texture>settings_button_focus.png</texture>
							<visible>Control.HasFocus(11)</visible>
							<animation effect="fade" start="100" end="50" time="50" condition="!Control.Hasfocus(20)">conditional</animation>
						</control>
						<control type="image">
							<left>45</left>
							<top>0</top>
							<width>88</width>
							<height>45</height>
							<texture>black.png</texture>
							<visible>Control.HasFocus(11)</visible>
							<animation effect="fade" end="70" condition="true">Conditional</animation>
						</control>
						<control type="image">
							<left>50</left>
							<top>3</top>
							<width>78</width>
							<height>39</height>
							<aspectratio>keep</aspectratio>
							<texture fallback="DefaultVideoCover.png" background="true">$INFO[ListItem.Icon]</texture>
						</control>
						<control type="label">
							<left>137</left>
							<top>0</top>
							<width>400</width>
							<height>45</height>
							<font>Font_18</font>
							<align>left</align>
							<aligny>center</aligny>
							<textcolor>FF101010</textcolor>
							<selectedcolor>$VAR[value_headercolor]</selectedcolor>
							<label>$INFO[ListItem.Property(Number),, - ]$INFO[ListItem.ChannelName]</label>
							<visible>Control.HasFocus(11)</visible>
						</control>
						<control type="label">
							<left>137</left>
							<top>0</top>
							<width>400</width>
							<height>45</height>
							<font>Font_18</font>
							<align>left</align>
							<aligny>center</aligny>
							<textcolor>FFFFFAF0</textcolor>
							<selectedcolor>$VAR[value_headercolor]</selectedcolor>
							<label>$INFO[ListItem.Property(Number),, - ]$INFO[ListItem.ChannelName]</label>
							<visible>!Control.HasFocus(11)</visible>
						</control>
					</focusedlayout>
				</control>
				<control type="scrollbar" id="71">
					<include>ScrollBar_Vertical</include>
					<left>-20</left>
					<top>75</top>
					<height>525</height>
					<onleft>13</onleft>
					<onright>11</onright>
					<ondown>71</ondown>
					<onup>71</onup>
				</control>
			</control>
			<control type="group">
				<description>Grouped Channels list</description>
				<left>1095</left>
				<top>105</top>
				<control type="label" id="22">
					<description>name label</description>
					<left>0</left>
					<top>0</top>
					<height>45</height>
					<font>Font_18</font>
					<align>left</align>
					<aligny>center</aligny>
					<scroll>true</scroll>
					<textcolor>$VAR[value_headercolor]</textcolor>
				</control>
				<control type="list" id="12">
					<left>-20</left>
					<top>75</top>
					<width>440</width>
					<height>525</height>
					<onup>12</onup>
					<ondown>12</ondown>
					<onleft>72</onleft>
					<onright>9002</onright>
					<pagecontrol>72</pagecontrol>
					<scrolltime>200</scrolltime>
					<itemgap>0</itemgap>
					<itemlayout height="45" width="440">
						<control type="image">
							<left>45</left>
							<top>3</top>
							<width>78</width>
							<height>39</height>
							<aspectratio>keep</aspectratio>
							<texture fallback="DefaultVideoCover.png" background="true">$INFO[ListItem.Icon]</texture>
						</control>
						<control type="label">
							<left>137</left>
							<top>0</top>
							<width>375</width>
							<height>45</height>
							<font>Font_18</font>
							<align>left</align>
							<aligny>center</aligny>
							<textcolor>FFFFFAF0</textcolor>
							<selectedcolor>$VAR[value_headercolor]</selectedcolor>
							<label>$INFO[ListItem.ChannelName]</label>
						</control>
					</itemlayout>
					<focusedlayout height="45" width="440">
						<control type="image">
							<left>40</left>
							<top>0</top>
							<width>400</width>
							<height>45</height>
							<texture>settings_button_focus.png</texture>
							<visible>Control.HasFocus(12)</visible>
							<animation effect="fade" start="100" end="50" time="50" condition="!Control.Hasfocus(20)">conditional</animation>
						</control>
						<control type="image">
							<left>45</left>
							<top>0</top>
							<width>88</width>
							<height>45</height>
							<texture>black.png</texture>
							<visible>Control.HasFocus(12)</visible>
							<animation effect="fade" end="70" condition="true">Conditional</animation>
						</control>
						<control type="image">
							<left>50</left>
							<top>3</top>
							<width>78</width>
							<height>39</height>
							<aspectratio>keep</aspectratio>
							<texture fallback="DefaultVideoCover.png" background="true">$INFO[ListItem.Icon]</texture>
						</control>
						<control type="label">
							<left>137</left>
							<top>0</top>
							<width>400</width>
							<height>45</height>
							<font>Font_18</font>
							<align>left</align>
							<aligny>center</aligny>
							<textcolor>FF101010</textcolor>
							<selectedcolor>$VAR[value_headercolor]</selectedcolor>
							<label>$INFO[ListItem.ChannelName]</label>
							<visible>Control.HasFocus(12)</visible>
						</control>
						<control type="label">
							<left>137</left>
							<top>0</top>
							<width>400</width>
							<height>45</height>
							<font>Font_18</font>
							<align>left</align>
							<aligny>center</aligny>
							<textcolor>FFFFFAF0</textcolor>
							<selectedcolor>$VAR[value_headercolor]</selectedcolor>
							<label>$INFO[ListItem.ChannelName]</label>
							<visible>!Control.HasFocus(12)</visible>
						</control>
					</focusedlayout>
				</control>
				<control type="scrollbar" id="72">
					<include>ScrollBar_Vertical</include>
					<left>-20</left>
					<top>75</top>
					<height>525</height>
					<onleft>11</onleft>
					<onright>12</onright>
					<ondown>72</ondown>
					<onup>72</onup>
				</control>
			</control>
			<control type="group" id="9002">  <!-- group actions -->
				<control type="group">
					<left>460</left>
					<top>730</top>
					<control type="label">
						<left>45</left>
						<top>0</top>
						<width>570</width>
						<height>30</height>
						<font>Font_18</font>
						<textcolor>$VAR[value_headercolor]</textcolor>
						<label>$LOCALIZE[31375]</label>
					</control>
					<control type="button" id="26">
						<!-- add grp -->
						<textoffsetx>50</textoffsetx>
						<include>PVRSearchButtonSmall</include>
						<left>0</left>
						<top>55</top>
						<label>$LOCALIZE[31993]</label>
						<onleft>13</onleft>
						<onright>27</onright>
						<onup>13</onup>
						<ondown>25</ondown>
					</control>
					<control type="button" id="27">
						<!-- rename grp -->
						<textoffsetx>50</textoffsetx>
						<include>PVRSearchButtonSmall</include>
						<left>334</left>
						<top>55</top>
						<label>$LOCALIZE[31994]</label>
						<onleft>26</onleft>
						<onright>34</onright>
						<onup>13</onup>
						<ondown>28</ondown>
					</control>
					<control type="togglebutton" id="34">
						<!-- toggle tv/radio  -->
						<textoffsetx>17</textoffsetx>
						<width>360</width>
						<include>PVRSearchButtonSmall</include>
						<left>668</left>
						<top>55</top>
						<label>$LOCALIZE[19174]</label>
						<altlabel>$LOCALIZE[19173]</altlabel>
						<usealttexture>!String.IsEmpty(Window.Property(IsRadio))</usealttexture>
						<onleft>27</onleft>
						<onright>13</onright>
						<onup>13</onup>
						<ondown>9000</ondown>
					</control>
					<control type="button" id="28">
						<!-- delete grp -->
						<textoffsetx>50</textoffsetx>
						<include>PVRSearchButtonSmall</include>
						<left>334</left>
						<top>100</top>
						<label>$LOCALIZE[31995]</label>
						<onleft>25</onleft>
						<onright>13</onright>
						<onup>27</onup>
						<ondown>9000</ondown>
					</control>
					<control type="radiobutton" id="25">
						<!-- hide group -->
						<textoffsetx>50</textoffsetx>
						<radioposx>195</radioposx>
						<include>PVRSearchButtonSmall</include>
						<include>Animation_Fade</include>
						<left>0</left>
						<top>100</top>
						<label>$LOCALIZE[19289]</label>
						<onleft>13</onleft>
						<onright>28</onright>
						<onup>26</onup>
						<ondown>9000</ondown>
					</control>
				</control>
			</control>
			<control type="image">
				<left>615</left>
				<top>123</top>
				<width>3</width>
				<height>570</height>
				<texture>separator_v.png</texture>
			</control>
			<control type="image">
				<left>1065</left>
				<top>123</top>
				<width>3</width>
				<height>570</height>
				<texture>separator_v.png</texture>
			</control>
			<control type="image">
				<left>210</left>
				<top>900</top>
				<height>60</height>
				<width>1500</width>
				<texture>black.png</texture>
				<colordiffuse>90FFFFFF</colordiffuse>
			</control>
			<control type="grouplist" id="9000">
				<left>210</left>
				<top>900</top>
				<onup>13</onup>
				<ondown>13</ondown>
				<orientation>horizontal</orientation>
				<itemgap>0</itemgap>
				<control type="button" id="29">
					<!-- OK -->
					<width>500</width>
					<include>SettingsBottomButton</include>
					<label>186</label>
				</control>
				<control type="button" id="5">
					<!-- Aplicar -->
					<width>500</width>
					<include>SettingsBottomButton</include>
					<label>14070</label>
				</control>
				<control type="button" id="6">
					<!-- Cancelar -->
					<width>500</width>
					<include>SettingsBottomButton</include>
					<label>222</label>
				</control>
			</control>
		</control>
		<control type="label" id="20">
			<description>Fake Label used to pass on name label</description>
			<visible>false</visible>
		</control>
	</controls>
</window>
