<?xml version="1.0" encoding="UTF-8"?>
<!-- Aeon MQ 5 Helix 6.1.6 -->
<!-- Krypton 9.1.19 -->
<!-- Leia 10.6.1/10.6.2 -->
<includes>
	<!--##################################################################################   VISTA SHOWART- ID 60   ##################################################################################-->
	<include name="ShowArtLabel">
		<left>0</left>
		<height>30</height>
		<width>600</width>
		<font>Font_18A</font>
		<aligny>top</aligny>
		<align>left</align>
		<textcolor>$VAR[value_headercolor]</textcolor>
		<textoffsetx>0</textoffsetx>
		<textoffsety>0</textoffsety>
		<scroll>true</scroll>
	</include>
	<include name="ShowArtFixedList">
		<control type="fixedlist" id="60">
			<include>ShowArt_Content</include>
		</control>
	</include>
	<include name="ShowArtWrapList">
		<control type="wraplist" id="60">
			<include>ShowArt_Content</include>
		</control>
	</include>
	<include name="ShowArt_Content">
		<viewtype label="31821">list</viewtype>
		<left>90</left>
		<top>796</top>
		<width>1740</width>
		<height>450</height>
		<pagecontrol>80</pagecontrol>
		<onup condition="String.IsEqual(skin.string(showartvideopanel),manual) + !String.IsEqual(ListItem.Label,..)">9960</onup>
		<onup condition="![String.IsEqual(skin.string(showartvideopanel),manual) + !String.IsEqual(ListItem.Label,..)]">9900</onup>
		<ondown>80</ondown>
		<orientation>horizontal</orientation>
		<focusposition>2</focusposition>
		<scrolltime>400</scrolltime>
		<preloaditems>2</preloaditems>
		<animation effect="slide" start="0,0" end="0,-48" time="300" tween="sine" easing="out" condition="Control.HasFocus(80)">Conditional</animation>
		<visible>![Container.Content(sets) | Container.Content(years) | Container.Content(genres) | Container.Content(actors)]</visible>
		<itemlayout width="360" height="450">
			<control type="image">
				<!-- reflexo -->
				<left>0</left>
				<top>172</top>
				<width>270</width>
				<height>171</height>
				<aspectratio align="center" aligny="top">stretch</aspectratio>
				<texture flipy="true" diffuse="thumb_reflect.png" background="true">$VAR[value_logoandclearart]</texture>
			</control>
			<control type="image">
				<!-- clearlogo e clearart -->
				<left>0</left>
				<top>0</top>
				<width>270</width>
				<height>171</height>
				<texture fallback="aeon_logo_small.png" background="true">$VAR[value_logoandclearart]</texture>
				<aspectratio align="center" aligny="bottom">keep</aspectratio>
			</control>
			<control type="image">
				<left>228</left>
				<top>128</top>
				<width>45</width>
				<height>45</height>
				<texture>$VAR[value_watchedstyle]</texture>
				<colordiffuse>$VAR[value_watchedcolor]</colordiffuse>
				<aspectratio align="center" aligny="bottom">keep</aspectratio>
				<visible>![Skin.HasSetting(nooverlays) | String.Contains(skin.string(stylewatched),2) | String.Contains(skin.string(stylewatched),3)] + String.IsEqual(ListItem.Overlay,OverlayWatched.png)</visible>
			</control>
			<control type="image">
				<left>228</left>
				<top>128</top>
				<width>45</width>
				<height>45</height>
				<texture flipy="true">$VAR[value_watchedstyle]</texture>
				<colordiffuse>$VAR[value_watchedcolor]</colordiffuse>
				<aspectratio align="center" aligny="bottom">keep</aspectratio>
				<visible>[!Skin.HasSetting(nooverlays) + String.IsEqual(ListItem.Overlay,OverlayWatched.png)] + [String.Contains(skin.string(stylewatched),2) | String.Contains(skin.string(stylewatched),3)]</visible>
			</control>
		</itemlayout>
		<focusedlayout width="360" height="450">
			<control type="image">
				<!-- reflexo -->
				<left>30</left>
				<top>172</top>
				<width>270</width>
				<height>171</height>
				<aspectratio align="center" aligny="top">stretch</aspectratio>
				<texture flipy="true" diffuse="thumb_reflect.png" background="true">$VAR[value_logoandclearart]</texture>
				<animation effect="zoom" start="100" end="125" center="150,172" time="400" easing="out" reversible="false" tween="cubic">Focus</animation>
			</control>
			<control type="image">
				<!-- clearlogo e clearart -->
				<left>30</left>
				<top>0</top>
				<width>270</width>
				<height>171</height>
				<texture fallback="aeon_logo_small.png" background="true">$VAR[value_logoandclearart]</texture>
				<aspectratio align="center" aligny="bottom">keep</aspectratio>
				<animation effect="zoom" start="100" end="125" center="158,172" time="400" easing="out" reversible="false" tween="cubic">Focus</animation>
			</control>
			<control type="image">
				<left>258</left>
				<top>128</top>
				<width>45</width>
				<height>45</height>
				<texture>$VAR[value_watchedstyle]</texture>
				<colordiffuse>$VAR[value_watchedcolor]</colordiffuse>
				<aspectratio align="center" aligny="bottom">keep</aspectratio>
				<animation effect="zoom" start="100" end="125" center="150,172" time="400" easing="out" reversible="false" tween="cubic">Focus</animation>
				<visible>![Skin.HasSetting(nooverlays) | String.Contains(skin.string(stylewatched),2) | String.Contains(skin.string(stylewatched),3)] + String.IsEqual(ListItem.Overlay,OverlayWatched.png)</visible>
			</control>
			<control type="image">
				<left>258</left>
				<top>128</top>
				<width>45</width>
				<height>45</height>
				<texture flipy="true">$VAR[value_watchedstyle]</texture>
				<colordiffuse>$VAR[value_watchedcolor]</colordiffuse>
				<aspectratio align="center" aligny="bottom">keep</aspectratio>
				<animation effect="zoom" start="100" end="125" center="150,172" time="400" easing="out" reversible="false" tween="cubic">Focus</animation>
				<visible>[!Skin.HasSetting(nooverlays) + String.IsEqual(ListItem.Overlay,OverlayWatched.png)] + [String.Contains(skin.string(stylewatched),2) | String.Contains(skin.string(stylewatched),3)]</visible>
			</control>
		</focusedlayout>
	</include>
	<include name="ViewShowArt">
		<control type="group">
			<!-- default group -->
			<animation effect="fade" time="400">VisibleChange</animation>
			<control type="button" id="9960">
				<include>InvisibleButton</include>
				<onleft>60</onleft>
				<onright>60</onright>
				<onup>9900</onup>
				<ondown>60</ondown>
			</control>
			<visible>Control.IsVisible(60)</visible>
			<control type="group">
				<!-- painel de info -->
				<animation effect="slide" start="0,-900" end="0,0" time="500" tween="sine" easing="out">Visible</animation>
				<animation effect="slide" start="0,0" end="0,-900" time="500" tween="sine" easing="out">Hidden</animation>
				<visible>[Control.HasFocus(9960) | String.IsEqual(skin.string(showartvideopanel),alwayson) | String.IsEqual(skin.string(showartvideopanel),auto) + Control.IsVisible(9921)] + !String.IsEqual(ListItem.Label,..)</visible>
				<control type="image">
					<left>0</left>
					<top>84</top>
					<width>1920</width>
					<height>45</height>
					<texture>shadow_h.png</texture>
					<colordiffuse>C3FFFFFF</colordiffuse>
				</control>
				<control type="image">
					<left>0</left>
					<top>128</top>
					<width>1920</width>
					<height>795</height>
					<texture flipy="true" diffuse="shadow_mask.png">darkgrey.png</texture>
					<colordiffuse>$VAR[value_texturecolor]</colordiffuse>
					<animation effect="fade" end="85" condition="true">Conditional</animation>
				</control>
				<control type="image">
					<left>728</left>
					<top>128</top>
					<width>3</width>
					<height>652</height>
					<texture>separator_v.png</texture>
				</control>
				<control type="grouplist">
					<left>90</left>
					<top>156</top>
					<orientation>vertical</orientation>
					<itemgap>0</itemgap>
					<visible>!Container.Content(addons)</visible>
					<control type="label">
						<include>ShowArtLabel</include>
						<label>$VAR[value_ground11_label]: [COLOR=FFFFFAF0]$VAR[value_ground11_value][/COLOR]</label>
					</control>
					<control type="label">
						<include>ShowArtLabel</include>
						<label>$VAR[value_ground12_label]: [COLOR=FFFFFAF0]$VAR[value_ground12_value][/COLOR]</label>
					</control>
					<control type="label">
						<include>ShowArtLabel</include>
						<label>$VAR[value_ground13_label]: [COLOR=FFFFFAF0]$VAR[value_ground13_value][/COLOR]</label>
					</control>
					<control type="label">
						<include>ShowArtLabel</include>
						<label>$VAR[value_ground14_label]: [COLOR=FFFFFAF0]$VAR[value_ground14_value][/COLOR]</label>
					</control>
					<control type="label">
						<include>ShowArtLabel</include>
						<label>$VAR[value_ground15_label]: [COLOR=FFFFFAF0]$VAR[value_ground15_value][/COLOR]</label>
					</control>
					<control type="label">
						<include>ShowArtLabel</include>
						<label>$VAR[value_ground16_label]: [COLOR=FFFFFAF0]$VAR[value_ground16_value][/COLOR]</label>
					</control>
					<control type="label">
						<include>ShowArtLabel</include>
						<label>$VAR[value_ground17_label]: [COLOR=FFFFFAF0]$VAR[value_ground17_value][/COLOR]</label>
					</control>
				</control>
				<control type="image">
					<left>0</left>
					<top>387</top>
					<width>728</width>
					<height>3</height>
					<texture>separator.png</texture>
				</control>
				<control type="textbox">
					<left>90</left>
					<top>405</top>
					<width>600</width>
					<height>362</height>
					<font>Font_18A</font>
					<label>$VAR[value_plot]</label>
					<autoscroll delay="10000" time="2000" repeat="10000">!Skin.HasSetting(noallowscroll)</autoscroll>
				</control>
				<control type="image">
					<left>0</left>
					<top>780</top>
					<width>1920</width>
					<height>3</height>
					<texture>separator.png</texture>
				</control>
				<control type="image">
					<left>772</left>
					<top>96</top>
					<width>1042</width>
					<height>720</height>
					<aspectratio>keep</aspectratio>
					<texture background="true">$INFO[ListItem.Art(fanart)]</texture>
					<bordertexture border="-2">black.png</bordertexture>
					<fadetime>FanartCrossFadeTime</fadetime>
				</control>
			</control>
			<include condition="Skin.HasSetting(showartfixedlist)">ShowArtFixedList</include>
			<include condition="!Skin.HasSetting(showartfixedlist)">ShowArtWrapList</include>
			<control type="scrollbar" id="80">
				<include>ScrollBar_Horizontal</include>
				<left>458</left>
				<top>920</top>
				<width>1005</width>
				<onup>SetFocus(60)</onup>
				<ondown>9920</ondown>
				<include>Animation_Fade</include>
				<visible allowhiddenfocus="true">Control.IsVisible(60) + Control.HasFocus(80)</visible>
			</control>
		</control>
	</include>
</includes>
