<?xml version="1.0" encoding="UTF-8"?>
<!-- Aeon MQ 5 Helix 6.1.1/6.1.2 by lizard/6.1.6 -->
<!-- Isengard 7.1.12 -->
<!-- Jarvis 8.1.13/8.1.14 -->
<!-- Krypton 9.1.16/9.1.17/9.1.18/9.1.19/9.2.1 window IDs/9.2.3 -->
<!-- Leia 10.2.4/10.3.0/10.5.0/10.5.1/10.5.2/10.6.1/10.6.2 -->
<!-- Matrix 11.0.4/11.1.1 -->
<!-- Nexus 12.3.0 -->
<includes>
	<!--##################################################################################   VISTA RIGHT LIST - ID 59   ##################################################################################-->
	<include name="RightListLabel">
		<font>Font_22A</font>
		<left>0</left>
		<height>30</height>
		<width>600</width>
		<aligny>top</aligny>
		<align>left</align>
		<textcolor>FFFFFAF0</textcolor>
		<textoffsetx>0</textoffsetx>
		<scroll>true</scroll>
		<scrollspeed>25</scrollspeed>
	</include>
	<include name="RightListDisc">
		<width>195</width>
		<height>195</height>
		<fadetime>FanartCrossFadeTime</fadetime>
		<aspectratio align="center" aligny="center">keep</aspectratio>
		<animation effect="rotate" start="0" end="-360" center="auto" time="40000" delay="5000" loop="true" reversible="false" condition="!Player.HasVideo">Conditional</animation>
		<include>Animation_ViewsCDart</include>
	</include>
	<include name="ViewRightList">  <!-- top of list is posy 45 -->
		<control type="group">
			<!-- default group -->
			<animation effect="fade" time="400">VisibleChange</animation>
			<visible>Control.IsVisible(59)</visible>
			<control type="button" id="9915">
				<include>InvisibleButton</include>
				<onup>59</onup>
				<ondown>59</ondown>
				<onleft>59</onleft>
				<onright>9920</onright>
			</control>
			<control type="group">  <!-- posx 0 posy 45 -->
				<animation effect="slide" time="500" start="0,600" end="0,0" tween="cubic" easing="out">WindowOpen</animation>
				<animation effect="slide" time="500" start="0,600" end="0,0" tween="cubic" easing="out">Visible</animation>
				<animation effect="fade" time="200" start="100" end="0">Hidden</animation>
				<control type="image">
					<left>0</left>
					<top>510</top>
					<width>1920</width>
					<height>315</height>
					<texture>gradient_small.png</texture>
					<colordiffuse>E9FFFFFF</colordiffuse>
					<include>Animation_Fade</include>
				</control>
				<control type="image">
					<!-- artist Clearlogo (music) -->
					<left>540</left>
					<top>660</top>
					<width>450</width>
					<height>165</height>
					<texture background="true" fallback="transparent.png">$INFO[ListItem.Art(artist.clearlogo)]</texture>
					<aspectratio align="right" aligny="bottom">keep</aspectratio>
					<fadetime>FanartCrossFadeTime</fadetime>
					<visible>[Window.IsActive(musicplaylist) | Window.IsActive(music)] + !String.IsEqual(ListItem.DBType, genre)</visible>
				</control>
				<control type="image">
					<!-- listitem.art(clearlogo or clearart) (videos)  -->
					<left>540</left>
					<top>660</top>
					<width>450</width>
					<height>165</height>
					<texture background="true">$VAR[value_logoandclearart]</texture>
					<aspectratio align="right" aligny="bottom">keep</aspectratio>
					<fadetime>FanartCrossFadeTime</fadetime>
					<visible>Window.IsActive(videos) + !Skin.HasSetting(noartrightlistvideo)</visible>
				</control>
				<control type="image">
					<left>0</left>
					<top>782</top>
					<width>1920</width>
					<height>45</height>
					<texture>shadow_h.png</texture>
					<colordiffuse>C3FFFFFF</colordiffuse>
					<include>Animation_Fade</include>
				</control>
				<control type="image">
					<left>0</left>
					<top>975</top>
					<width>1920</width>
					<height>45</height>
					<texture flipy="true">shadow_h.png</texture>
					<colordiffuse>C3FFFFFF</colordiffuse>
				</control>
				<control type="image">
					<left>0</left>
					<top>825</top>
					<width>1920</width>
					<height>150</height>
					<texture>darkgrey.png</texture>
					<colordiffuse>$VAR[value_texturecolor]</colordiffuse>
					<animation effect="fade" end="85" condition="!Window.IsActive(videoplaylist)">Conditional</animation>
					<animation effect="fade" end="50" condition="Window.IsActive(videoplaylist)">Conditional</animation>
				</control>
				<control type="image">
					<left>406</left>
					<top>825</top>
					<width>45</width>
					<height>150</height>
					<texture flipx="true">shadow.png</texture>
					<colordiffuse>C3FFFFFF</colordiffuse>
				</control>
				<control type="image">
					<left>450</left>
					<top>825</top>
					<width>900</width>
					<height>150</height>
					<texture flipx="true" diffuse="shadow_mask_v.png">darkgrey.png</texture>
					<colordiffuse>$VAR[value_texturecolor]</colordiffuse>
					<animation effect="fade" end="85" condition="!Window.IsActive(videoplaylist)">Conditional</animation>
					<animation effect="fade" end="50" condition="Window.IsActive(videoplaylist)">Conditional</animation>
				</control>
				<control type="image">
					<left>450</left>
					<top>825</top>
					<width>600</width>
					<height>38</height>
					<texture flipx="true" diffuse="shadow_mask_v.png">darkgrey.png</texture>
					<colordiffuse>$VAR[value_texturecolor]</colordiffuse>
					<animation effect="fade" end="95" condition="!Window.IsActive(videoplaylist)">Conditional</animation>
					<animation effect="fade" end="40" condition="Window.IsActive(videoplaylist)">Conditional</animation>
				</control>
				<control type="label">
					<!-- Year/title (video) Now Playing Artist (music) -->
					<left>480</left>
					<top>816</top>
					<width>570</width>
					<height>20</height>
					<font>Font_22A</font>
					<align>left</align>
					<textcolor>$VAR[value_headercolor]</textcolor>
					<label>$VAR[value_ground6_value]</label>
					<scroll>true</scroll>
					<scrollspeed>25</scrollspeed>
				</control>
				<control type="grouplist">	<!-- Info panel for focus listitem or nowplaying in playlist windows -->
					<left>480</left>
					<top>858</top>  <!-- 903 -->
					<orientation>vertical</orientation>
					<itemgap>6</itemgap>
					<visible>$EXP[HasDetailInfo]</visible>
					<control type="label">
						<include>RightListLabel</include>
						<label>[UPPERCASE]$VAR[value_ground13_label][/UPPERCASE]: [COLOR=FFFFFAF0]$VAR[value_ground13_value][/COLOR]</label>
						<!-- song title (music) -->
					</control>
					<control type="label">
						<include>RightListLabel</include>
						<label>[UPPERCASE]$VAR[value_ground11_label][/UPPERCASE]: [COLOR=FFFFFAF0]$VAR[value_ground11_value][/COLOR]</label>
					</control>
					<control type="label">
						<include>RightListLabel</include>
						<label>[UPPERCASE]$VAR[value_ground12_label][/UPPERCASE]: [COLOR=FFFFFAF0]$VAR[value_ground12_value][/COLOR]</label>
					</control>
				</control>
				<control type="image">
					<left>1095</left>
					<top>-105</top>
					<width>825</width>
					<height>930</height>
					<texture diffuse="shadow_mask_v.png">darkgrey.png</texture>
					<colordiffuse>$VAR[value_texturecolor]</colordiffuse>
					<animation effect="fade" end="75" condition="!Window.IsActive(videoplaylist)">Conditional</animation>
					<animation effect="fade" end="50" condition="Window.IsActive(videoplaylist)">Conditional</animation>
				</control>
				<control type="image">
					<left>1080</left>
					<top>832</top>
					<width>1</width>
					<height>135</height>
					<texture>line_v.png</texture>
				</control>
				<control type="image">
					<left>1080</left>
					<top>832</top>
					<width>840</width>
					<height>1</height>
					<texture>line.png</texture>
				</control>
				<control type="textbox">
					<left>1380</left>
					<top>30</top>
					<width>510</width>
					<height>744</height>
					<font>Font_18A</font>
					<label>$VAR[value_plot]</label>
					<autoscroll delay="30000" time="5000" repeat="30000">!Skin.HasSetting(noallowscroll)</autoscroll>
					<animation effect="slide" time="600" start="600,0" end="0,0" tween="cubic" easing="inout">Visible</animation>
					<animation effect="slide" time="400" start="0,0" end="600,0" tween="cubic" easing="inout">Hidden</animation>
					<visible>Control.HasFocus(9915)</visible>
				</control>
				<control type="image">
					<left>1080</left>
					<top>0</top>
					<width>840</width>
					<height>825</height>
					<texture>osd_black_bg.png</texture>
					<animation effect="fade" start="100" end="10" time="2000" condition="!Control.Hasfocus(51)">conditional</animation>
					<visible>!Window.IsActive(videoplaylist)</visible>
				</control>
				<control type="fixedlist" id="59">
					<viewtype label="31828">list</viewtype>
					<left>1080</left>
					<top>30</top>
					<width>840</width>
					<height>750</height>
					<pagecontrol>80</pagecontrol>
					<onleft>9900</onleft>
					<onright>80</onright>
					<focusposition>1</focusposition>
					<orientation>vertical</orientation>
					<scrolltime>450</scrolltime>
					<preloaditems>2</preloaditems>
					<animation effect="slide" start="0,0" end="900,0" time="600" easing="inout" tween="cubic" condition="Control.HasFocus(9915)">Conditional</animation>
					<animation effect="slide" start="0,0" end="-45,0" time="200" easing="inout" tween="cubic" condition="Control.HasFocus(80)">Conditional</animation>
					<visible>!Container.Content(years)</visible>
					<itemlayout condition="[Window.IsActive(musicplaylist) | Window.IsActive(music)] + Container.Content(artists)" height="45">
						<control type="image">
							<left>0</left>
							<top>0</top>
							<width>825</width>
							<height>1</height>
							<texture diffuse="shadow_mask_v.png">line.png</texture>
						</control>
						<control type="label">
							<right>30r</right>
							<top>0</top>
							<width>720</width>
							<height>45</height>
							<font>Font_20A</font>
							<align>right</align>
							<aligny>center</aligny>
							<include>listcolor</include>
							<label>$VAR[artist_label]</label>
						</control>
					</itemlayout>
					<itemlayout condition="Window.IsActive(videos) | Window.IsActive(videoplaylist) | Window.IsActive(musicplaylist) | Window.IsActive(music)" height="45">
						<control type="image">
							<left>0</left>
							<top>0</top>
							<width>825</width>
							<height>1</height>
							<texture diffuse="shadow_mask_v.png">line.png</texture>
						</control>
						<control type="label">
							<right>30r</right>
							<top>0</top>
							<width>720</width>
							<height>45</height>
							<font>Font_20A</font>
							<align>right</align>
							<aligny>center</aligny>
							<include>listcolor</include>
							<label>$INFO[ListItem.Label]</label>
							<visible>!String.IsEmpty(ListItem.DBType)</visible>
						</control>
						<control type="label">
							<right>30r</right>
							<top>0</top>
							<width>720</width>
							<height>45</height>
							<font>Font_20</font>
							<align>right</align>
							<aligny>center</aligny>
							<include>listcolor</include>
							<label>$INFO[ListItem.Label]</label>
							<visible>String.IsEmpty(ListItem.DBType)</visible>
						</control>
						<control type="image">
							<left>772</left>
							<top>4</top>
							<width>36</width>
							<height>36</height>
							<texture>$VAR[value_watchedstyle]</texture>
							<colordiffuse>$VAR[value_watchedcolor]</colordiffuse>
							<visible>!Skin.HasSetting(nooverlays) + String.IsEqual(ListItem.Overlay,OverlayWatched.png)</visible>
						</control>
						<control type="image">
								<left>907</left>
								<top>8</top>
								<width>45</width>
								<height>45</height>
								<texture>$VAR[pvr_overlay]</texture>
								<colordiffuse>$VAR[value_watchedcolor]</colordiffuse>
								<visible>!Skin.HasSetting(nooverlays) </visible>
							</control>
					</itemlayout>
					<itemlayout condition="Window.IsVisible(tvrecordings) | Window.IsVisible(radiorecordings)" height="45">
						<control type="image">
							<left>0</left>
							<top>0</top>
							<width>825</width>
							<height>1</height>
							<texture diffuse="shadow_mask_v.png">line.png</texture>
						</control>
						<control type="label">
							<right>30r</right>
							<top>0</top>
							<width>720</width>
							<height>45</height>
							<font>Font_20A</font>
							<align>right</align>
							<aligny>center</aligny>
							<include>listcolor</include>
							<label>$INFO[ListItem.Label]</label>
						</control>
						<control type="image">
							<left>907</left>
							<top>8</top>
							<width>45</width>
							<height>45</height>
							<texture>$VAR[pvr_overlay]</texture>
							<colordiffuse>$VAR[value_watchedcolor]</colordiffuse>
							<visible>!Skin.HasSetting(nooverlays) </visible>
						</control>
					</itemlayout>
					<focusedlayout condition="Container.Content(artists) + [Window.IsActive(musicplaylist) | Window.IsActive(music)] + Skin.HasSetting(slimrightlistmusic)" height="45">
						<control type="image">
							<left>30</left>
							<top>0</top>
							<width>795</width>
							<height>45</height>
							<texture>settings_button_focus.png</texture>
						</control>
						<control type="label">
							<right>30r</right>
							<top>-2</top>
							<width>720</width>
							<height>45</height>
							<font>Font_22A</font>
							<align>right</align>
							<aligny>center</aligny>
							<include>listcolorfocus</include>
							<label>$VAR[artist_label]</label>
							<scrollspeed>20</scrollspeed>
						</control>
					</focusedlayout>
					<focusedlayout condition="Container.Content(artists) + [Window.IsActive(musicplaylist) | Window.IsActive(music)] + !Skin.HasSetting(slimrightlistmusic)" height="75">
						<control type="image">
							<animation effect="fade" start="100" end="60" time="0" condition="!Control.Hasfocus(51)">conditional</animation>
							<left>0</left>
							<top>0</top>
							<width>1020</width>
							<height>75</height>
							<texture flipx="true">gradient_button.png</texture>
						</control>
						<control type="label">
							<right>30r</right>
							<top>-2</top>
							<width>720</width>
							<height>45</height>
							<font>Font_22A</font>
							<align>right</align>
							<aligny>center</aligny>
							<include>listcolorfocus</include>
							<label>$VAR[artist_label]</label>
							<scrollspeed>20</scrollspeed>
						</control>
						<control type="label">
							<right>30r</right>
							<top>45</top>
							<width>720</width>
							<height>24</height>
							<font>Font_18A</font>
							<align>right</align>
							<aligny>center</aligny>
							<include>subcolorfocus</include>
							<label>$VAR[value_listinfofocus]</label>
							<scrollspeed>20</scrollspeed>
							<visible>!String.IsEqual(ListItem.Label,..)</visible>
						</control>
					</focusedlayout>
					<focusedlayout condition="Window.IsVisible(tvrecordings) | Window.IsVisible(radiorecordings)" height="45">
						<control type="image">
							<left>30</left>
							<top>0</top>
							<width>795</width>
							<height>45</height>
							<texture>settings_button_focus.png</texture>
						</control>
						<control type="label">
							<right>30r</right>
							<top>-2</top>
							<width>720</width>
							<height>45</height>
							<font>Font_22A</font>
							<align>right</align>
							<aligny>center</aligny>
							<include>listcolorfocus</include>
							<label>$INFO[ListItem.Label]</label>
							<scrollspeed>20</scrollspeed>
						</control>
						<control type="image">
							<left>907</left>
							<top>8</top>
							<width>45</width>
							<height>45</height>
							<texture>$VAR[pvr_overlay]</texture>
							<colordiffuse>$VAR[value_watchedcolor]</colordiffuse>
							<visible>!Skin.HasSetting(nooverlays) </visible>
						</control>
					</focusedlayout>
					<focusedlayout condition="String.IsEmpty(Control.GetLabel(5902)) | [[Window.IsActive(videos)  | Window.IsActive(videoplaylist)]+ Skin.HasSetting(slimrightlistvideo) | [Window.IsActive(musicplaylist) | Window.IsActive(music)] + Skin.HasSetting(slimrightlistmusic)]" height="45">
						<control type="image">
							<left>30</left>
							<top>0</top>
							<width>795</width>
							<height>45</height>
							<texture>settings_button_focus.png</texture>
						</control>
						<control type="label">
							<right>30r</right>
							<top>-4</top>
							<width>720</width>
							<height>45</height>
							<font>Font_22A</font>
							<align>right</align>
							<aligny>center</aligny>
							<include>listcolorfocus</include>
							<shadowcolor>FF000000</shadowcolor>
							<label>$INFO[ListItem.Label]</label>
							<scrollspeed>20</scrollspeed>
							<visible>ListItem.IsPlaying + !String.IsEmpty(ListItem.DBType)</visible>
						</control>
						<control type="label">
							<right>30r</right>
							<top>-4</top>
							<width>720</width>
							<height>45</height>
							<font>Font_22</font>
							<align>right</align>
							<aligny>center</aligny>
							<include>listcolorfocus</include>
							<shadowcolor>FF000000</shadowcolor>
							<label>$INFO[ListItem.Label]</label>
							<scrollspeed>20</scrollspeed>
							<visible>ListItem.IsPlaying + String.IsEmpty(ListItem.DBType)</visible>
						</control>
						<control type="label">
							<right>30r</right>
							<top>-2</top>
							<width>720</width>
							<height>45</height>
							<font>Font_22A</font>
							<align>right</align>
							<aligny>center</aligny>
							<include>listcolorfocus</include>
							<label>$INFO[ListItem.Label]</label>
							<scrollspeed>20</scrollspeed>
							<visible>!ListItem.IsPlaying + !String.IsEmpty(ListItem.DBType)</visible>
						</control>
						<control type="label">
							<right>30r</right>
							<top>-2</top>
							<width>720</width>
							<height>45</height>
							<font>Font_22</font>
							<align>right</align>
							<aligny>center</aligny>
							<include>listcolorfocus</include>
							<label>$INFO[ListItem.Label]</label>
							<scrollspeed>20</scrollspeed>
							<visible>!ListItem.IsPlaying + String.IsEmpty(ListItem.DBType)</visible>
						</control>
						<control type="image">
							<left>765</left>
							<top>0</top>
							<width>45</width>
							<height>45</height>
							<texture>$VAR[value_watchedstyle]</texture>
							<colordiffuse>$VAR[value_watchedcolor]</colordiffuse>
							<visible>!Skin.HasSetting(nooverlays) + String.IsEqual(ListItem.Overlay,OverlayWatched.png)</visible>
						</control>
					</focusedlayout>
					<focusedlayout condition="!String.IsEmpty(Control.GetLabel(5902)) + [[Window.IsActive(videos) | Window.IsActive(videoplaylist)] + !Skin.HasSetting(slimrightlistvideo) | [Window.IsActive(musicplaylist) | Window.IsActive(music)] + !Skin.HasSetting(slimrightlistmusic)]" height="75">
						<control type="image">
							<animation effect="fade" start="100" end="60" time="0" condition="!Control.Hasfocus(51)">conditional</animation>
							<left>0</left>
							<top>0</top>
							<width>1020</width>
							<height>75</height>
							<texture flipx="true">gradient_button.png</texture>
						</control>
						<control type="label">
							<right>30r</right>
							<top>-2</top>
							<width>720</width>
							<height>45</height>
							<font>Font_22A</font>
							<align>right</align>
							<aligny>center</aligny>
							<include>listcolorfocus</include>
							<shadowcolor>FF000000</shadowcolor>
							<label>$INFO[ListItem.Label]</label>
							<scrollspeed>20</scrollspeed>
							<visible>ListItem.IsPlaying</visible>
						</control>
						<control type="label">
							<right>30r</right>
							<top>-2</top>
							<width>720</width>
							<height>45</height>
							<font>Font_22A</font>
							<align>right</align>
							<aligny>center</aligny>
							<include>listcolorfocus</include>
							<label>$INFO[ListItem.Label]</label>
							<scrollspeed>20</scrollspeed>
							<visible>!ListItem.IsPlaying + !String.IsEmpty(ListItem.DBType)</visible>
						</control>
						<control type="label">
							<right>30r</right>
							<top>-2</top>
							<width>720</width>
							<height>45</height>
							<font>Font_22</font>
							<align>right</align>
							<aligny>center</aligny>
							<include>listcolorfocus</include>
							<label>$INFO[ListItem.Label]</label>
							<scrollspeed>20</scrollspeed>
							<visible>!ListItem.IsPlaying + String.IsEmpty(ListItem.DBType)</visible>
						</control>
						<control type="label">
							<right>30r</right>
							<top>45</top>
							<width>720</width>
							<height>24</height>
							<font>Font_18A</font>
							<align>right</align>
							<aligny>center</aligny>
							<include>subcolorfocus</include>
							<shadowcolor>FF000000</shadowcolor>
							<label>$VAR[value_listinfofocus]</label>
							<scrollspeed>20</scrollspeed>
							<visible>!String.IsEqual(ListItem.Label,..) + ListItem.IsPlaying</visible>
						</control>
						<control type="label">
							<right>30r</right>
							<top>45</top>
							<width>720</width>
							<height>24</height>
							<font>Font_18A</font>
							<align>right</align>
							<aligny>center</aligny>
							<include>subcolorfocus</include>
							<label>$VAR[value_listinfofocus]</label>
							<scrollspeed>20</scrollspeed>
							<visible>!String.IsEqual(ListItem.Label,..) + !ListItem.IsPlaying</visible>
						</control>
						<control type="image">
							<left>765</left>
							<top>15</top>
							<width>45</width>
							<height>45</height>
							<texture>$VAR[value_watchedstyle]</texture>
							<colordiffuse>$VAR[value_watchedcolor]</colordiffuse>
							<visible>!Skin.HasSetting(nooverlays) + String.IsEqual(ListItem.Overlay,OverlayWatched.png)</visible>
						</control>
					</focusedlayout>					
				</control>
				<control type="textbox">
					<left>1110</left>
					<top>832</top>
					<width>780</width>
					<height>138</height>
					<font>Font_18A</font>
					<label>$VAR[value_plot]</label>
					<autoscroll delay="8000" time="5000" repeat="8000">!Skin.HasSetting(noallowscroll)</autoscroll>
					<include>Animation_Fade</include>
					<animation effect="slide" start="0,0" end="14,0" time="200" condition="Control.HasFocus(80)">Conditional</animation>
					<visible>!Control.HasFocus(9915) + ![Window.IsVisible(videoplaylist) + Player.HasVideo]</visible>
				</control>
				<control type="label" id="5901">
					<!-- button to deermine if item has Plot -->
					<include>InvisibleButton</include>
					<label>$VAR[value_plot]</label>
				</control>
				<control type="label" id="5902">
					<!-- button to determine if item has Tag Info -->
					<include>InvisibleButton</include>
					<label>$VAR[value_listinfofocus]</label>
				</control>
			</control>
			<control type="group">  <!-- posx 0 posy 45 -->
				<!-- Default Group - Miniaturas -->
				<left>45</left>
				<top>300</top>  <!-- 345 -->
				<visible>Control.IsVisible(59)</visible>
				<animation effect="slide" time="1000" start="-600,0" end="0,0" tween="cubic" easing="out">WindowOpen</animation>
				<animation effect="slide" time="1000" start="-600,0" end="0,0" tween="cubic" easing="out">Visible</animation>
				<animation effect="fade" time="400" start="100" end="0">Hidden</animation>
				<control type="group">	<!-- CDART VIDEO -->
					<animation type="WindowOpen">
						<effect type="slide" start="-150,0" end="0,0" time="500" delay="500" tween="cubic" easing="out" />
						<effect type="fade" start="0" end="100" time="500" delay="500" />
					</animation>
					<animation type="Visible">
						<effect type="slide" start="-150,0" end="0,0" time="500" delay="500" tween="cubic" easing="out" />
						<effect type="fade" start="0" end="100" time="500" delay="500" />
					</animation>
					<animation effect="fade" start="100" end="0" time="200">WindowClose</animation>
					<animation type="Hidden">
						<effect type="slide" start="0,0" end="-150,0" time="300" tween="cubic" easing="out" />
						<effect type="fade" start="100" end="0" time="200" />
					</animation>
					<animation effect="slide" time="200" start="0,0" end="0,-30" tween="cubic" easing="out" condition="!Skin.HasSetting(norightlistvideocase)">Conditional</animation>
					<visible>![String.IsEmpty(ListItem.Art(discart)) | Skin.HasSetting(norightlistdiscart) | ListItem.IsCollection] + Window.IsActive(videos) + Control.IsVisible(9923)</visible>
					<control type="image">
						<left>168</left>
						<top>105</top>
						<width>375</width>
						<height>375</height>
						<texture diffuse="cdart_diffuse.png" background="true">$INFO[ListItem.Art(discart)]</texture>
						<fadetime>FanartCrossFadeTime</fadetime>
						<aspectratio align="center" aligny="center">keep</aspectratio>
						<animation effect="rotate" start="0" end="-360" center="auto" time="40000" delay="5000" loop="true" reversible="false" condition="!Player.HasVideo">Conditional</animation>
						<include>Animation_ViewsCDart</include>
					</control>
				</control>
				<control type="grouplist">	<!-- CDART SETS -->
					<left>390</left>
					<top>315</top>
					<orientation>horizontal</orientation>
					<itemgap>-146</itemgap>
					<animation type="WindowOpen">
						<effect type="slide" start="-150,0" end="0,0" time="500" delay="500" tween="cubic" easing="out" />
						<effect type="fade" start="0" end="100" time="500" delay="500" />
					</animation>
					<animation type="Visible">
						<effect type="slide" start="-150,0" end="0,0" time="500" delay="500" tween="cubic" easing="out" />
						<effect type="fade" start="0" end="100" time="500" delay="500" />
					</animation>
					<animation effect="fade" start="100" end="0" time="200">WindowClose</animation>
					<animation type="Hidden">
						<effect type="slide" start="0,0" end="-150,0" time="300" tween="cubic" easing="out" />
						<effect type="fade" start="100" end="0" time="200" />
					</animation>
					<visible>![String.IsEmpty(Window(home).Property(Set.Movie.1.Art(discart))) | Skin.HasSetting(norightlistdiscart)] + Window.IsActive(videos) + ListItem.IsCollection + Control.IsVisible(9923)</visible>
					<control type="image">
						<include>RightListDisc</include>
						<texture diffuse="cdart_diffuse.png" background="true">$INFO[Window(home).Property(Set.Movie.1.Art(discart))]</texture>
						<visible>!String.IsEmpty(Window(home).Property(Set.Movie.1.Art(discart)))</visible>
					</control>
					<control type="image">
						<include>RightListDisc</include>
						<texture diffuse="cdart_diffuse.png" background="true">$INFO[Window(home).Property(Set.Movie.2.Art(discart))]</texture>
						<visible>!String.IsEmpty(Window(home).Property(Set.Movie.2.Art(discart)))</visible>
					</control>
					<control type="image">
						<include>RightListDisc</include>
						<texture diffuse="cdart_diffuse.png" background="true">$INFO[Window(home).Property(Set.Movie.3.Art(discart))]</texture>
						<visible>!String.IsEmpty(Window(home).Property(Set.Movie.3.Art(discart)))</visible>
					</control>
					<control type="image">
						<include>RightListDisc</include>
						<texture diffuse="cdart_diffuse.png" background="true">$INFO[Window(home).Property(Set.Movie.4.Art(discart))]</texture>
						<visible>!String.IsEmpty(Window(home).Property(Set.Movie.4.Art(discart)))</visible>
					</control>
					<control type="image">
						<include>RightListDisc</include>
						<texture diffuse="cdart_diffuse.png" background="true">$INFO[Window(home).Property(Set.Movie.5.Art(discart))]</texture>
						<visible>!String.IsEmpty(Window(home).Property(Set.Movie.5.Art(discart)))</visible>
					</control>
					<control type="image">
						<include>RightListDisc</include>
						<texture diffuse="cdart_diffuse.png" background="true">$INFO[Window(home).Property(Set.Movie.6.Art(discart))]</texture>
						<visible>!String.IsEmpty(Window(home).Property(Set.Movie.6.Art(discart)))</visible>
					</control>
					<control type="image">
						<include>RightListDisc</include>
						<texture diffuse="cdart_diffuse.png" background="true">$INFO[Window(home).Property(Set.Movie.7.Art(discart))]</texture>
						<visible>!String.IsEmpty(Window(home).Property(Set.Movie.7.Art(discart)))</visible>
					</control>
					<control type="image">
						<include>RightListDisc</include>
						<texture diffuse="cdart_diffuse.png" background="true">$INFO[Window(home).Property(Set.Movie.8.Art(discart))]</texture>
						<visible>!String.IsEmpty(Window(home).Property(Set.Movie.8.Art(discart)))</visible>
					</control>
					<control type="image">
						<include>RightListDisc</include>
						<texture diffuse="cdart_diffuse.png" background="true">$INFO[Window(home).Property(Set.Movie.9.Art(discart))]</texture>
						<visible>!String.IsEmpty(Window(home).Property(Set.Movie.9.Art(discart)))</visible>
					</control>
					<control type="image">
						<include>RightListDisc</include>
						<texture diffuse="cdart_diffuse.png" background="true">$INFO[Window(home).Property(Set.Movie.10.Art(discart))]</texture>
						<visible>!String.IsEmpty(Window(home).Property(Set.Movie.10.Art(discart)))</visible>
					</control>
				</control>
				<control type="group">	<!-- VIDEO no case -->
					<include>Animation_Fade</include>
					<visible>![!Skin.HasSetting(norightlistvideocase) + [Container.Content(movies) | Container.Content(musicvideos) | Container.Content(sets)] | Window.IsActive(musicplaylist) | Window.IsActive(music)]</visible>
					<control type="image">
						<!-- Filmes/Fotos/Arquivos reflexo -->
						<left>-8</left>
						<top>698</top>
						<width>368</width>
						<height>525</height>
						<fadetime>FanartCrossFadeTime</fadetime>
						<aspectratio align="center" aligny="top">keep</aspectratio>
						<texture flipy="true" diffuse="thumb_reflect.png" background="true">$VAR[value_poster]</texture>
						<bordertexture flipy="true" diffuse="thumb_reflect.png" border="-2">black.png</bordertexture>
					</control>
					<control type="image">   <!--  poster > thumb > icon or exception (genre/playlists) -->
						<left>-8</left>  <!-- 37 -->
						<top>168</top>  <!-- 443 -->
						<width>368</width>  <!-- 405 -->
						<height>525</height>  <!-- 968 -->
						<fadetime>FanartCrossFadeTime</fadetime>
						<aspectratio align="center" aligny="bottom">keep</aspectratio>
						<texture fallback="DefaultVideoPoster.png" background="true">$VAR[value_poster]</texture>
						<bordertexture border="-2">black.png</bordertexture>
					</control>
					<control type="label">
						<width>368</width>
						<height>30</height>
						<textcolor>FFFFFAF0</textcolor>
						<textoffsetx>0</textoffsetx>
						<scroll>true</scroll>
						<left>-8</left>
						<top>638</top>
						<label>$INFO[Player.Title]</label>
						<align>left</align>
						<aligny>center</aligny>
						<visible>!Window.IsVisible(videoplaylist) + Player.HasMedia + !String.Contains(Window(Videos).Property(PlayingBackgroundMedia),TRUE)</visible>
					</control>
					<control type="label">
						<width>368</width>
						<height>30</height>
						<textcolor>FFFFFAF0</textcolor>
						<textoffsetx>0</textoffsetx>
						<left>-8</left>
						<top>666</top>
						<label>$INFO[Player.Time] / $INFO[Player.Duration]</label>
						<align>left</align>
						<aligny>center</aligny>
						<visible>Player.HasMedia + !String.Contains(Window(Videos).Property(PlayingBackgroundMedia),TRUE)</visible>
					</control>
				</control>
				<control type="group">	<!-- Video w case -->
					<include>Animation_Fade</include>
					<visible>!Skin.HasSetting(norightlistvideocase) + [Container.Content(movies) | Container.Content(musicvideos) | Container.Content(sets)] + ![Window.IsActive(musicplaylist) | Window.IsActive(music)]</visible>
					<control type="image">
						<!-- Poster reflexo -->
						<left>-8</left>
						<top>654</top>
						<width>368</width>
						<height>525</height>
						<fadetime>FanartCrossFadeTime</fadetime>
						<texture flipy="true" diffuse="thumb_reflect.png" background="true">$VAR[value_poster]</texture>
						<aspectratio>stretch</aspectratio>
					</control>
					<control type="image">
						<!-- Estojo reflexo -->
						<left>-39</left>
						<top>600</top>
						<width>456</width>
						<height>652</height>
						<fadetime>FanartCrossFadeTime</fadetime>
						<colordiffuse>$VAR[value_videocase0]</colordiffuse>
						<texture flipy="true" diffuse="thumb_box_reflect.png">thumb_box.png</texture>
						<aspectratio>stretch</aspectratio>
					</control>
					<control type="image">
						<!-- Poster -->
						<left>-8</left>
						<top>94</top>
						<width>368</width>
						<height>525</height>
						<fadetime>FanartCrossFadeTime</fadetime>
						<texture fallback="DefaultVideoPoster.png" background="true">$VAR[value_poster]</texture>
					</control>
					<control type="image">
						<!-- Estojo -->
						<left>-39</left>
						<top>12</top>
						<width>456</width>
						<height>660</height>
						<fadetime>FanartCrossFadeTime</fadetime>
						<colordiffuse>$VAR[value_videocase0]</colordiffuse>
						<texture>thumb_box.png</texture>
					</control>
					<control type="image">
						<!-- Codec -->
						<left>132</left>
						<top>18</top>
						<width>105</width>
						<height>105</height>
						<fadetime>FanartCrossFadeTime</fadetime>
						<align>center</align>
						<aligny>center</aligny>
						<aspectratio scalediffuse="true">keep</aspectratio>
						<texture>$VAR[value_videocodec0]</texture>
					</control>
				</control>
				<control type="group">	<!-- Music -->
					<include>Animation_Fade</include>
					<visible>[Window.IsActive(musicplaylist) | Window.IsActive(music)] + [Skin.HasSetting(norightlistaudiocase) | Container.Content(genres) | Container.Content(roles) | Container.Content(sources)]</visible>
					<control type="image">
						<!-- Musica reflexo -->
						<left>-8</left>
						<top>630</top>
						<width>368</width>
						<height>525</height>
						<fadetime>FanartCrossFadeTime</fadetime>
						<aspectratio align="center" aligny="top">keep</aspectratio>
						<texture flipy="true" diffuse="thumb_reflect.png" background="true">$VAR[value_poster]</texture>
						<bordertexture flipy="true" diffuse="thumb_reflect.png" border="-2">black.png</bordertexture>
					</control>
					<control type="image">
						<!-- Musica -->
						<left>-8</left>
						<top>98</top>
						<width>368</width>
						<height>525</height>
						<fadetime>FanartCrossFadeTime</fadetime>
						<aspectratio align="center" aligny="bottom">keep</aspectratio>
						<texture fallback="DefaultAudioCover.png" background="true">$VAR[value_poster]</texture>
						<bordertexture border="-2">black.png</bordertexture>
					</control>
				</control>
				<control type="group">	<!-- Music w cd case -->
					<include>Animation_Fade</include>
					<visible>[Window.IsActive(musicplaylist) | Window.IsActive(music)] + ![Skin.HasSetting(norightlistaudiocase) | Container.Content(genres) | Container.Content(roles) | Container.Content(sources)]</visible>
					<control type="image">
						<!-- Musica/Estojo reflexo-->
						<left>27</left>
						<top>630</top>
						<width>345</width>
						<height>345</height>
						<fadetime>FanartCrossFadeTime</fadetime>
						<aspectratio scalediffuse="false">stretch</aspectratio>
						<texture flipy="true" diffuse="thumb_box_diffuse_reflect.png" background="true">$VAR[value_poster]</texture>
					</control>
					<control type="image">
						<!-- Estojo reflexo -->
						<left>-30</left>
						<top>627</top>
						<width>417</width>
						<height>364</height>
						<texture flipy="true" diffuse="thumb_box_reflect.png">thumb_box_cd.png</texture>
					</control>
					<control type="image">
						<!-- Musica -->
						<left>27</left>
						<top>291</top>
						<width>345</width>
						<height>345</height>
						<fadetime>FanartCrossFadeTime</fadetime>
						<aspectratio scalediffuse="false">stretch</aspectratio>
						<texture diffuse="thumb_box_diffuse.png" fallback="DefaultAudioCover.png" background="true">$VAR[value_poster]</texture>
					</control>
					<control type="image">
						<!-- Estojo -->
						<left>-30</left>
						<top>285</top>
						<width>417</width>
						<height>364</height>
						<texture>thumb_box_cd.png</texture>
						<colordiffuse>DEFFFFFF</colordiffuse>
					</control>
				</control>
			</control>
			<control type="scrollbar" id="80">
				<include>ScrollBar_Vertical</include>
				<left>1875</left>
				<top>30</top>
				<height>750</height>
				<onleft>59</onleft>
				<onright condition="!String.IsEmpty(Control.GetLabel(5901))">9915</onright>
				<onright condition="String.IsEmpty(Control.GetLabel(5901))">9920</onright>
				<include>Animation_Fade</include>
				<visible allowhiddenfocus="true">Control.IsVisible(59) + Control.HasFocus(80)</visible>
			</control>
		</control>
	</include>
</includes>
