<?xml version="1.0" encoding="UTF-8"?>
<!-- Aeon MQ 5 -->
<!-- Krypton 9.1.19 -->
<!-- Matrix 11.1.1 -->
<!-- Nexus 12.4.0 -->
<includes>
	<!--##################################################################################   VISTA BANNER - ID 52   ##################################################################################-->
	<include name="Banner_Dimmer">
		<animation effect="fade" start="100" end="50" time="300" condition="[String.Contains(skin.string(panel_seconds),1) + System.IdleTime(1) | String.Contains(skin.string(panel_seconds),2) + System.IdleTime(2) | String.Contains(skin.string(panel_seconds),3) + System.IdleTime(3) | String.Contains(skin.string(panel_seconds),4) + System.IdleTime(4) | String.Contains(skin.string(panel_seconds),5) + System.IdleTime(5)] + String.Contains(skin.string(bannervideopanel),auto) + Control.HasFocus(52) + String.Contains(skin.string(bannerglass),50)">conditional</animation>
		<animation effect="fade" start="100" end="45" time="300" condition="[String.Contains(skin.string(panel_seconds),1) + System.IdleTime(1) | String.Contains(skin.string(panel_seconds),2) + System.IdleTime(2) | String.Contains(skin.string(panel_seconds),3) + System.IdleTime(3) | String.Contains(skin.string(panel_seconds),4) + System.IdleTime(4) | String.Contains(skin.string(panel_seconds),5) + System.IdleTime(5)] + String.Contains(skin.string(bannervideopanel),auto) + Control.HasFocus(52) + String.Contains(skin.string(bannerglass),45)">conditional</animation>
		<animation effect="fade" start="100" end="40" time="300" condition="[String.Contains(skin.string(panel_seconds),1) + System.IdleTime(1) | String.Contains(skin.string(panel_seconds),2) + System.IdleTime(2) | String.Contains(skin.string(panel_seconds),3) + System.IdleTime(3) | String.Contains(skin.string(panel_seconds),4) + System.IdleTime(4) | String.Contains(skin.string(panel_seconds),5) + System.IdleTime(5)] + String.Contains(skin.string(bannervideopanel),auto) + Control.HasFocus(52) + String.Contains(skin.string(bannerglass),40)">conditional</animation>
		<animation effect="fade" start="100" end="35" time="300" condition="[String.Contains(skin.string(panel_seconds),1) + System.IdleTime(1) | String.Contains(skin.string(panel_seconds),2) + System.IdleTime(2) | String.Contains(skin.string(panel_seconds),3) + System.IdleTime(3) | String.Contains(skin.string(panel_seconds),4) + System.IdleTime(4) | String.Contains(skin.string(panel_seconds),5) + System.IdleTime(5)] + String.Contains(skin.string(bannervideopanel),auto) + Control.HasFocus(52) + String.Contains(skin.string(bannerglass),35)">conditional</animation>
		<animation effect="fade" start="100" end="30" time="300" condition="[String.Contains(skin.string(panel_seconds),1) + System.IdleTime(1) | String.Contains(skin.string(panel_seconds),2) + System.IdleTime(2) | String.Contains(skin.string(panel_seconds),3) + System.IdleTime(3) | String.Contains(skin.string(panel_seconds),4) + System.IdleTime(4) | String.Contains(skin.string(panel_seconds),5) + System.IdleTime(5)] + String.Contains(skin.string(bannervideopanel),auto) + Control.HasFocus(52) + String.Contains(skin.string(bannerglass),30)">conditional</animation>
		<animation effect="fade" start="100" end="25" time="300" condition="[String.Contains(skin.string(panel_seconds),1) + System.IdleTime(1) | String.Contains(skin.string(panel_seconds),2) + System.IdleTime(2) | String.Contains(skin.string(panel_seconds),3) + System.IdleTime(3) | String.Contains(skin.string(panel_seconds),4) + System.IdleTime(4) | String.Contains(skin.string(panel_seconds),5) + System.IdleTime(5)] + String.Contains(skin.string(bannervideopanel),auto) + Control.HasFocus(52) + String.Contains(skin.string(bannerglass),25)">conditional</animation>
		<animation effect="fade" start="100" end="20" time="300" condition="[String.Contains(skin.string(panel_seconds),1) + System.IdleTime(1) | String.Contains(skin.string(panel_seconds),2) + System.IdleTime(2) | String.Contains(skin.string(panel_seconds),3) + System.IdleTime(3) | String.Contains(skin.string(panel_seconds),4) + System.IdleTime(4) | String.Contains(skin.string(panel_seconds),5) + System.IdleTime(5)] + String.Contains(skin.string(bannervideopanel),auto) + Control.HasFocus(52) + String.Contains(skin.string(bannerglass),20)">conditional</animation>
		<animation effect="fade" start="100" end="15" time="300" condition="[String.Contains(skin.string(panel_seconds),1) + System.IdleTime(1) | String.Contains(skin.string(panel_seconds),2) + System.IdleTime(2) | String.Contains(skin.string(panel_seconds),3) + System.IdleTime(3) | String.Contains(skin.string(panel_seconds),4) + System.IdleTime(4) | String.Contains(skin.string(panel_seconds),5) + System.IdleTime(5)] + String.Contains(skin.string(bannervideopanel),auto) + Control.HasFocus(52) + String.Contains(skin.string(bannerglass),15)">conditional</animation>
		<animation effect="fade" start="100" end="10" time="300" condition="[String.Contains(skin.string(panel_seconds),1) + System.IdleTime(1) | String.Contains(skin.string(panel_seconds),2) + System.IdleTime(2) | String.Contains(skin.string(panel_seconds),3) + System.IdleTime(3) | String.Contains(skin.string(panel_seconds),4) + System.IdleTime(4) | String.Contains(skin.string(panel_seconds),5) + System.IdleTime(5)] + String.Contains(skin.string(bannervideopanel),auto) + Control.HasFocus(52) + String.Contains(skin.string(bannerglass),10)">conditional</animation>
		<animation effect="fade" start="100" end="5" time="300" condition="[String.Contains(skin.string(panel_seconds),1) + System.IdleTime(1) | String.Contains(skin.string(panel_seconds),2) + System.IdleTime(2) | String.Contains(skin.string(panel_seconds),3) + System.IdleTime(3) | String.Contains(skin.string(panel_seconds),4) + System.IdleTime(4) | String.Contains(skin.string(panel_seconds),5) + System.IdleTime(5)] + String.Contains(skin.string(bannervideopanel),auto) + Control.HasFocus(52) + String.Contains(skin.string(bannerglass),05)">conditional</animation>
		<animation effect="fade" start="100" end="0" time="300" condition="[String.Contains(skin.string(panel_seconds),1) + System.IdleTime(1) | String.Contains(skin.string(panel_seconds),2) + System.IdleTime(2) | String.Contains(skin.string(panel_seconds),3) + System.IdleTime(3) | String.Contains(skin.string(panel_seconds),4) + System.IdleTime(4) | String.Contains(skin.string(panel_seconds),5) + System.IdleTime(5)] + String.Contains(skin.string(bannervideopanel),auto) + Control.HasFocus(52) + String.Contains(skin.string(bannerglass),00)">conditional</animation>
		<animation effect="fade" start="100" end="50" time="0" condition="String.Contains(skin.string(bannerglass),50) + Window.IsVisible(1115)">conditional</animation>
		<!-- custom view glass -->
		<animation effect="fade" start="100" end="45" time="0" condition="String.Contains(skin.string(bannerglass),45) + Window.IsVisible(1115)">conditional</animation>
		<animation effect="fade" start="100" end="40" time="0" condition="String.Contains(skin.string(bannerglass),40) + Window.IsVisible(1115)">conditional</animation>
		<animation effect="fade" start="100" end="35" time="0" condition="String.Contains(skin.string(bannerglass),35) + Window.IsVisible(1115)">conditional</animation>
		<animation effect="fade" start="100" end="30" time="0" condition="String.Contains(skin.string(bannerglass),30) + Window.IsVisible(1115)">conditional</animation>
		<animation effect="fade" start="100" end="25" time="0" condition="String.Contains(skin.string(bannerglass),25) + Window.IsVisible(1115)">conditional</animation>
		<animation effect="fade" start="100" end="20" time="0" condition="String.Contains(skin.string(bannerglass),20) + Window.IsVisible(1115)">conditional</animation>
		<animation effect="fade" start="100" end="15" time="0" condition="String.Contains(skin.string(bannerglass),15) + Window.IsVisible(1115)">conditional</animation>
		<animation effect="fade" start="100" end="10" time="0" condition="String.Contains(skin.string(bannerglass),10) + Window.IsVisible(1115)">conditional</animation>
		<animation effect="fade" start="100" end="05" time="0" condition="String.Contains(skin.string(bannerglass),05) + Window.IsVisible(1115)">conditional</animation>
		<animation effect="fade" start="100" end="0" time="0" condition="String.Contains(skin.string(bannerglass),00) + Window.IsVisible(1115)">conditional</animation>
	</include>
	<include name="Banner_Plot">
		<visible>[String.Contains(skin.string(panel_seconds),1) + System.IdleTime(1) | String.Contains(skin.string(panel_seconds),2) + System.IdleTime(2) | String.Contains(skin.string(panel_seconds),3) + System.IdleTime(3) | String.Contains(skin.string(panel_seconds),4) + System.IdleTime(4) | String.Contains(skin.string(panel_seconds),5) + System.IdleTime(5)] + String.Contains(skin.string(bannervideopanel),auto) + Control.HasFocus(52)</visible>
	</include>
	<include name="ViewBanner">
		<control type="group">
			<animation effect="fade" time="400">VisibleChange</animation>
			<include>ViewBack</include>
			<!-- Fundo -->
			<visible>Control.IsVisible(52)</visible>
			<control type="panel" id="52">
				<viewtype label="31811">Wide Icon</viewtype>
				<left>75</left>
				<top>147</top>
				<width>1800</width>
				<height>822</height>
				<onleft>9900</onleft>
				<onright>80</onright>
				<pagecontrol>80</pagecontrol>
				<scrolltime>450</scrolltime>
				<preloaditems>2</preloaditems>
				<animation effect="slide" start="0,0" end="-15,0" time="400" tween="cubic" easing="inout" condition="Control.HasFocus(80)">Conditional</animation>
				<visible>[Container.Content(movies) | Container.Content(tvshows)]</visible>
				<itemlayout height="206" width="900">
					<control type="group">
						<include>Banner_Dimmer</include>
						<control type="image">
							<!-- Background -->
							<width>885</width>
							<height>190</height>
							<texture>banner_glass.png</texture>
							<colordiffuse>FF505050</colordiffuse>
							<aspectratio>stretch</aspectratio>
							<include>Animation_Fade</include>
						</control>
						<control type="image">
							<!-- Banner -->
							<width>885</width>
							<height>190</height>
							<bordersize>8</bordersize>
							<texture background="true">$VAR[value_banner]</texture>
							<aspectratio>keep</aspectratio>
						</control>
						<control type="image">
							<left>819</left>
							<top>9</top>
							<width>60</width>
							<height>60</height>
							<texture>$VAR[value_watchedstyle]</texture>
							<colordiffuse>$VAR[value_watchedcolor]</colordiffuse>
							<visible>!Skin.HasSetting(nooverlays) + String.IsEqual(ListItem.Overlay,OverlayWatched.png)</visible>
						</control>
					</control>
				</itemlayout>
				<focusedlayout height="206" width="900">
					<control type="image">
						<!-- Banner -->
						<width>885</width>
						<height>190</height>
						<bordersize>12</bordersize>
						<bordertexture infill="False" border="8" colordiffuse="$VAR[value_headercolor]">banner_glass2.png</bordertexture>
						<texture background="true">$VAR[value_banner]</texture>
						<aspectratio>keep</aspectratio>
						<animation effect="zoom" center="auto" start="90" end="110" time="600" tween="back" easing="out" reversible="false" condition="Skin.HasSetting(bannerzoom)">Focus</animation>
					</control>
					<control type="image">
						<left>819</left>
						<top>9</top>
						<width>60</width>
						<height>60</height>
						<texture>$VAR[value_watchedstyle]</texture>
						<colordiffuse>$VAR[value_watchedcolor]</colordiffuse>
						<animation effect="zoom" center="435,90" start="90" end="110" time="600" tween="back" easing="out" reversible="false" condition="Skin.HasSetting(bannerzoom)">Focus</animation>
						<visible>!Skin.HasSetting(nooverlays) + String.IsEqual(ListItem.Overlay,OverlayWatched.png)</visible>
					</control>
				</focusedlayout>
			</control>
			<control type="group">
				<!-- plot -->
				<animation effect="slide" start="0,0" end="38,0" condition="Container(52).Column(0) + Skin.HasSetting(bannerzoom)">Conditional</animation>
				<animation effect="slide" start="0,0" end="-38,0" condition="Container(52).Column(1) + Skin.HasSetting(bannerzoom)">Conditional</animation>
				<animation effect="slide" start="0,0" end="990,0" time="0" condition="Container(52).Column(0)">Conditional</animation>
				<animation effect="slide" start="0,0" end="90,0" time="0" condition="Container(52).Column(1)">Conditional</animation>
				<animation effect="slide" start="0,0" end="0,128" time="0" condition="Container(52).Row(0)">Conditional</animation>
				<animation effect="slide" start="0,0" end="0,334" time="0" condition="Container(52).Row(1)">Conditional</animation>
				<animation effect="slide" start="0,0" end="0,542" time="0" condition="Container(52).Row(2)">Conditional</animation>
				<animation effect="slide" start="0,0" end="0,748" time="0" condition="Container(52).Row(3)">Conditional</animation>
				<include>Banner_Plot</include>
				<visible>!String.IsEqual(ListItem.Label,..)</visible>
				<control type="image">
					<left>0</left>
					<top>15</top>
					<width>750</width>
					<height>38</height>
					<texture>gradient_focus.png</texture>
					<colordiffuse>$VAR[value_headercolor]</colordiffuse>
				</control>
				<control type="label">
					<left>0</left>
					<top>8</top>
					<width>750</width>
					<height>22</height>
					<textcolor>FFFFFAF0</textcolor>
					<label>$VAR[value_glasslistinfofocus]</label>
					<font>Font_18A</font>
					<scroll>true</scroll>
					<visible>!String.IsEqual(ListItem.Label,..)</visible>
				</control>
				<control type="image">
					<left>0</left>
					<top>45</top>
					<width>750</width>
					<height>3</height>
					<align>left</align>
					<texture flipx="true">divider.png</texture>
				</control>
				<control type="textbox">
					<left>0</left>
					<top>52</top>
					<width>855</width>
					<height>162</height>
					<label>$VAR[value_plot]</label>
					<font>Font_18A</font>
					<autoscroll delay="10000" time="4000" repeat="8000">!Skin.HasSetting(noallowscroll)</autoscroll>
				</control>
			</control>
			<control type="scrollbar" id="80">
				<!--Banner-->
				<include>ScrollBar_Vertical</include>
				<left>1860</left>
				<top>138</top>
				<height>822</height>
				<onleft>52</onleft>
				<onright>9920</onright>
				<include>Animation_Fade</include>
				<visible allowhiddenfocus="true">Control.IsVisible(52) + Control.HasFocus(80)</visible>
			</control>
		</control>
	</include>
</includes>
