<?xml version="1.0" encoding="UTF-8"?>
<!-- Omega 13.7.0 Versions -->
<includes>
	<include name="DialogVideoVersionLayout">
		<control type="group">	<!-- right group -->
            <left>75</left>
            <animation effect="slide" start="900,0" end="0,0" time="1000" tween="cubic" easing="out">WindowOpen</animation>
            <animation effect="slide" start="0,0" end="900,0" time="1000" tween="cubic" easing="out">WindowClose</animation>
            <animation effect="slide" start="1200,0" end="0,0" time="1000" tween="cubic" easing="out">Visible</animation>
            <animation effect="fade" start="100" end="0" time="400">Hidden</animation>
            <visible>false</visible>
            <control type="image">
                <left>1208</left>
                <top>69</top>
                <width>638</width>
                <height>45</height>
                <texture>shadow_h.png</texture>
                <colordiffuse>C3FFFFFF</colordiffuse>
            </control>
            <control type="image">
                <left>1208</left>
                <top>112</top>
                <width>638</width>
                <height>968</height>
                <texture>black.png</texture>
                <colordiffuse>C3FFFFFF</colordiffuse>
            </control>
            <control type="image">
                <left>1208</left>
                <top>680</top>
                <width>638</width>
                <height>402</height>
                <texture>black.png</texture>
                <colordiffuse>90FFFFFF</colordiffuse>
            </control>
            <control type="image">
                <left>1260</left>
                <top>142</top>
                <width>540</width>
                <height>540</height>
                <fadetime>FanartCrossFadeTime</fadetime>
                <texture fallback="DefaultVideoPoster.png" background="true">$VAR[value_dialogselect_icon]</texture>
                <aspectratio aligny="bottom">keep</aspectratio>
                <bordertexture border="-2">black.png</bordertexture>
            </control>
            <control type="image">
                <left>1260</left>
                <top>690</top>
                <width>540</width>
                <height>540</height>
                <fadetime>FanartCrossFadeTime</fadetime>
                <texture flipy="true" diffuse="thumb_reflect.png" fallback="DefaultVideoPoster.png" background="true">$VAR[value_dialogselect_icon]</texture>
                <aspectratio aligny="top">keep</aspectratio>
                <bordertexture flipy="true" border="-2" diffuse="thumb_reflect.png">black.png</bordertexture>
            </control>
            <control type="textbox">
                <left>1278</left>
                <top>694</top>
                <width>506</width>
                <height>262</height>
                <font>Font_18A</font>
                <label>$INFO[Container(6).ListItem.AddonDescription]</label>
                <autoscroll delay="8000" time="2000" repeat="8000">!Skin.HasSetting(noallowscroll)</autoscroll>
            </control>
        </control>
        <control type="group">	<!-- left group -->
            <control type="image">
                <left>0</left>
                <top>69</top>
                <width>1282</width>
                <height>45</height>
                <texture>shadow_h.png</texture>
                <colordiffuse>C3FFFFFF</colordiffuse>
            </control>
            <control type="image">
                <left>1282</left>
                <top>112</top>
                <width>45</width>
                <height>968</height>
                <texture>shadow.png</texture>
                <colordiffuse>C3FFFFFF</colordiffuse>
            </control>
            <control type="image">
                <left>0</left>
                <top>112</top>
                <width>1282</width>
                <height>968</height>
                <texture>black.png</texture>
                <colordiffuse>90FFFFFF</colordiffuse>
            </control>
            <control type="image">
                <left>0</left>
                <top>112</top>
                <width>1282</width>
                <height>90</height>
                <texture>black.png</texture>
                <colordiffuse>70FFFFFF</colordiffuse>
            </control>
            <control type="label" id="2">
                <!-- header label -->
                <left>68</left>
                <top>136</top>
                <width>1156</width>
                <height>34</height>
                <font>Font_23</font>
                <textcolor>80FFFAF0</textcolor>
            </control>
            <control type="group">	<!-- left group movie versions -->
                <control type="list" id="50">
                    <!-- version List -->
                    <viewtype label="31801">list</viewtype>
                    <left>0</left>
                    <top>237</top>
                    <width>1282</width>
                    <height>705</height>
                    <pagecontrol>61</pagecontrol>
                    <onleft>9000</onleft>
                    <onright>61</onright>
                    <onup>50</onup>
                    <ondown>50</ondown>
                    <orientation>vertical</orientation>
                    <scrolltime>450</scrolltime>
                    <preloaditems>2</preloaditems>
                    <animation effect="fade" start="100" end="50" time="200" condition="!Control.HasFocus(50)">Conditional</animation>
                    <itemlayout height="98">
                        <control type="image">
                            <left>15</left>
                            <top>96</top>
                            <width>1252</width>
                            <height>1</height>
                            <texture>line.png</texture>
                        </control>
                        <control type="label">
                            <left>68</left>
                            <top>0</top>
                            <width>1140</width>
                            <height>62</height>
                            <font>Font_23</font>
                            <aligny>center</aligny>
                            <include>listcolor</include>
                            <label>$INFO[ListItem.Label]</label>
                        </control>
                        <control type="label">
                            <left>68</left>
                            <top>62</top>
                            <height>24</height>
                            <width>1140</width>
                            <font>Font_18A</font>
                            <align>left</align>
                            <aligny>center</aligny>
                            <include>subcolor</include>
                            <label>$INFO[ListItem.Label2]</label>
                            <!-- <visible>String.IsEmpty(ListItem.AddonCreator)+ String.IsEmpty(ListItem.Property(extension))</visible> -->
                        </control>
                    </itemlayout>
                    <focusedlayout height="98">
                        <control type="image">
                            <left>0</left>
                            <top>0</top>
                            <width>1282</width>
                            <height>98</height>
                            <texture>settings_button_focus.png</texture>
                            <animation effect="fade" start="100" end="50" time="0" condition="!Control.Hasfocus(6)">conditional</animation>
                        </control>
                        <control type="label">
                            <left>68</left>
                            <top>0</top>
                            <width>1140</width>
                            <height>62</height>
                            <font>Font_23</font>
                            <aligny>center</aligny>
                            <include>listcolorfocus</include>
                            <label>$INFO[ListItem.Label]</label>
                        </control>
                    </focusedlayout>
                </control>
                <!-- ScrollBar -->
                <control type="scrollbar" id="61">
                    <include>ScrollBar_Vertical</include>
                    <left>1252</left>
                    <top>237</top>
                    <height>705</height>
                    <onleft>50</onleft>
                    <onright>9000</onright>
                    <ondown>61</ondown>
                    <onup>61</onup>
                    <visible allowhiddenfocus="true">Control.HasFocus(61) | Control.HasFocus(50)</visible>
                </control>
            </control>
        </control>
		<control type="image">
			<!-- Options -->
			<left>1282</left>
			<top>110</top>
			<width>45</width>
			<height>722</height>
			<texture flipx="true">shadow.png</texture>
			<colordiffuse>C3FFFFFF</colordiffuse>
		</control>
		<control type="image">
			<left>1571</left>
			<top>110</top>
			<width>45</width>
			<height>722</height>
			<texture>shadow.png</texture>
			<colordiffuse>C3FFFFFF</colordiffuse>
		</control>
		<control type="image">
			<left>1327</left>
			<top>110</top>
			<width>244</width>
			<height>722</height>
			<texture>grey.png</texture>
			<colordiffuse>90FFFFFF</colordiffuse>
		</control>
		<control type="grouplist" id="9000"> <!--  right side button group-->
			<left>1327</left>
			<top>368</top>
			<onleft>50</onleft>
			<onright>50</onright>
			<onup>9000</onup>
			<ondown>9000</ondown>
			<control type="button" id="21">
				<!-- Play -->
				<include>SettingsDialogButton</include>
				<label>$LOCALIZE[208]</label>
				<onleft>50</onleft>
			</control>
			<control type="button" id="22">
				<!-- Add version -->
				<include>SettingsDialogButton</include>
				<label>Add version</label>
				<onleft>50</onleft>
				<visible>Window.IsActive(videoversion)</visible>
			</control>
			<control type="button" id="23">
				<!-- Add extras -->
				<include>SettingsDialogButton</include>
				<label>Add extras</label>
				<onleft>50</onleft>
				<visible>Window.IsActive(videoextra)</visible>
			</control>
			<control type="button" id="27">
				<!-- Choose art -->
				<include>SettingsDialogButton</include>
				<label>$LOCALIZE[13511]</label>
				<onleft>50</onleft>
			</control>
			<control type="button" id="24">
				<!-- Rename -->
				<include>SettingsDialogButton</include>
				<label>$LOCALIZE[118]</label>
				<onleft>50</onleft>
			</control>
			<control type="button" id="26">
				<!-- Remove -->
				<include>SettingsDialogButton</include>
				<label>$LOCALIZE[15015]</label>
				<onleft>50</onleft>
			</control>
			<control type="button" id="25">
				<!-- Set default -->
				<include>SettingsDialogButton</include>
				<label>$LOCALIZE[13278]</label>
				<onleft>50</onleft>
			</control>
		</control>
			
	</include>
	<include name="DialogVideoExtraLayout">
		<control type="group">  <!-- window parent gruop -->
			<control type="image">
				<left>165</left>
				<top>0</top>
				<width>45</width>
				<height>1080</height>
				<texture flipx="true">shadow.png</texture>
				<colordiffuse>C3FFFFFF</colordiffuse>
			</control>
			<control type="image">
				<left>1710</left>
				<top>0</top>
				<width>45</width>
				<height>1080</height>
				<texture>shadow.png</texture>
				<colordiffuse>C3FFFFFF</colordiffuse>
			</control>
			<control type="image">
				<left>210</left>
				<top>0</top>
				<width>1500</width>
				<height>1080</height>
				<texture>darkgrey.png</texture>
				<colordiffuse>$VAR[value_texturecolor]</colordiffuse>
				<animation effect="fade" end="85" condition="true">Conditional</animation>
			</control>
			<control type="image">
				<left>210</left>
				<top>0</top>
				<width>1500</width>
				<height>120</height>
				<texture>black.png</texture>
				<colordiffuse>90FFFFFF</colordiffuse>
			</control>
			<control type="label" id="2">
				<left>322</left>
				<top>34</top>
				<width>1278</width>
				<height>45</height>
				<label></label>
				<font>Font_32</font>
				<textcolor>FFFFFAF0</textcolor>
				<align>center</align>
				<aligny>center</aligny>
				<include>Animation_Fade</include>
			</control>
			<control type="grouplist" id="101">	<!-- right side buttons-->
				<left>1000</left>
				<top>90</top>
				<width>300</width>
				<height>565</height>
				<onleft condition="ControlGroup(200).HasFocus(201) | Integer.IsGreater(Container(51).NumItems,0)">100</onleft>
				<onleft condition="ControlGroup(200).HasFocus(202) + Integer.IsEqual(Container(51).NumItems,0)">200</onleft>
				<align>top</align>
				<scrolltime tween="quadratic">200</scrolltime>
				<include content="DefaultDialogButton">
					<param name="id" value="21" />
					<param name="label" value="$LOCALIZE[208]" />
				</include>
				<include content="DefaultDialogButton">
					<param name="id" value="22" />
					<param name="label" value="$LOCALIZE[31612]" />
					<param name="visible">ControlGroup(200).HasFocus(201)</param>
				</include>
				<include content="DefaultDialogButton">
					<param name="id" value="23" />
					<param name="label" value="$LOCALIZE[31613]" />
					<param name="visible">ControlGroup(200).HasFocus(202)</param>
				</include>
				<include content="DefaultDialogButton">
					<param name="id" value="27" />
					<param name="label" value="$LOCALIZE[13511]" />
				</include>
				<include content="DefaultDialogButton">
					<param name="id" value="24" />
					<param name="label" value="$LOCALIZE[118]" />
				</include>
				<include content="DefaultDialogButton">
					<param name="id" value="26" />
					<param name="label" value="$LOCALIZE[15015]" />
				</include>
				<include content="DefaultDialogButton">
					<param name="id" value="25" />
					<param name="label" value="$LOCALIZE[31614]" />
					<param name="visible">ControlGroup(200).HasFocus(201)</param>
				</include>
			</control>
		</control>
	</include>
</includes>
