<?xml version="1.0" encoding="UTF-8"?>
<!-- Aeon MQ 5 Helix 6.1.4 -->
<!-- Jarvis 8.1.13 -->
<!-- Leia 10.3.0 -->
<!-- Matrix 11.1.1 -->
<window>
	<defaultcontrol always="true">50</defaultcontrol>
	<menucontrol>9900</menucontrol>
	<onunload condition="Skin.HasSetting(kioskcode)">Skin.Reset($INFO[skin.string(custom_code)])</onunload>
	<views>50</views>
	<controls>
		<control type="multiimage">
			<!-- Home window livetv background -->
			<include>WindowBG</include>
			<imagepath background="true">$VAR[value_menutheme_livetv]</imagepath>
		</control>
		<control type="group">	<!-- Background video/music viz display -->
			<animation effect="fade" reversible="true" time="300">VisibleChange</animation>
			<control type="image">
				<left>0</left>
				<top>0</top>
				<width>1920</width>
				<height>1080</height>
				<texture>black.png</texture>
				<colordiffuse>C3FFFFFF</colordiffuse>
				<include>Animation_Fade</include>
				<visible>Player.HasMedia</visible>
			</control>
			<control type="videowindow">
				<left>0</left>
				<top>0</top>
				<width>1920</width>
				<height>1080</height>
				<visible>Player.HasVideo</visible>
				<animation effect="slide" start="0,0" end="-3000,0" time="0">WindowClose</animation>
			</control>
			<control type="visualisation">
				<left>0</left>
				<top>0</top>
				<width>1920</width>
				<height>1080</height>
				<visible>PVR.IsPlayingRadio + [String.Contains(Skin.String(vis_bgradio),vis) | String.Contains(Skin.String(vis_bgradio),fanartmix)]</visible>
				<animation effect="slide" start="0,0" end="-3000,0" time="0">WindowClose</animation>
			</control>
		</control>
		<control type="group">			<!-- default group -->
			<include>Animation_Window</include>
			<visible>![Window.IsVisible(PVRGuideInfo) | Window.IsVisible(PVRRecordingInfo) | Window.IsVisible(PVRGuideSearch) | Window.IsVisible(PVRTimerSetting)]</visible>
			<control type="button" id="9900">
				<!-- to menu/kiosk condition -->
				<include>InvisibleButton</include>
				<onfocus condition="![Skin.HasSetting(kiosk) | Skin.HasSetting(kiosksmart) + !String.Contains(skin.string(codestep),step3)]">SetFocus(9000)</onfocus>
				<onfocus condition="Skin.HasSetting(kiosksmart) + !String.Contains(skin.string(codestep),step3)">SetFocus(9100)</onfocus>
				<onfocus condition="Skin.HasSetting(kiosk)">SetFocus(9100)</onfocus>
			</control>
			<control type="button" id="9920">
				<!-- hidden colection/view fanart -->
				<include>InvisibleButton</include>
				<onleft>SetFocus(50)</onleft>
				<onright>SetFocus(50)</onright>
				<onup>SetFocus(50)</onup>
				<ondown>SetFocus(50)</ondown>
			</control>
			<control type="group">			<!-- Next Recording (timer) /Time -->
				<animation effect="slide" start="0,-105" end="0,0" time="500" delay="1000" easing="inout" tween="cubic">WindowOpen</animation>
				<animation effect="slide" start="0,-105" end="0,0" time="500" delay="1000" easing="inout" tween="cubic">Visible</animation>
				<animation effect="slide" start="0,0" end="0,-105" time="300" easing="inout" tween="cubic">WindowClose</animation>
				<animation effect="slide" start="0,0" end="0,-105" time="300" easing="inout" tween="cubic">Hidden</animation>
				<animation effect="slide" start="0,0" end="450,0" time="0" easing="in" tween="cubic" condition="Control.IsVisible(11) | Control.IsVisible(12)">Conditional</animation>
				<visible>[PVR.IsRecording | PVR.HasNonRecordingTimer | PVR.HasReminder] + ![Player.HasMedia | Control.HasFocus(9920) | ControlGroup(9000).HasFocus]</visible>
				<control type="image">
					<left>0</left>
					<top>0</top>
					<width>750</width>
					<height>39</height>
					<texture>widgets_panel.png</texture>
					<colordiffuse>$VAR[value_texturecolor]</colordiffuse>
					<include>Animation_HomeGlass</include>
				</control>
				<control type="image">
					<left>30</left>
					<top>8</top>
					<width>22</width>
					<height>22</height>
					<aspectratio>keep</aspectratio>
					<texture>pvr_hastimer.png</texture>
					<visible>PVR.HasNonRecordingTimer</visible>
				</control>
				<control type="image">
					<left>30</left>
					<top>8</top>
					<width>30</width>
					<height>22</height>
					<aspectratio>keep</aspectratio>
					<texture>pvr_isrecording.png</texture>
					<visible>PVR.IsRecording</visible>
				</control>
				<control type="label">
					<left>75</left>
					<top>3</top>
					<width>630</width>
					<height>30</height>
					<align>right</align>
					<aligny>center</aligny>
					<font>Font_18A</font>
					<textcolor>FFFFFAF0</textcolor>
					<label>$VAR[value_pvrstatus]</label>
					<scroll>true</scroll>
				</control>
			</control>
			<control type="label" id="29">
				<description>Current Category</description>
				<include>InvisibleButton</include>
				<visible>false</visible>
			</control>
			<control type="label" id="30">
				<description>Current Sub Category</description>
				<include>InvisibleButton</include>
				<visible>false</visible>
			</control>
			<control type="group">			<!-- ViewTypes -->
				<animation effect="fade" reversible="true" time="300">VisibleChange</animation>
				<include>EPGMenu</include>	<!-- image backgrounds and headings -->
				<control type="image">
					<left>360</left>
					<top>196</top>
					<width>472</width>
					<height>658</height>
					<texture>grey.png</texture>
					<colordiffuse>20FFFFFF</colordiffuse>
				</control>
				<control type="image">
					<left>1590</left>
					<top>196</top>
					<width>270</width>
					<height>658</height>
					<texture>grey.png</texture>
					<colordiffuse>20FFFFFF</colordiffuse>
				</control>
				<control type="panel" id="50">	<!-- default view -->
					<left>0</left>
					<top>195</top>
					<width>1920</width>
					<height>660</height>
					<onup>50</onup>
					<ondown>50</ondown>
					<onleft>9900</onleft>
					<onright>73</onright>
					<pagecontrol>73</pagecontrol>
					<scrolltime>350</scrolltime>
					<itemlayout height="60" width="1920">
						<control type="label">
							<include>SettingsLabel</include>
							<label>$INFO[ListItem.ChannelName]</label>
						</control>
						<control type="image">
							<left>0</left>
							<top>0</top>
							<width>360</width>
							<height>4</height>
							<texture>divider.png</texture>
							<colordiffuse>90FFFFFF</colordiffuse>
						</control>
						<control type="image">
							<left>360</left>
							<top>1</top>
							<width>1560</width>
							<height>57</height>
							<aspectratio>stretch</aspectratio>
							<colordiffuse>50FFFAF0</colordiffuse>
							<texture>settings_button_focus.png</texture>
						</control>
						<control type="label">
							<left>345</left>
							<top>0</top>
							<width>525</width>
							<height>60</height>
							<align>center</align>
							<aligny>center</aligny>
							<font>Font_20</font>
							<include>listcolor</include>
							<info>ListItem.Date</info>
						</control>
						<control type="label">
							<left>885</left>
							<top>1</top>
							<width>885</width>
							<height>57</height>
							<align>left</align>
							<aligny>center</aligny>
							<font>Font_18A</font>
							<include>listcolor</include>
							<info>ListItem.Label</info>
						</control>
						<control type="image">
							<left>1620</left>
							<top>15</top>
							<width>45</width>
							<height>30</height>
							<texture>pvr_isrecording.png</texture>
							<visible>ListItem.IsRecording</visible>
						</control>
						<control type="image">
							<left>1620</left>
							<top>15</top>
							<width>30</width>
							<height>30</height>
							<texture>pvr_hastimer.png</texture>
							<visible>!ListItem.IsRecording  + !ListItem.HasReminder + !String.IsEmpty(ListItem.Date)</visible>
						</control>
						<control type="image">
							<left>1620</left>
							<top>15</top>
							<width>30</width>
							<height>30</height>
							<texture>pvr_hasreminder.png</texture>
							<visible>!ListItem.IsRecording  + ListItem.HasReminder</visible>
						</control>
						<control type="label">
							<left>1680</left>
							<top>1</top>
							<width>165</width>
							<height>57</height>
							<align>left</align>
							<aligny>center</aligny>
							<font>Font_18A</font>
							<include>listcolorfocus</include>
							<info>ListItem.Comment</info>
						</control>
					</itemlayout>
					<focusedlayout height="60" width="1920">
						<control type="image">
							<left>0</left>
							<top>0</top>
							<width>357</width>
							<height>60</height>
							<texture>settings_button.png</texture>
							<animation effect="fade" start="100" end="50" time="50" condition="!Control.Hasfocus(50)">conditional</animation>
							<visible>!String.IsEmpty(ListItem.ChannelName)</visible>
						</control>
						<control type="image">
							<left>360</left>
							<top>1</top>
							<width>1560</width>
							<height>57</height>
							<aspectratio>stretch</aspectratio>
							<colordiffuse>FFFFFAF0</colordiffuse>
							<texture>settings_button_focus.png</texture>
						</control>
						<control type="label">
							<include>SettingsLabelFocus</include>
							<label>$INFO[ListItem.ChannelName]</label>
						</control>
						<control type="label">
							<left>345</left>
							<top>0</top>
							<width>525</width>
							<height>60</height>
							<align>center</align>
							<aligny>center</aligny>
							<font>Font_20</font>
							<textcolor>$VAR[value_headercolor]</textcolor>
							<info>ListItem.Date</info>
						</control>
						<control type="label">
							<left>885</left>
							<top>1</top>
							<width>885</width>
							<height>57</height>
							<align>left</align>
							<aligny>center</aligny>
							<font>Font_18A</font>
							<include>listcolorfocus</include>
							<info>ListItem.Label</info>
						</control>
						<control type="image">
							<left>1620</left>
							<top>15</top>
							<width>45</width>
							<height>30</height>
							<texture>pvr_isrecording.png</texture>
							<visible>ListItem.IsRecording</visible>
						</control>
						<control type="image">
							<left>1620</left>
							<top>15</top>
							<width>30</width>
							<height>30</height>
							<texture>pvr_hastimer.png</texture>
							<visible>!ListItem.IsRecording  + !ListItem.HasReminder + !String.IsEmpty(ListItem.Date)</visible>
						</control>
						<control type="image">
							<left>1620</left>
							<top>15</top>
							<width>30</width>
							<height>30</height>
							<texture>pvr_hasreminder.png</texture>
							<visible>!ListItem.IsRecording  + ListItem.HasReminder</visible>
						</control>
						<control type="label">
							<left>1680</left>
							<top>1</top>
							<width>165</width>
							<height>57</height>
							<align>left</align>
							<aligny>center</aligny>
							<font>Font_18A</font>
							<include>listcolorfocus</include>
							<info>ListItem.Comment</info>
						</control>
					</focusedlayout>
				</control>
				<control type="scrollbar" id="73">
					<include>ScrollBar_Vertical</include>
					<left>1868</left>
					<top>202</top>
					<height>645</height>
					<onleft>11</onleft>
					<onright>9900</onright>
					<ondown>73</ondown>
					<onup>73</onup>
				</control>
				<include>PVRCommonInfo</include>
			</control>
			<!-- Furniture -->
			<include>TouchScreen</include>
			<include condition="Skin.HasSetting(pvrdate)">TopDate</include>
			<include>TopMenu_PVR</include>
			<include>BGBlack</include>
		</control>
	</controls>
</window>
