<?xml version="1.0" encoding="UTF-8"?>
<!-- Aeon MQ 5 -->
<!-- Krypton 9.1.19 -->
<!-- Omega 13.7.0 -->
<includes>
	<!--##################################################################################   VISTA LANDSCAPEX - ID 64   #############################################################################-->
	<include name="LandScapeXLabel">
		<left>0</left>
		<height>30</height>
		<width>450</width>
		<font>Font_18A</font>
		<aligny>top</aligny>
		<align>left</align>
		<textcolor>$VAR[value_headercolor]</textcolor>
		<textoffsetx>0</textoffsetx>
		<textoffsety>0</textoffsety>
		<scroll>true</scroll>
	</include>
	<include name="ViewLandScapeX">
		<control type="group">
			<!-- default group -->
			<animation effect="fade" time="400">VisibleChange</animation>
			<visible>Control.IsVisible(64)</visible>
			<control type="group">
				<!-- painel de info fanart layout -->
				<animation effect="slide" start="0,-900" end="0,0" time="500" tween="sine" easing="out">Visible</animation>
				<animation effect="slide" start="0,0" end="0,-900" time="500" tween="sine" easing="out">Hidden</animation>
				<visible>String.Contains(skin.string(landscapexlayout),fanart) + !String.IsEqual(ListItem.Label,..)</visible>
				<control type="image">
					<left>0</left>
					<top>84</top>
					<width>1920</width>
					<height>45</height>
					<texture>shadow_h.png</texture>
					<colordiffuse>C3FFFFFF</colordiffuse>
				</control>
				<control type="image">
					<left>0</left>
					<top>128</top>
					<width>1920</width>
					<height>450</height>
					<texture>darkgrey.png</texture>
					<colordiffuse>$VAR[value_texturecolor]</colordiffuse>
					<animation effect="fade" end="85" condition="true">Conditional</animation>
				</control>
				<control type="grouplist">
					<left>90</left>
					<top>156</top>
					<orientation>vertical</orientation>
					<itemgap>15</itemgap>
					<control type="label">
						<include>LandScapeXLabel</include>
						<label>$VAR[value_ground11_label]: [COLOR=FFFFFAF0]$VAR[value_ground11_value][/COLOR]</label>
					</control>
					<control type="label">
						<include>LandScapeXLabel</include>
						<label>$VAR[value_ground12_label]: [COLOR=FFFFFAF0]$VAR[value_ground12_value][/COLOR]</label>
					</control>
					<control type="label">
						<include>LandScapeXLabel</include>
						<label>$VAR[value_ground13_label]: [COLOR=FFFFFAF0]$VAR[value_ground13_value][/COLOR]</label>
					</control>
					<control type="label">
						<include>LandScapeXLabel</include>
						<label>$VAR[value_ground14_label] [COLOR=FFFFFAF0]$VAR[value_ground14_value][/COLOR]</label>
					</control>
					<control type="label">
						<include>LandScapeXLabel</include>
						<label>$VAR[value_ground15_label]: [COLOR=FFFFFAF0]$VAR[value_ground15_value][/COLOR]</label>
					</control>
					<control type="label">
						<include>LandScapeXLabel</include>
						<label>$VAR[value_ground16_label]: [COLOR=FFFFFAF0]$VAR[value_ground16_value][/COLOR]</label>
					</control>
					<control type="label">
						<include>LandScapeXLabel</include>
						<label>$VAR[value_ground17_label]: [COLOR=FFFFFAF0]$VAR[value_ground17_value][/COLOR]</label>
					</control>
				</control>
				<control type="image">
					<left>578</left>
					<top>128</top>
					<width>3</width>
					<height>410</height>
					<texture>separator_v.png</texture>
				</control>
				<control type="image">
					<left>1185</left>
					<top>128</top>
					<width>3</width>
					<height>410</height>
					<texture>separator_v.png</texture>
				</control>
				<control type="textbox">
					<left>615</left>
					<top>156</top>
					<width>540</width>
					<height>352</height>
					<font>Font_18A</font>
					<label>$VAR[value_plot]</label>
					<autoscroll delay="15000" time="2000" repeat="15000">!Skin.HasSetting(noallowscroll)</autoscroll>
				</control>
				<control type="image">
					<left>0</left>
					<top>537</top>
					<width>1920</width>
					<height>3</height>
					<texture>separator.png</texture>
				</control>
				<control type="image">
					<left>1218</left>
					<top>159</top>
					<width>600</width>
					<height>352</height>
					<aspectratio>keep</aspectratio>
					<texture background="true">$INFO[ListItem.Art(fanart)]</texture>
					<bordertexture border="-2">black.png</bordertexture>
					<fadetime>FanartCrossFadeTime</fadetime>
				</control>
			</control>
			<control type="image">
				<left>0</left>
				<top>531</top>
				<width>1920</width>
				<height>45</height>
				<texture>shadow_h.png</texture>
				<colordiffuse>C3FFFFFF</colordiffuse>
				<include>Animation_Fade</include>
			</control>
			<control type="image">
				<left>0</left>
				<top>975</top>
				<width>1920</width>
				<height>45</height>
				<texture flipy="true">shadow_h.png</texture>
				<colordiffuse>C3FFFFFF</colordiffuse>
			</control>
			<control type="image">
				<left>0</left>
				<top>574</top>
				<width>1920</width>
				<height>400</height>
				<texture>darkgrey.png</texture>
				<colordiffuse>$VAR[value_texturecolor]</colordiffuse>
				<animation effect="fade" end="85" condition="true">Conditional</animation>
			</control>
			<control type="panel" id="64">
				<viewtype label="31804">icon</viewtype>
				<left>142</left>
				<top>582</top>
				<width>1665</width>
				<height>400</height>
				<onup>9900</onup>
				<onleft>9900</onleft>
				<onright>80</onright>
				<scrolltime>400</scrolltime>
				<preloaditems>2</preloaditems>
				<pagecontrol>80</pagecontrol>
				<visible>Container.Content(tvshows) | Container.Content(episodes)</visible>
				<itemlayout height="201" width="303">
					<control type="image">
						<left>68</left>
						<top>6</top>
						<width>288</width>
						<height>174</height>
						<texture>landscapex_back.png</texture>
						<colordiffuse>30FFFAF0</colordiffuse>
						<aspectratio>stretch</aspectratio>
						<include>Animation_Fade</include>
					</control>
					<control type="image">
						<left>64</left>
						<top>1</top>
						<width>294</width>
						<height>183</height>
						<bordersize>8</bordersize>
						<texture fallback="DefaultExtraThumbs.png" background="true">$VAR[value_landscape]</texture>
						<aspectratio>stretch</aspectratio>
						<visible>!String.IsEqual(ListItem.Label,..)</visible>
					</control>
					<control type="image">
						<left>64</left>
						<top>1</top>
						<width>294</width>
						<height>183</height>
						<bordersize>8</bordersize>
						<texture fallback="DefaultExtraThumbs.png" background="true">$VAR[value_landscape]</texture>
						<aspectratio>keep</aspectratio>
						<visible>String.IsEqual(ListItem.Label,..)</visible>
					</control>
					<control type="image">
						<left>303</left>
						<top>15</top>
						<width>45</width>
						<height>45</height>
						<texture>OverlayVersions.png</texture>
						<colordiffuse>$VAR[value_watchedcolor]</colordiffuse>
						<aspectratio align="center" aligny="bottom">keep</aspectratio>
						<visible>![Skin.HasSetting(nooverlays) | String.Contains(skin.string(stylewatched),2) | String.Contains(skin.string(stylewatched),3)] + ListItem.HasVideoVersions</visible>
					</control>
					<control type="image">
						<left>303</left>
						<top>15</top>
						<width>45</width>
						<height>45</height>
						<texture>OverlayExtras.png</texture>
						<colordiffuse>$VAR[value_watchedcolor]</colordiffuse>
						<aspectratio align="center" aligny="bottom">keep</aspectratio>
						<visible>![Skin.HasSetting(nooverlays) | String.Contains(skin.string(stylewatched),2) | String.Contains(skin.string(stylewatched),3)] + ListItem.HasVideoExtras</visible>
					</control>
					<control type="image">
						<left>303</left>
						<top>15</top>
						<width>45</width>
						<height>45</height>
						<texture>$VAR[value_watchedstyle]</texture>
						<colordiffuse>$VAR[value_watchedcolor]</colordiffuse>
						<aspectratio align="center" aligny="bottom">keep</aspectratio>
						<visible>![Skin.HasSetting(nooverlays) | String.Contains(skin.string(stylewatched),2) | String.Contains(skin.string(stylewatched),3)] + String.IsEqual(ListItem.Overlay,OverlayWatched.png)</visible>
					</control>
					<control type="image">
						<left>303</left>
						<top>129</top>
						<width>45</width>
						<height>45</height>
						<texture flipy="true">OverlayVersions.png</texture>
						<colordiffuse>$VAR[value_watchedcolor]</colordiffuse>
						<aspectratio align="center" aligny="bottom">keep</aspectratio>
						<visible>[!Skin.HasSetting(nooverlays) + ListItem.HasVideoVersions] + [String.Contains(skin.string(stylewatched),2) | String.Contains(skin.string(stylewatched),3)]</visible>
					</control>
					<control type="image">
						<left>303</left>
						<top>129</top>
						<width>45</width>
						<height>45</height>
						<texture flipy="true">OverlayExtras.png</texture>
						<colordiffuse>$VAR[value_watchedcolor]</colordiffuse>
						<aspectratio align="center" aligny="bottom">keep</aspectratio>
						<visible>[!Skin.HasSetting(nooverlays) + ListItem.HasVideoExtras] + [String.Contains(skin.string(stylewatched),2) | String.Contains(skin.string(stylewatched),3)]</visible>
					</control>
					<control type="image">
						<left>303</left>
						<top>129</top>
						<width>45</width>
						<height>45</height>
						<texture flipy="true">$VAR[value_watchedstyle]</texture>
						<colordiffuse>$VAR[value_watchedcolor]</colordiffuse>
						<aspectratio align="center" aligny="bottom">keep</aspectratio>
						<visible>[!Skin.HasSetting(nooverlays) + String.IsEqual(ListItem.Overlay,OverlayWatched.png)] + [String.Contains(skin.string(stylewatched),2) | String.Contains(skin.string(stylewatched),3)]</visible>
					</control>
				</itemlayout>
				<focusedlayout height="201" width="303">
					<control type="image">
						<left>68</left>
						<top>6</top>
						<width>288</width>
						<height>174</height>
						<texture>landscapex_back.png</texture>
						<aspectratio>stretch</aspectratio>
						<animation type="Focus" reversible="false">
							<effect type="zoom" center="auto" start="80" end="100" time="400" tween="back" easing="out" />
							<effect type="fade" start="80" end="100" time="400" />
						</animation>
					</control>
					<control type="image">
						<left>68</left>
						<top>6</top>
						<width>288</width>
						<height>174</height>
						<texture>landscapex_back.png</texture>
						<aspectratio>stretch</aspectratio>
						<animation type="Focus" reversible="false">
							<effect type="zoom" center="auto" start="80" end="100" time="400" tween="back" easing="out" />
							<effect type="fade" start="80" end="100" time="400" />
						</animation>
					</control>
					<control type="image">
						<left>64</left>
						<top>1</top>
						<width>294</width>
						<height>183</height>
						<bordersize>8</bordersize>
						<texture fallback="DefaultExtraThumbs.png" background="true">$VAR[value_landscape]</texture>
						<aspectratio>stretch</aspectratio>
						<animation type="Focus" reversible="false">
							<effect type="zoom" center="auto" start="80" end="100" time="400" tween="back" easing="out" />
							<effect type="fade" start="80" end="100" time="400" />
						</animation>
						<visible>!String.IsEqual(ListItem.Label,..)</visible>
					</control>
					<control type="image">
						<left>64</left>
						<top>1</top>
						<width>294</width>
						<height>183</height>
						<bordersize>8</bordersize>
						<texture fallback="DefaultExtraThumbs.png" background="true">$VAR[value_landscape]</texture>
						<aspectratio>keep</aspectratio>
						<animation type="Focus" reversible="false">
							<effect type="zoom" center="auto" start="80" end="100" time="400" tween="back" easing="out" />
							<effect type="fade" start="80" end="100" time="400" />
						</animation>
						<visible>String.IsEqual(ListItem.Label,..)</visible>
					</control>
					<control type="image">
						<left>303</left>
						<top>15</top>
						<width>45</width>
						<height>45</height>
						<texture>OverlayVersions.png</texture>
						<colordiffuse>$VAR[value_watchedcolor]</colordiffuse>
						<aspectratio align="center" aligny="bottom">keep</aspectratio>
						<animation type="Focus" reversible="false">
							<effect type="zoom" center="225,90" start="80" end="100" time="400" tween="back" easing="out" />
						</animation>
						<visible>![Skin.HasSetting(nooverlays) | String.Contains(skin.string(stylewatched),2) | String.Contains(skin.string(stylewatched),3)] + ListItem.HasVideoVersions</visible>
					</control>
					<control type="image">
						<left>303</left>
						<top>15</top>
						<width>45</width>
						<height>45</height>
						<texture>OverlayExtras.png</texture>
						<colordiffuse>$VAR[value_watchedcolor]</colordiffuse>
						<aspectratio align="center" aligny="bottom">keep</aspectratio>
						<animation type="Focus" reversible="false">
							<effect type="zoom" center="225,90" start="80" end="100" time="400" tween="back" easing="out" />
						</animation>
						<visible>![Skin.HasSetting(nooverlays) | String.Contains(skin.string(stylewatched),2) | String.Contains(skin.string(stylewatched),3)] + ListItem.HasVideoExtras</visible>
					</control>
					<control type="image">
						<left>303</left>
						<top>15</top>
						<width>45</width>
						<height>45</height>
						<texture>$VAR[value_watchedstyle]</texture>
						<colordiffuse>$VAR[value_watchedcolor]</colordiffuse>
						<aspectratio align="center" aligny="bottom">keep</aspectratio>
						<animation type="Focus" reversible="false">
							<effect type="zoom" center="225,90" start="80" end="100" time="400" tween="back" easing="out" />
						</animation>
						<visible>![Skin.HasSetting(nooverlays) | String.Contains(skin.string(stylewatched),2) | String.Contains(skin.string(stylewatched),3)] + String.IsEqual(ListItem.Overlay,OverlayWatched.png)</visible>
					</control>
					<control type="image">
						<left>303</left>
						<top>129</top>
						<width>45</width>
						<height>45</height>
						<texture flipy="true">OverlayVersions.png</texture>
						<colordiffuse>$VAR[value_watchedcolor]</colordiffuse>
						<aspectratio align="center" aligny="bottom">keep</aspectratio>
						<animation type="Focus" reversible="false">
							<effect type="zoom" center="225,90" start="80" end="100" time="400" tween="back" easing="out" />
						</animation>
						<visible>[!Skin.HasSetting(nooverlays) + ListItem.HasVideoVersions] + [String.Contains(skin.string(stylewatched),2) | String.Contains(skin.string(stylewatched),3)]</visible>
					</control>
					<control type="image">
						<left>303</left>
						<top>129</top>
						<width>45</width>
						<height>45</height>
						<texture flipy="true">OverlayExtras.png</texture>
						<colordiffuse>$VAR[value_watchedcolor]</colordiffuse>
						<aspectratio align="center" aligny="bottom">keep</aspectratio>
						<animation type="Focus" reversible="false">
							<effect type="zoom" center="225,90" start="80" end="100" time="400" tween="back" easing="out" />
						</animation>
						<visible>[!Skin.HasSetting(nooverlays) + ListItem.HasVideoExtras] + [String.Contains(skin.string(stylewatched),2) | String.Contains(skin.string(stylewatched),3)]</visible>
					</control>
					<control type="image">
						<left>303</left>
						<top>129</top>
						<width>45</width>
						<height>45</height>
						<texture flipy="true">$VAR[value_watchedstyle]</texture>
						<colordiffuse>$VAR[value_watchedcolor]</colordiffuse>
						<aspectratio align="center" aligny="bottom">keep</aspectratio>
						<animation type="Focus" reversible="false">
							<effect type="zoom" center="225,90" start="80" end="100" time="400" tween="back" easing="out" />
						</animation>
						<visible>[!Skin.HasSetting(nooverlays) + String.IsEqual(ListItem.Overlay,OverlayWatched.png)] + [String.Contains(skin.string(stylewatched),2) | String.Contains(skin.string(stylewatched),3)]</visible>
					</control>
				</focusedlayout>
			</control>
			<control type="scrollbar" id="80">
				<include>ScrollBar_Vertical</include>
				<left>1770</left>
				<top>582</top>
				<height>392</height>
				<onleft>64</onleft>
				<onright>9920</onright>
				<include>Animation_Fade</include>
				<visible allowhiddenfocus="true">Control.IsVisible(64) + Control.HasFocus(80)</visible>
			</control>
		</control>
	</include>
</includes>
