<?xml version="1.0" encoding="UTF-8"?>
<!-- Aeon MQ 5 -->
<!-- Jarvis 8.1.13 -->
<!-- Leia 10.3.0/10.4.0 -->
<window id="628">
	<!-- safe id -->
	<defaultcontrol always="true">892</defaultcontrol>
	<controls>
		<control type="button" id="892">
			<include>InvisibleButton</include>
			<onclick>noop</onclick>
			<onfocus>Skin.ResetSettings</onfocus>
			<onfocus>AlarmClock(replace,ReplaceWindow(Home),0:02,true)</onfocus>
		</control>
		<control type="image">
			<left>0</left>
			<top>0</top>
			<width>1920</width>
			<height>1200</height>  <!-- 1200 -->
			<texture>hive_back.png</texture>
			<include>Animation_Fade</include>
			<visible>Control.HasFocus(892)</visible>
		</control>
		<control type="image">
			<!-- Skin Logo -->
			<left>735</left>
			<top>324</top>
			<width>450</width>
			<height>254</height>
			<align>left</align>
			<aspectratio>keep</aspectratio>
			<texture>aeonmq5_logo.png</texture>
			<visible>Control.HasFocus(892)</visible>
		</control>
		<control type="label">
			<left>735</left>
			<top>585</top>
			<width>450</width>
			<height>120</height>
			<align>center</align>
			<textcolor>B6FFFAF0</textcolor>
			<font>Font_21A</font>
			<label>31425</label>
			<include>Animation_Fade</include>
			<visible>Control.HasFocus(892)</visible>
		</control>
	</controls>
</window>
