<?xml version="1.0" encoding="UTF-8"?>
<!-- Aeon MQ 5 New Helix 6.1.4 -->
<!-- Krypton 9.2.1 window IDs -->
<!-- Leia 10.2.3/10.3.0 -->
 <!-- Omega1610 -->
<window id="1101" type="dialog">
	<defaultcontrol always="true">9030</defaultcontrol>
	<onunload>AlarmClock(refreshview,ActivateWindowAndFocus(tvguide, 9940,0),0:01,true)</onunload>
	<controls>
		<control type="group">
			<include>Animation_DialogPopup</include>
			<control type="image">
				<left>165</left>
				<top>0</top>
				<width>45</width>
				<height>1200</height>  <!-- 1200 -->
				<texture flipx="true">shadow.png</texture>
				<colordiffuse>C3FFFFFF</colordiffuse>
			</control>
			<control type="image">
				<left>1710</left>
				<top>0</top>
				<width>45</width>
				<height>1200</height>  <!-- 1200 -->
				<texture>shadow.png</texture>
				<colordiffuse>C3FFFFFF</colordiffuse>
			</control>
			<control type="image">
				<left>210</left>
				<top>0</top>
				<width>1500</width>
				<height>1200</height>  <!-- 1200 -->
				<texture>darkgrey.png</texture>
				<colordiffuse>$VAR[value_texturecolor]</colordiffuse>
				<include>Animation_DefaultGlass</include>
			</control>
			<control type="image">
				<left>210</left>
				<top>0</top>
				<width>1500</width>
				<height>120</height>
				<texture>black.png</texture>
				<colordiffuse>90FFFFFF</colordiffuse>
			</control>
			<control type="label">
				<left>322</left>
				<top>8</top>
				<width>1278</width>
				<height>45</height>
				<align>center</align>
				<aligny>top</aligny>
				<label>31479</label>
				<font>Font_32</font>
				<textcolor>FFFFFAF0</textcolor>
			</control>
			<control type="label">
				<left>322</left>
				<top>68</top>
				<width>1278</width>
				<height>45</height>
				<align>center</align>
				<aligny>top</aligny>
				<label>31140</label>
				<font>Font_18A</font>
				<textcolor>FFFFFAF0</textcolor>
			</control>
			<control type="grouplist" id="9030">
				<left>210</left>
				<top>150</top>
				<width>1500</width>
				<height>900</height>
				<itemgap>0</itemgap>
				<onleft>Dialog.Close(1101)</onleft>
				<onright>Dialog.Close(1101)</onright>
			</control>
		</control>
	</controls>
</window>
