<?xml version="1.0" encoding="UTF-8"?>
<!-- Aeon MQ 5 Helix 6.1.1 -->
<!-- Jarvis 8.1.14 -->
<!-- Krypton 9.2.1 window IDs 106 -->
<!-- Leia 10.3.0 -->
<!-- Matrix 11.0.4/11.2.0 -->
<!-- Nexus 12.5.0 -->
<window>
	<defaultcontrol>1000</defaultcontrol>
	<coordinates>
		<system>1</system>
	</coordinates>
	<include>Animation_DialogPopup</include>
	<animation effect="slide" time="0" tween="cubic" easing="out" end="600,0" condition="Window.IsVisible(addoninformation)">Conditional</animation>
	<controls>
		<control type="image">
			<left>0</left>
			<top>-30</top>
			<width>681</width>
			<height>58</height>
			<texture>gradient_focus.png</texture>
			<colordiffuse>$VAR[value_headercolor]</colordiffuse>
		</control>
		<control type="image">
			<left>0</left>
			<top>-75</top>
			<width>681</width>
			<height>58</height>
			<texture>dialogs_context_nofocus.png</texture>
			<colordiffuse>F9FFFFFF</colordiffuse>
		</control>
		<control type="label">
			<left>120</left>
			<top>-76</top>
			<width>450</width>
			<height>60</height>
			<align>center</align>
			<aligny>center</aligny>
			<label>31178</label>
			<font>Font_20</font>
			<textcolor>$VAR[value_headercolor]</textcolor>
		</control>
		<control type="image" id="999">
			<!-- background image -->
			<left>0</left>
			<top>-75</top>
			<width>684</width>
			<height>1200</height>  <!-- 1200 -->
			<texture></texture>
		</control>
		<control type="image" id="997">
			<!-- top image -->
			<description>top image</description>
			<left>-3</left>
			<top>-40</top>
			<width>694</width>
			<height>40</height>
			<texture></texture>
		</control>
		<control type="image" id="998">
			<!-- bottom image -->
			<left>-3</left>
			<top>-75</top>
			<width>694</width>
			<height>40</height>
			<texture></texture>
		</control>
		<control type="grouplist" id="996">
			<left>0</left>
			<top>0</top>
			<width>681</width>
			<height max="1005">auto</height>
			<itemgap>0</itemgap>
			<control type="button" id="1000">
				<include>DialogContext_Button</include>
			</control>
			<control type="button" id="1030">
				<include>DialogContext_Button</include>
				<onleft>Dialog.Close(contextmenu)</onleft>
				<onright>Dialog.Close(contextmenu)</onright>
				<onclick>RunScript(script.libraryeditor,DBID=$INFO[ListItem.DBID])</onclick>
				<label>31671</label>
				<visible>System.AddonIsEnabled(script.libraryeditor) + [Container.Content(Movies) | Container.Content(episodes) | Container.Content(musicvideos) | Container.Content(sets)]</visible>
			</control>
			<control type="button" id="1031">
				<include>DialogContext_Button</include>
				<onleft>Dialog.Close(contextmenu)</onleft>
				<onright>Dialog.Close(contextmenu)</onright>
				<onclick condition="!Skin.HasSetting(fullscreentrailer)">SetFocus(9930)</onclick>
				<onclick condition="!Skin.HasSetting(fullscreentrailer)">PlayMedia($INFO[ListItem.Trailer],1)</onclick>
				<onclick condition="Skin.HasSetting(fullscreentrailer)">PlayMedia($INFO[ListItem.Trailer])</onclick>
				<label>31945</label>
				<visible>!String.IsEmpty(ListItem.Trailer)</visible>
			</control>
			<control type="button" id="1032">
				<include>DialogContext_Button</include>
				<onleft>Dialog.Close(contextmenu)</onleft>
				<onright>Dialog.Close(contextmenu)</onright>
				<onclick>ActivateWindow(shutdownmenu)</onclick>
				<label>31243</label>
			</control>
			<control type="button" id="1033">
				<include>DialogContext_Button</include>
				<onleft>Dialog.Close(contextmenu)</onleft>
				<onright>Dialog.Close(contextmenu)</onright>
				<onclick>RunScript(script.trakt,action=contextmenu)</onclick>
				<label>trakt</label>
				<visible>System.AddonIsEnabled(script.trakt)</visible>
			</control>
		</control>
	</controls>
</window>
