<?xml version="1.0" encoding="UTF-8"?>
<!-- Aeon MQ 5 -->
<!-- Jarvis 8.1.14 -->
<window>
	<defaultcontrol always="true">10</defaultcontrol>
	<controls>
		<control type="group">
			<include>Animation_DialogPopup</include>
			<animation effect="fade" start="100" end="0" time="200" condition="Window.IsVisible(SliderDialog)">conditional</animation>
			<control type="image">
				<left>165</left>
				<top>0</top>
				<width>45</width>
				<height>1200</height>  <!-- 1200 -->
				<texture flipx="true">shadow.png</texture>
				<colordiffuse>C3FFFFFF</colordiffuse>
			</control>
			<control type="image">
				<left>1710</left>
				<top>0</top>
				<width>45</width>
				<height>1200</height>  <!-- 1200 -->
				<texture>shadow.png</texture>
				<colordiffuse>C3FFFFFF</colordiffuse>
			</control>
			<control type="image">
				<left>210</left>
				<top>0</top>
				<width>1500</width>
				<height>1200</height>  <!-- 1200 -->
				<texture>darkgrey.png</texture>
				<colordiffuse>$VAR[value_texturecolor]</colordiffuse>
				<include>Animation_DefaultGlass2</include>
			</control>
			<control type="image">
				<left>210</left>
				<top>0</top>
				<width>1500</width>
				<height>120</height>
				<texture>black.png</texture>
				<colordiffuse>90FFFFFF</colordiffuse>
			</control>
			<control type="label">
				<left>322</left>
				<top>34</top>
				<width>1278</width>
				<height>45</height>
				<label>$ADDON[adsp.basic 30072]</label>
				<font>Font_32</font>
				<textcolor>FFFFFAF0</textcolor>
				<align>center</align>
				<aligny>center</aligny>
				<include>Animation_Fade</include>
			</control>
			<control type="spincontrolex" id="10">
				<description>Speaker Distance Unit</description>
				<left>210</left>
				<top>120</top>
				<width>1500</width>
				<label>$ADDON[adsp.basic 30073]</label>
				<onright>11</onright>
				<onleft>11</onleft>
				<onup>9001</onup>
				<ondown>9000</ondown>
			</control>
			<control type="label" id="12">
				<description>Speaker distance info</description>
				<left>742</left>
				<top>195</top>
				<width>930</width>
				<height>45</height>
				<label></label>
				<align>left</align>
				<aligny>center</aligny>
			</control>
			<control type="image">
				<description>Default Seperator</description>
				<left>210</left>
				<top>237</top>
				<width>1500</width>
				<height>6</height>
				<texture>divider.png</texture>
			</control>
			<control type="grouplist" id="9000">
				<left>210</left>
				<top>237</top>
				<width>1500</width>
				<height>675</height>
				<itemgap>3</itemgap>
				<orientation>vertical</orientation>
				<onleft>9000</onleft>
				<onright>9000</onright>
				<onup>10</onup>
				<ondown>9001</ondown>
				<control type="spincontrolex" id="13">
					<!-- AE_DSP_CH_FL-->
					<description>Speaker Distance FL</description>
					<label>$ADDON[adsp.basic 30031]</label>
				</control>
				<control type="spincontrolex" id="24">
					<!-- AE_DSP_CH_TFL-->
					<description>Speaker Distance TFL</description>
					<label>$ADDON[adsp.basic 30054]</label>
				</control>
				<control type="spincontrolex" id="19">
					<!-- AE_DSP_CH_FLOC-->
					<description>Speaker Distance FLOC</description>
					<label>$ADDON[adsp.basic 30052]</label>
				</control>
				<control type="spincontrolex" id="15">
					<!-- AE_DSP_CH_FC-->
					<description>Speaker Distance Center</description>
					<label>$ADDON[adsp.basic 30037]</label>
				</control>
				<control type="spincontrolex" id="26">
					<!-- AE_DSP_CH_TFC-->
					<description>Speaker Distance TFC</description>
					<label>$ADDON[adsp.basic 30056]</label>
				</control>
				<control type="spincontrolex" id="20">
					<!-- AE_DSP_CH_FROC-->
					<description>Speaker Distance FLOC</description>
					<label>$ADDON[adsp.basic 30053]</label>
				</control>
				<control type="spincontrolex" id="25">
					<!-- AE_DSP_CH_TFR-->
					<description>Speaker Distance TFR</description>
					<label>$ADDON[adsp.basic 30055]</label>
				</control>
				<control type="spincontrolex" id="14">
					<!-- AE_DSP_CH_FR-->
					<description>Speaker Distance FR</description>
					<label>$ADDON[adsp.basic 30032]</label>
				</control>
				<control type="spincontrolex" id="23">
					<!-- AE_DSP_CH_SR-->
					<description>Speaker Distance SR</description>
					<label>$ADDON[adsp.basic 30034]</label>
				</control>
				<control type="spincontrolex" id="18">
					<!-- AE_DSP_CH_BR-->
					<description>Speaker Distance BR</description>
					<label>$ADDON[adsp.basic 30036]</label>
				</control>
				<control type="spincontrolex" id="29">
					<!-- AE_DSP_CH_TBR-->
					<description>Speaker Distance TBL</description>
					<label>$ADDON[adsp.basic 30063]</label>
				</control>
				<control type="spincontrolex" id="32">
					<!-- AE_DSP_CH_BROC-->
					<description>Speaker Distance BROC</description>
					<label>$ADDON[adsp.basic 30062]</label>
				</control>
				<control type="spincontrolex" id="21">
					<!-- AE_DSP_CH_BC-->
					<description>Speaker Distance BC</description>
					<label>$ADDON[adsp.basic 30039]</label>
				</control>
				<control type="spincontrolex" id="30">
					<!-- AE_DSP_CH_TBC-->
					<description>Speaker Distance TBC</description>
					<label>$ADDON[adsp.basic 30060]</label>
				</control>
				<control type="spincontrolex" id="31">
					<!-- AE_DSP_CH_BLOC-->
					<description>Speaker Distance BLOC</description>
					<label>$ADDON[adsp.basic 30061]</label>
				</control>
				<control type="spincontrolex" id="28">
					<!-- AE_DSP_CH_TBL-->
					<description>Speaker Distance TBL</description>
					<label>$ADDON[adsp.basic 30063]</label>
				</control>
				<control type="spincontrolex" id="17">
					<!-- AE_DSP_CH_BL-->
					<description>Speaker Distance BL</description>
					<label>$ADDON[adsp.basic 30035]</label>
				</control>
				<control type="spincontrolex" id="22">
					<!-- AE_DSP_CH_SL-->
					<description>Speaker Distance SL</description>
					<label>$ADDON[adsp.basic 30033]</label>
				</control>
				<control type="spincontrolex" id="27">
					<!-- AE_DSP_CH_TC-->
					<description>Speaker Distance Top Center</description>
				</control>
				<control type="spincontrolex" id="16">
					<!-- AE_DSP_CH_LFE-->
					<description>Speaker Distance Sub</description>
				</control>
			</control>
			<control type="group" id="9001">
				<left>210</left>
				<top>900</top>
				<control type="button" id="1">
					<description>Ok Button</description>
					<left>0</left>
					<top>0</top>
					<width>750</width>
					<height>60</height>
					<align>center</align>
					<aligny>center</aligny>
					<label>186</label>
					<onup>9000</onup>
					<onleft>2</onleft>
					<onright>2</onright>
					<ondown>11</ondown>
				</control>
				<control type="button" id="2">
					<description>Cancel Button</description>
					<left>750</left>
					<top>0</top>
					<width>750</width>
					<height>60</height>
					<align>center</align>
					<aligny>center</aligny>
					<label>222</label>
					<onup>9000</onup>
					<onleft>1</onleft>
					<onright>1</onright>
					<ondown>11</ondown>
				</control>
			</control>
		</control>
	</controls>
</window>
