<?xml version="1.0" encoding="UTF-8"?>
<!-- Aeon MQ 5 -->
<!-- Jarvis 8.1.13 -->
<!-- Krypton 9.2.2 -->
<!-- Leia 10.4.0 -->
<!-- Matrix 11.1.1 -->
<window>
	<defaultcontrol always="true">7</defaultcontrol>
	<coordinates>
		<system>1</system>
	</coordinates>
	<controls>
		<control type="group">
			<include>Animation_DialogPopup</include>
			<control type="image">
				<left>165</left>
				<top>0</top>
				<width>45</width>
				<height>1200</height>  <!-- 1200 -->
				<texture flipx="true">shadow.png</texture>
				<colordiffuse>C3FFFFFF</colordiffuse>
			</control>
			<control type="image">
				<left>1710</left>
				<top>0</top>
				<width>45</width>
				<height>1200</height>  <!-- 1200 -->
				<texture>shadow.png</texture>
				<colordiffuse>C3FFFFFF</colordiffuse>
			</control>
			<control type="image">
				<left>210</left>
				<top>0</top>
				<width>1500</width>
				<height>1200</height>  <!-- 1200 -->
				<texture>darkgrey.png</texture>
				<colordiffuse>$VAR[value_texturecolor]</colordiffuse>
				<include>Animation_DefaultGlass</include>
			</control>
			<control type="image">
				<left>210</left>
				<top>0</top>
				<width>1500</width>
				<height>120</height>
				<texture>black.png</texture>
				<colordiffuse>90FFFFFF</colordiffuse>
			</control>
			<control type="label" id="2">
				<left>322</left>
				<top>34</top>
				<width>1278</width>
				<height>45</height>
				<label>$LOCALIZE[19047]</label>
				<font>Font_32</font>
				<textcolor>FFFFFAF0</textcolor>
				<align>center</align>
				<aligny>center</aligny>
				<include>Animation_Fade</include>
			</control>
			<control type="label">  <!-- Program title -->
				<left>322</left>
				<top>135</top>
				<width>1278</width>
				<height>45</height>
				<align>center</align>
				<aligny>center</aligny>
				<textcolor>$VAR[value_headercolor]</textcolor>
				<font>Font_30A</font>
				<label>$INFO[ListItem.Title]</label>
				<scroll>true</scroll>
			</control>
			<control type="group">
				<left>622</left>
				<top>214</top>
				<control type="label">  <!-- Time -->
					<left>0</left>
					<top>0</top>
					<width>978</width>
					<height>38</height>
					<align>left</align>
					<aligny>center</aligny>
					<font>Font_18A</font>
					<textcolor>$VAR[value_headercolor]</textcolor>
					<label>$LOCALIZE[142] [COLOR=FFFFFAF0]$INFO[ListItem.StartTime] - $INFO[ListItem.EndTime] ($INFO[ListItem.StartDate])[/COLOR]</label>
				</control>
				<control type="label">  <!-- Duration -->
					<description>Duration</description>
					<left>0</left>
					<top>52</top>
					<width>978</width>
					<height>38</height>
					<align>left</align>
					<aligny>center</aligny>
					<font>Font_18A</font>
					<textcolor>$VAR[value_headercolor]</textcolor>
					<label>$LOCALIZE[180]: [COLOR=FFFFFAF0]$INFO[ListItem.Duration][/COLOR]</label>
				</control>
				<control type="label">  <!-- Channel -->
					<left>0</left>
					<top>105</top>
					<width>978</width>
					<height>38</height>
					<align>left</align>
					<aligny>center</aligny>
					<font>Font_18A</font>
					<textcolor>$VAR[value_headercolor]</textcolor>
					<label>$LOCALIZE[19148]: [COLOR=FFFFFAF0]$INFO[ListItem.ChannelName][/COLOR]</label>
				</control>
				<control type="label">  <!-- Genres -->
					<left>0</left>
					<top>158</top>
					<width>978</width>
					<height>38</height>
					<align>left</align>
					<aligny>center</aligny>
					<font>Font_18A</font>
					<textcolor>$VAR[value_headercolor]</textcolor>
					<label>$LOCALIZE[135]: [COLOR=FFFFFAF0]$INFO[ListItem.Genre][/COLOR]</label>
				</control>
			</control>
			<control type="image">
				<left>322</left>
				<top>195</top>
				<width>1238</width>
				<height>3</height>
				<align>left</align>
				<texture flipx="true">divider.png</texture>
			</control>
			<control type="image">
				<left>322</left>
				<top>428</top>
				<width>1238</width>
				<height>3</height>
				<align>left</align>
				<texture flipx="true">divider.png</texture>
			</control>
			<control type="textbox" id="400">
				<left>322</left>
				<top>450</top>
				<width>1278</width>
				<!--<height>390</height>-->
				<height>510</height>  <!-- 1200 -->
				<align>justify</align>
				<label>$INFO[ListItem.Plot]</label>
				<textcolor>FFFFFAF0</textcolor>
				<font>Font_18A</font>
				<autoscroll delay="20000" time="3000" repeat="20000">!Skin.HasSetting(noallowscroll)</autoscroll>
			</control>
			<control type="image">
				<left>210</left>
				<!--<top>900</top>-->
				<top>1020</top>  <!-- 1200 -->
				<height>60</height>
				<width>1500</width>
				<texture>black.png</texture>
				<colordiffuse>90FFFFFF</colordiffuse>
			</control>
			<control type="grouplist" id="9001">
				<left>210</left>
				<!--<top>900</top>-->
				<top>1020</top>  <!-- 1200 -->
				<onup>60</onup>
				<ondown>60</ondown>
				<orientation>horizontal</orientation>
				<itemgap>0</itemgap>
				<control type="button" id="7">  <!-- OK -->
					<width>250</width>
					<include>SettingsBottomButton</include>
					<label>186</label>
				</control>
				<control type="button" id="6">  <!-- Record -->
					<width>250</width>
					<include>SettingsBottomButton</include>
					<label></label>
					<visible>Window.IsActive(PVRGuideInfo)</visible>
				</control>
				<control type="button" id="5">  <!-- Change channel -->
					<width>250</width>
					<include>SettingsBottomButton</include>
					<label>19165</label>
					<visible>Window.IsActive(PVRGuideInfo)</visible>
				</control>
				<control type="button" id="4">  <!-- Find Similar -->
					<width>250</width>
					<include>SettingsBottomButton</include>
					<label>19003</label>
					<visible>Window.IsActive(PVRGuideInfo)</visible>
				</control>
				<control type="button" id="8">  <!-- Play recording -->
					<width>250</width>
					<include>SettingsBottomButton</include>
					<label>19687</label>
					<visible>Window.IsActive(PVRGuideInfo) | Window.IsActive(PVRRecordingInfo)</visible>
				</control>
				<control type="button" id="9">  <!-- Add timer -->
					<width>250</width>
					<include>SettingsBottomButton</include>
					<label>19061</label>
					<visible>Window.IsActive(PVRGuideInfo)</visible>
				</control>
				<control type="button" id="11">  <!-- Add reminder -->
					<width>250</width>
					<include>SettingsBottomButton</include>
					<label>826</label>
					<visible>Window.IsActive(PVRGuideInfo)</visible>
				</control>
			</control>
		</control>
	</controls>
</window>
