<?xml version="1.0" encoding="UTF-8"?>
<!-- Aeon MQ 5 Helix 6.1.5 -->
<window>
	<defaultcontrol always="true">11</defaultcontrol>
	<coordinates>
		<system>1</system>
	</coordinates>
	<controls>
		<control type="group">
			<include>Animation_DialogPopup</include>
			<visible>![Window.IsActive(PVRGuideInfo) | Window.IsActive(PVRRecordingInfo) | Window.IsActive(PVRGuideSearch) | Window.IsActive(PVRTimerSetting)]</visible>
			<control type="image">
				<left>165</left>
				<top>0</top>
				<width>45</width>
				<height>1200</height>  <!-- 1200 -->
				<texture flipx="true">shadow.png</texture>
				<colordiffuse>C3FFFFFF</colordiffuse>
			</control>
			<control type="image">
				<left>1710</left>
				<top>0</top>
				<width>45</width>
				<height>1200</height>  <!-- 1200 -->
				<texture>shadow.png</texture>
				<colordiffuse>C3FFFFFF</colordiffuse>
			</control>
			<control type="image">
				<left>210</left>
				<top>0</top>
				<width>1500</width>
				<height>1200</height>  <!-- 1200 -->
				<texture>darkgrey.png</texture>
				<colordiffuse>$VAR[value_texturecolor]</colordiffuse>
				<animation effect="fade" end="85" condition="true">Conditional</animation>
			</control>
			<control type="image">
				<left>210</left>
				<top>0</top>
				<width>1500</width>
				<height>120</height>
				<texture>black.png</texture>
				<colordiffuse>90FFFFFF</colordiffuse>
			</control>
			<control type="label">
				<left>322</left>
				<top>34</top>
				<width>1278</width>
				<height>45</height>
				<label>$LOCALIZE[19023] - $INFO[VideoPlayer.ChannelGroup]</label>
				<font>Font_32</font>
				<textcolor>FFFFFAF0</textcolor>
				<align>center</align>
				<aligny>center</aligny>
				<include>Animation_Fade</include>
				<visible>!pvr.IsPlayingRadio</visible>
			</control>
			<control type="label">
				<left>322</left>
				<top>34</top>
				<width>1278</width>
				<height>45</height>
				<label>$LOCALIZE[19024] - $INFO[MusicPlayer.ChannelGroup]</label>
				<font>Font_32</font>
				<textcolor>FFFFFAF0</textcolor>
				<align>center</align>
				<aligny>center</aligny>
				<include>Animation_Fade</include>
				<visible>pvr.IsPlayingRadio</visible>
			</control>
			<control type="list" id="11">
				<viewtype label="535">list</viewtype>
				<left>210</left>
				<top>150</top>
				<width>1500</width>
				<height>818</height>
				<itemgap>0</itemgap>
				<onleft>60</onleft>
				<onright>60</onright>
				<pagecontrol>60</pagecontrol>
				<scrolltime>350</scrolltime>
				<itemlayout height="90" width="1500">
					<control type="image">
						<left>0</left>
						<top>0</top>
						<width>1500</width>
						<height>1</height>
						<texture>line.png</texture>
					</control>
					<control type="image">
						<left>75</left>
						<top>9</top>
						<width>72</width>
						<height>72</height>
						<texture fallback="DefaultVideoCover.png" background="true">$INFO[ListItem.Icon]</texture>
					</control>
					<control type="image">
						<left>150</left>
						<top>9</top>
						<width>75</width>
						<height>72</height>
						<texture>grey.png</texture>
						<colordiffuse>20FFFFFF</colordiffuse>
					</control>
					<control type="label">
						<left>150</left>
						<top>8</top>
						<width>75</width>
						<height>75</height>
						<align>center</align>
						<aligny>center</aligny>
						<font>Font_32</font>
						<textcolor>FFFFFAF0</textcolor>
						<selectedcolor>$VAR[value_headercolor]</selectedcolor>
						<info>ListItem.ChannelNumberLabel</info>
					</control>
					<control type="label">
						<left>240</left>
						<top>-6</top>
						<width>1065</width>
						<height>60</height>
						<align>left</align>
						<aligny>center</aligny>
						<font>Font_22</font>
						<label>$INFO[ListItem.Label]</label>
						<include>listcolor</include>
					</control>
					<control type="label">
						<left>240</left>
						<top>38</top>
						<width>1065</width>
						<height>30</height>
						<align>left</align>
						<aligny>center</aligny>
						<label>$INFO[ListItem.Title]</label>
						<font>Font_18A</font>
						<include>subcolor</include>
					</control>
					<control type="progress">
						<left>240</left>
						<top>72</top>
						<width>1170</width>
						<height>6</height>
						<info>ListItem.Progress</info>
					</control>
				</itemlayout>
				<focusedlayout height="186" width="1500">
					<control type="image">
						<left>0</left>
						<top>0</top>
						<width>1500</width>
						<height>188</height>
						<texture>settings_button_focus.png</texture>
						<animation effect="fade" start="100" end="50" time="50" condition="!Control.Hasfocus(11)">conditional</animation>
					</control>
					<control type="image">
						<left>75</left>
						<top>6</top>
						<width>176</width>
						<height>176</height>
						<texture fallback="DefaultVideoCover.png" background="true">$INFO[ListItem.Icon]</texture>
					</control>
					<control type="image">
						<left>254</left>
						<top>6</top>
						<width>75</width>
						<height>60</height>
						<texture>black.png</texture>
						<colordiffuse>C3FFFFFF</colordiffuse>
					</control>
					<control type="label">
						<left>255</left>
						<top>-2</top>
						<width>75</width>
						<height>75</height>
						<align>center</align>
						<aligny>center</aligny>
						<font>Font_32</font>
						<info>ListItem.ChannelNumberLabel</info>
						<textcolor>$VAR[value_headercolor]</textcolor>
						<selectedcolor>$VAR[value_headercolor]</selectedcolor>
					</control>
					<control type="label">
						<left>339</left>
						<top>-9</top>
						<width>1065</width>
						<height>60</height>
						<align>left</align>
						<aligny>center</aligny>
						<font>Font_22</font>
						<label>$INFO[ListItem.Label]</label>
						<include>listcolorfocus</include>
					</control>
					<control type="label">
						<left>339</left>
						<top>38</top>
						<width>1065</width>
						<height>30</height>
						<align>left</align>
						<aligny>center</aligny>
						<label>$INFO[ListItem.Title]</label>
						<font>Font_18A</font>
						<include>subcolorfocus</include>
					</control>
					<control type="image">
						<left>254</left>
						<top>69</top>
						<width>1239</width>
						<height>112</height>
						<texture>black.png</texture>
						<colordiffuse>30FFFFFF</colordiffuse>
					</control>
					<control type="label">
						<left>262</left>
						<top>70</top>
						<width>1155</width>
						<height>30</height>
						<align>left</align>
						<aligny>center</aligny>
						<label>[COLOR=$VAR[value_headercolor]]$LOCALIZE[142] [/COLOR]$INFO[ListItem.StartTime] - $INFO[ListItem.EndTime] ($INFO[ListItem.StartDate]) - [COLOR=$VAR[value_headercolor]]$LOCALIZE[180]: [/COLOR] $INFO[ListItem.Duration] - [COLOR=$VAR[value_headercolor]]$LOCALIZE[515]: [/COLOR]$INFO[ListItem.Genre]</label>
						<font>Font_18A</font>
						<include>subcolorfocus</include>
					</control>
					<control type="progress">
						<left>262</left>
						<top>104</top>
						<width>1215</width>
						<height>6</height>
						<info>ListItem.Progress</info>
					</control>
					<control type="textbox">
						<left>262</left>
						<top>112</top>
						<width>1215</width>
						<height>66</height>
						<align>justify</align>
						<label>$INFO[ListItem.Plot]</label>
						<font>Font_18A</font>
						<autoscroll delay="4000" time="2000" repeat="4000">!Skin.HasSetting(noallowscroll)</autoscroll>
						<include>subcolorfocus</include>
					</control>
				</focusedlayout>
			</control>
			<control type="scrollbar" id="60">
				<include>ScrollBar_Vertical</include>
				<left>225</left>
				<top>150</top>
				<height>824</height>
				<onleft>11</onleft>
				<onright>11</onright>
				<ondown>60</ondown>
				<onup>60</onup>
			</control>
			<control type="label">
				<left>930</left>
				<top>1008</top>
				<width>750</width>
				<height>30</height>
				<font>Font_18</font>
				<align>right</align>
				<aligny>center</aligny>
				<scroll>true</scroll>
				<textcolor>FFFFFAF0</textcolor>
				<label>$INFO[Container(11).NumItems] $LOCALIZE[19019] - $LOCALIZE[31757] $INFO[Container(11).CurrentPage]/$INFO[Container(11).NumPages]</label>
			</control>
		</control>
	</controls>
</window>
