<?xml version="1.0" encoding="UTF-8"?>
<!-- Aeon MQ 5 Helix 6.1.1/Orby -->
<!-- Krypton 9.2.1 window IDs -->
<!-- Leia 10.4.0/10.5.2/10.6.0/10.6.2 -->
<!-- Matrix 11.0.5/11.1.1 -->
<includes>
	<!-- ######################################################################### Letras layout estilo default ######################################################################### -->
	<include name="LyricsDefault">
		<control type="group">
			<animation effect="slide" start="-1950,0" end="0,0" time="700" tween="sine" easing="inout" delay="1000">WindowOpen</animation>
			<animation effect="slide" start="-1950,0" end="0,0" time="700" tween="sine" easing="inout" delay="1000">Visible</animation>
			<animation effect="slide" start="0,0" end="-1950,0" time="400" tween="sine" easing="inout">WindowClose</animation>
			<animation effect="slide" start="0,0" end="-1950,0" time="400" tween="sine" easing="inout">Hidden</animation>
			<visible>Player.HasAudio + ![Window.IsVisible(musicosd) | Window.IsVisible(visualisationpresetlist) | Window.IsVisible(1107) | Skin.HasSetting(nolyrics_on) | Skin.HasSetting(novisfurniture) | PVR.IsPlayingRadio]</visible>
			<control type="image">
				<left>0</left>
				<top>578</top>
				<width>1920</width>
				<height>45</height>
				<texture flipy="true">shadow_h.png</texture>
				<colordiffuse>C3FFFFFF</colordiffuse>
			</control>
			<control type="image">
				<!-- Fundo -->
				<left>0</left>
				<top>30</top>
				<width>1920</width>
				<height>600</height>
				<texture>details_back.png</texture>
				<colordiffuse>$VAR[value_texturecolor]</colordiffuse>
				<include>Animation_HomeGlass</include>
			</control>
			<control type="label">
				<left>60</left>
				<top>54</top>
				<width>618</width>
				<height>44</height>
				<font>Font_21A</font>
				<label>31723</label>
				<scroll>true</scroll>
				<scrollout>false</scrollout>
				<align>left</align>
				<aligny>center</aligny>
				<textcolor>FFFFFAF0</textcolor>
<!-- 				<annimation type="Visible" reversible="false">
					<effect effect="fade" start="0" end="100" time="500" delay="700"/>
					<effect effect="fade" start="100" end="50" time="500" delay="700"/>
				</annimation> -->
				<animation effect="fade" start="50" end="0" time="200">Hidden</animation>
			</control>
			<control type="image">
				<left>45</left>
				<top>96</top>
				<width>618</width>
				<height>3</height>
				<align>left</align>
				<texture flipx="true">divider.png</texture>
			</control>
			<control type="button">
				<!-- to next tracks -->
				<left>38</left>
				<top>519</top>
				<width>375</width>
				<height>30</height>
				<label>31325</label>
				<font>Font_18A</font>
				<align>left</align>
				<textoffsetx>60</textoffsetx>
				<onclick>ActivateWindow(1107)</onclick>
				<textcolor>80FFFAF0</textcolor>
				<focusedcolor>FFFFFAF0</focusedcolor>
				<texturefocus diffuse="gradient_button.png">settings_button_focus.png</texturefocus>
				<visible>![String.IsEmpty(MusicPlayer.offset(1).Artist) | Skin.HasSetting(nonexttracks_on)]</visible>
			</control>
			<control type="image">
				<left>60</left>
				<top>518</top>
				<width>30</width>
				<height>30</height>
				<texture>arrow_left.png</texture>
				<colordiffuse>80FFFAF0</colordiffuse>
				<include>Animation_Fade</include>
				<visible>![String.IsEmpty(MusicPlayer.offset(1).Artist) | Skin.HasSetting(nonexttracks_on)]</visible>
			</control>
			<control type="button">
				<!-- OSD Menu -->
				<left>1508</left>
				<top>519</top>
				<width>375</width>
				<height>30</height>
				<label>31238</label>
				<font>Font_18A</font>
				<align>right</align>
				<onclick>ActivateWindow(musicosd)</onclick>
				<textcolor>80FFFAF0</textcolor>
				<focusedcolor>FFFFFAF0</focusedcolor>
				<texturefocus flipx="true" diffuse="gradient_button.png">settings_button_focus.png</texturefocus>
				<texturenofocus></texturenofocus>
			</control>
			<control type="image">
				<left>1830</left>
				<top>518</top>
				<width>30</width>
				<height>30</height>
				<texture flipx="true">arrow_left.png</texture>
				<colordiffuse>80FFFAF0</colordiffuse>
				<include>Animation_Fade</include>
			</control>
			<control type="label" id="200">
				<!-- Scraper -->
				<visible>false</visible>
			</control>
			<!-- ** Required ** Do not change <id> or <type> -->
			<control type="list" id="110">
				<left>150</left>
				<top>105</top>
				<width>1620</width>
				<height>405</height>
				<onleft condition="![String.IsEmpty(MusicPlayer.offset(1).Artist) | Skin.HasSetting(nonexttracks_on)]">ActivateWindow(1107)</onleft>
				<onright>ActivateWindow(musicosd)</onright>
				<onup>999</onup>
				<ondown>110</ondown>
				<viewtype label="535">list</viewtype>
				<pagecontrol>111</pagecontrol>
				<scrolltime>200</scrolltime>
				<itemlayout height="52">
					<control type="label">
						<left>75</left>
						<left>810</left>
						<top>4</top>
						<width>1620</width>
						<height>33</height>
						<label fallback="--">$INFO[ListItem.Label]</label>
						<font>Font_21A</font>
						<align>center</align>
						<aligny>center</aligny>
						<textcolor>80FFFAF0</textcolor>
					</control>
				</itemlayout>
				<focusedlayout height="52">
					<control type="image">
						<left>0</left>
						<top>4</top>
						<width>1620</width>
						<height>52</height>
						<texture>gradient_focus.png</texture>
						<colordiffuse>$VAR[value_headercolor]</colordiffuse>
						<visible>Control.HasFocus(110)</visible>
					</control>
					<control type="label">
						<left>0</left>
						<left>810</left>
						<top>4</top>
						<width>1770</width>
						<height>33</height>
						<label fallback="--">$INFO[ListItem.Label]</label>
						<font>Font_30A</font>
						<align>center</align>
						<aligny>center</aligny>
						<textcolor>FFFFFAF0</textcolor>
					</control>
				</focusedlayout>
			</control>
			<control type="spincontrol" id="111">
				<visible>false</visible>
			</control>
			<!-- ** Required ** Do not change <id> or <type> -->
			<!--  removed in script
			<control type="list" id="120">
				<left>150</left>
				<top>105</top>
				<width>1620</width>
				<height>405</height>
				<onleft condition="![String.IsEmpty(MusicPlayer.offset(1).Artist) | Skin.HasSetting(nonexttracks_on)]">ActivateWindow(1107)</onleft>
				<onright>ActivateWindow(musicosd)</onright>
				<onup>120</onup>
				<ondown>120</ondown>
				<viewtype label="535">list</viewtype>
				<pagecontrol>121</pagecontrol>
				<scrolltime>200</scrolltime>
				<itemlayout height="52">
					<control type="label">
						<left>810</left>
						<top>4</top>
						<width>1620</width>
						<height>33</height>
						<info>ListItem.Label</info>
						<font>Font_21A</font>
						<align>center</align>
						<aligny>center</aligny>
						<textcolor>80FFFAF0</textcolor>
					</control>
				</itemlayout>
				<focusedlayout height="52">
					<control type="image">
						<left>0</left>
						<top>4</top>
						<width>1620</width>
						<height>52</height>
						<texture>gradient_focus.png</texture>
						<colordiffuse>$VAR[value_headercolor]</colordiffuse>
						<visible>Control.HasFocus(120)</visible>
					</control>
					<control type="label">
						<left>810</left>
						<top>4</top>
						<width>1620</width>
						<height>33</height>
						<info>ListItem.Label</info>
						<font>Font_30A</font>
						<align>center</align>
						<aligny>center</aligny>
						<textcolor>FFFFFAF0</textcolor>
					</control>
				</focusedlayout>
			</control>
			-->
			<control type="spincontrol" id="121">
				<visible>false</visible>
			</control>
		</control>
	</include>
	<!-- ######################################################################### Letras em modo karaoke ######################################################################### -->
	<include name="LyricsKaraoke">
		<control type="group">
			<!-- karaoke mode -->
			<animation effect="slide" start="-1920,0" end="0,0" time="700" tween="sine" easing="inout" delay="1000">WindowOpen</animation>
			<animation effect="slide" start="-1920,0" end="0,0" time="700" tween="sine" easing="inout" delay="1000">Visible</animation>
			<animation effect="slide" start="0,0" end="-1920,0" time="400" tween="sine" easing="inout">WindowClose</animation>
			<animation effect="slide" start="0,0" end="-1920,0" time="400" tween="sine" easing="inout">Hidden</animation>
			<visible>Player.HasAudio + ![Window.IsVisible(musicosd) | Window.IsVisible(visualisationpresetlist) | Window.IsVisible(1107)]</visible>
			<control type="image">
				<left>0</left>
				<top>0</top>
				<width>1920</width>
				<height>1200</height>  <!-- 1200 -->
				<texture>black.png</texture>
				<colordiffuse>C3FFFFFF</colordiffuse>
			</control>
			<control type="image">
				<left>0</left>
				<top>94</top>
				<width>1920</width>
				<height>45</height>
				<texture flipy="true">shadow_h.png</texture>
				<colordiffuse>C3FFFFFF</colordiffuse>
			</control>
			<control type="image">
				<left>0</left>
				<top>0</top>
				<width>1920</width>
				<height>94</height>
				<texture>black.png</texture>
				<colordiffuse>C3FFFFFF</colordiffuse>
			</control>
			<control type="image">
				<left>0</left>
				<top>0</top>
				<width>1920</width>
				<height>92</height>
				<texture>black.png</texture>
				<colordiffuse>90FFFFFF</colordiffuse>
			</control>
			<control type="label">
				<!-- Titulo -->
				<left>75</left>
				<top>18</top>
				<width>1770</width>
				<height>30</height>
				<label>[COLOR=$VAR[value_headercolor]]$INFO[MusicPlayer.Artist][/COLOR] - $INFO[MusicPlayer.Title]</label>
				<font>Font_30A</font>
				<align>center</align>
				<textcolor>FFFFFAF0</textcolor>
			</control>
			<control type="image">
				<left>1845</left>
				<top>1020</top>
				<width>30</width>
				<height>30</height>
				<texture flipx="true">arrow_left.png</texture>
				<colordiffuse>30FFFAF0</colordiffuse>
				<include>Animation_Fade</include>
			</control>
			<control type="label">
				<!-- Para Menu -->
				<right>1830r</right>
				<top>1020</top>
				<width>225</width>
				<height>30</height>
				<label>31238</label>
				<font>Font_18</font>
				<align>right</align>
				<textcolor>30FFFAF0</textcolor>
			</control>
			<control type="label" id="200">
				<!-- Scraper -->
				<visible>false</visible>
			</control>
			<!-- ** Required ** Do not change <id> or <type> -->
			<control type="list" id="110">
				<left>150</left>
				<top>135</top>
				<width>1620</width>
				<height>885</height>
				<onright>ActivateWindow(musicosd)</onright>
				<onup>999</onup>
				<ondown>110</ondown>
				<viewtype label="535">list</viewtype>
				<pagecontrol>111</pagecontrol>
				<scrolltime>200</scrolltime>
				<itemlayout height="52">
					<control type="label">
						<left>810</left>
						<top>4</top>
						<width>1620</width>
						<height>33</height>
						<info>ListItem.Label</info>
						<font>Font_26A</font>
						<align>center</align>
						<aligny>center</aligny>
						<textcolor>80FFFAF0</textcolor>
					</control>
				</itemlayout>
				<focusedlayout height="52">
					<control type="image">
						<left>0</left>
						<top>4</top>
						<width>1620</width>
						<height>52</height>
						<texture>gradient_focus.png</texture>
						<colordiffuse>$VAR[value_headercolor]</colordiffuse>
						<visible>Control.HasFocus(110)</visible>
					</control>
					<control type="label">
						<left>810</left>
						<top>4</top>
						<width>1770</width>
						<height>33</height>
						<info>ListItem.Label</info>
						<font>Font_30A</font>
						<align>center</align>
						<aligny>center</aligny>
						<textcolor>FFFFFAF0</textcolor>
					</control>
				</focusedlayout>
			</control>
			<control type="spincontrol" id="111">
				<visible>false</visible>
			</control>
			<!-- ** Required ** Do not change <id> or <type> -->
			<!--  revomed in script
			<control type="list" id="120">
				<left>150</left>
				<top>135</top>
				<width>1620</width>
				<height>885</height>
				<onright>ActivateWindow(musicosd)</onright>
				<onup>120</onup>
				<ondown>120</ondown>
				<viewtype label="535">list</viewtype>
				<pagecontrol>121</pagecontrol>
				<scrolltime>200</scrolltime>
				<itemlayout height="52">
					<control type="label">
						<left>810</left>
						<top>4</top>
						<width>1620</width>
						<height>33</height>
						<info>ListItem.Label</info>
						<font>Font_26A</font>
						<align>center</align>
						<aligny>center</aligny>
						<textcolor>80FFFAF0</textcolor>
					</control>
				</itemlayout>
				<focusedlayout height="52">
					<control type="image">
						<left>0</left>
						<top>4</top>
						<width>1620</width>
						<height>52</height>
						<texture>gradient_focus.png</texture>
						<colordiffuse>$VAR[value_headercolor]</colordiffuse>
						<visible>Control.HasFocus(120)</visible>
					</control>
					<control type="label">
						<left>810</left>
						<top>4</top>
						<width>1620</width>
						<height>33</height>
						<info>ListItem.Label</info>
						<font>Font_30A</font>
						<align>center</align>
						<aligny>center</aligny>
						<textcolor>FFFFFAF0</textcolor>
					</control>
				</focusedlayout>
			</control>
			-->
			<control type="spincontrol" id="121">
				<visible>false</visible>
			</control>
		</control>
	</include>
</includes>
