<?xml version="1.0" encoding="UTF-8"?>
<!--  Aeon MQ 5 - Helix 6.1.0/6.1.1/6.1.2/6.1.3/6.1.4 -->
<!-- Jarvis 8.1.13 -->
<!-- Leia 10.3.0/10.6.1 -->
<!-- Matrix 11.1.1 -->
<window>
	<defaultcontrol always="true">51</defaultcontrol>
	<menucontrol>9000</menucontrol>
	<onunload condition="Skin.HasSetting(kioskcode)">Skin.Reset($INFO[skin.string(custom_code)])</onunload>
	<views>51</views>
	<controls>
		<control type="multiimage">
			<!-- Fanart -->
			<include>WindowBG</include>
			<imagepath background="true">$VAR[value_menutheme_livetv]</imagepath>
		</control>
		<control type="group">  <!-- background visualization -->
			<animation effect="fade" reversible="true" time="300">VisibleChange</animation>
			<control type="image">
				<left>0</left>
				<top>0</top>
				<width>1920</width>
				<height>1200</height>  <!-- 1200 -->
				<texture>black.png</texture>
				<colordiffuse>C3FFFFFF</colordiffuse>
				<include>Animation_Fade</include>
				<visible>Player.HasMedia</visible>
			</control>
			<control type="videowindow">
				<left>0</left>
				<top>0</top>
				<width>1920</width>
				<height>1200</height>  <!-- 1200 -->
				<visible>Player.HasVideo</visible>
				<animation effect="slide" start="0,0" end="-3000,0" time="0">WindowClose</animation>
			</control>
			<control type="visualisation">
				<left>0</left>
				<top>0</top>
				<width>1920</width>
				<height>1200</height>  <!-- 1200 -->
				<visible>PVR.IsPlayingRadio + [String.Contains(Skin.String(vis_bgradio),vis) | String.Contains(Skin.String(vis_bgradio),fanartmix)]</visible>
				<animation effect="slide" start="0,0" end="-3000,0" time="0">WindowClose</animation>
			</control>
		</control>
		<control type="group">  <!-- default group -->
			<include>Animation_Window</include>
			<visible>![Window.IsActive(PVRGuideInfo) | Window.IsActive(PVRRecordingInfo) | Window.IsActive(PVRGuideSearch) | Window.IsActive(PVRTimerSetting)]</visible>
			<control type="button" id="9900">
				<!-- to menu/kiosk condition -->
				<include>InvisibleButton</include>
				<onfocus condition="![Skin.HasSetting(kiosk) | Skin.HasSetting(kiosksmart) + !String.Contains(skin.string(codestep),step3)]">SetFocus(9000)</onfocus>
				<onfocus condition="Skin.HasSetting(kiosksmart) + !String.Contains(skin.string(codestep),step3)">SetFocus(9100)</onfocus>
				<onfocus condition="Skin.HasSetting(kiosk)">SetFocus(9100)</onfocus>
			</control>
			<control type="button" id="9920">
				<!-- hidden colection/view fanart -->
				<include>InvisibleButton</include>
				<onleft>SetFocus(51)</onleft>
				<onright>SetFocus(51)</onright>
				<onup>SetFocus(51)</onup>
				<ondown>SetFocus(51)</ondown>
			</control>
			<control type="group">  <!-- Recording/Time -->
				<animation effect="slide" start="0,-105" end="0,0" time="500" delay="1000" easing="inout" tween="cubic">WindowOpen</animation>
				<animation effect="slide" start="0,-105" end="0,0" time="500" delay="1000" easing="inout" tween="cubic">Visible</animation>
				<animation effect="slide" start="0,0" end="0,-105" time="300" easing="inout" tween="cubic">WindowClose</animation>
				<animation effect="slide" start="0,0" end="0,-105" time="300" easing="inout" tween="cubic">Hidden</animation>
				<animation effect="slide" start="0,0" end="450,0" time="0" easing="in" tween="cubic" condition="Control.IsVisible(51)">Conditional</animation>
				<visible>[PVR.IsRecording | PVR.HasNonRecordingTimer] + ![Player.HasMedia | Control.HasFocus(9920) | ControlGroup(9000).HasFocus]</visible>
				<control type="image">
					<left>0</left>
					<top>0</top>
					<width>750</width>
					<height>39</height>
					<texture>widgets_panel.png</texture>
					<colordiffuse>$VAR[value_texturecolor]</colordiffuse>
					<include>Animation_HomeGlass</include>
				</control>
				<control type="image">
					<left>30</left>
					<top>8</top>
					<width>22</width>
					<height>22</height>
					<aspectratio>keep</aspectratio>
					<texture>pvr_hastimer.png</texture>
					<visible>PVR.HasNonRecordingTimer + !PVR.IsRecording</visible>
				</control>
				<control type="image">
					<left>30</left>
					<top>8</top>
					<width>30</width>
					<height>22</height>
					<aspectratio>keep</aspectratio>
					<texture>pvr_isrecording.png</texture>
					<visible>PVR.IsRecording</visible>
				</control>
				<control type="label">
					<left>75</left>
					<top>3</top>
					<width>630</width>
					<height>30</height>
					<align>right</align>
					<aligny>center</aligny>
					<font>Font_18A</font>
					<textcolor>FFFFFAF0</textcolor>
					<label>$VAR[value_pvrstatus]</label>
					<scroll>true</scroll>
				</control>
			</control>
			<control type="group">  <!-- current EPG for selected channel furniture 1200 -->
				<top>120</top>  <!-- 1200 -->
				<visible>Control.IsVisible(51)</visible>
				<animation effect="slide" time="400" start="0,0" end="0,600" easing="in" tween="cubic" condition="Player.HasMedia + System.IdleTime(8) | Control.HasFocus(9920)">Conditional</animation>
				<control type="image">
					<left>450</left>
					<top>580</top>
					<width>1470</width>
					<height>45</height>
					<texture>shadow_h.png</texture>
					<colordiffuse>C3FFFFFF</colordiffuse>
				</control>
				<control type="image">
					<left>450</left>
					<top>996</top>
					<width>1470</width>
					<height>45</height>
					<texture flipy="true">shadow_h.png</texture>
					<colordiffuse>C3FFFFFF</colordiffuse>
				</control>
				<control type="image">
					<left>450</left>
					<top>624</top>
					<width>1470</width>
					<height>374</height>
					<texture>darkgrey.png</texture>
					<colordiffuse>$VAR[value_texturecolor]</colordiffuse>
					<animation effect="fade" end="85" condition="true">Conditional</animation>
				</control>
				<control type="image">
					<left>522</left>
					<top>642</top>
					<width>338</width>
					<height>338</height>
					<texture  background="true">$INFO[Container(51).ListItem.EPGEventIcon]</texture>
					<bordertexture border="-25">musicframe.png</bordertexture>
					<fadetime>FanartCrossFadeTime</fadetime>
					<aspectratio>keep</aspectratio>
					<visible>Control.IsVisible(51)</visible>
				</control>
				<control type="image">
					<left>522</left>
					<top>642</top>
					<width>338</width>
					<height>338</height>
					<texture fallback="DefaultVideoCover.png" background="true">$INFO[Container(51).ListItem.Icon]</texture>
					<bordertexture border="-25">musicframe.png</bordertexture>
					<fadetime>FanartCrossFadeTime</fadetime>
					<aspectratio>keep</aspectratio>
					<visible>Control.IsVisible(51) + String.IsEmpty(Container(51).ListItem.EPGEventIcon)</visible>
				</control>
				<control type="label">
					<!-- Nome do canal -->
					<left>922</left>
					<top>630</top>
					<width>938</width>
					<height>30</height>
					<textcolor>$VAR[value_headercolor]</textcolor>
					<font>Font_20A</font>
					<label>$INFO[ListItem.Label]</label>
					<scroll>true</scroll>
				</control>
				<control type="label">
					<!-- Nome do programa -->
					<left>922</left>
					<top>673</top>
					<width>938</width>
					<height>30</height>
					<textcolor>FFFFFAF0</textcolor>
					<font>Font_18A</font>
					<label>$INFO[ListItem.Title]</label>
					<scroll>true</scroll>
				</control>
				<control type="image">
					<left>922</left>
					<top>722</top>
					<width>938</width>
					<height>3</height>
					<align>left</align>
					<texture flipx="true">divider.png</texture>
				</control>
				<control type="label">
					<!-- Genero -->
					<left>922</left>
					<top>712</top>
					<width>938</width>
					<height>30</height>
					<align>left</align>
					<textcolor>FFFFFAF0</textcolor>
					<font>Font_18A</font>
					<label>$INFO[ListItem.Genre]</label>
					<scroll>true</scroll>
				</control>
				<control type="image">
					<left>922</left>
					<top>762</top>
					<width>938</width>
					<height>3</height>
					<align>left</align>
					<texture flipx="true">divider.png</texture>
				</control>
				<control type="label">
					<left>922</left>
					<top>754</top>
					<width>938</width>
					<height>30</height>
					<font>Font_18A</font>
					<textcolor>FFFFFAF0</textcolor>
				<label>$INFO[ListItem.StartTime]$INFO[ListItem.EndTime, / ]</label><animation effect="fade" reversible="true" time="300">VisibleChange</animation></control>
				<control type="progress">
					<left>922</left>
					<top>807</top>
					<width>938</width>
					<height>8</height>
					<info>ListItem.Progress</info>
					<animation effect="fade" end="90" condition="true">Conditional</animation>
					<animation effect="fade" reversible="true" time="300">VisibleChange</animation>
					<visible>ListItem.HasEpg</visible>
				</control>
				<control type="textbox">
					<left>922</left>
					<top>818</top>
					<width>938</width>
					<height>170</height>
					<textcolor>FFFFFAF0</textcolor>
					<font>Font_18A</font>
					<label>$INFO[ListItem.Plot]</label>
					<autoscroll delay="15000" time="3000" repeat="15000">!Skin.HasSetting(noallowscroll)</autoscroll>
					<animation effect="fade" reversible="true" time="300">VisibleChange</animation>
				</control>
				<control type="group">
					<!-- Controles -->
					<visible>Player.HasMedia</visible>
					<animation effect="slide" start="1920,0" end="0,0" time="500" delay="1000" tween="sine" easing="out">WindowOpen</animation>
					<animation effect="slide" start="1920,0" end="0,0" time="500" delay="1000" tween="sine" easing="out">Visible</animation>
					<animation effect="slide" start="0,0" end="1920,0" time="500" delay="1000" tween="sine" easing="out">Hidden</animation>
					<control type="image">
						<left>1388</left>
						<top>585</top>
						<width>750</width>
						<height>42</height>
						<texture flipx="true" flipy="true">widgets_panel.png</texture>
						<colordiffuse>$VAR[value_texturecolor]</colordiffuse>
						<include>Animation_HomeGlass</include>
					</control>
					<!-- Player controls -->
					<control type="list" id="600">
						<left>1455</left>
						<top>555</top>
						<height>300</height>
						<width>600</width>
						<ondown>51</ondown>
						<onup>9900</onup>
						<onleft>600</onleft>
						<onright>600</onright>
						<viewtype>list</viewtype>
						<align>right</align>
						<orientation>horizontal</orientation>
						<scrolltime>200</scrolltime>
						<focusposition>0</focusposition>
						<itemlayout width="46" height="60">
							<control type="image">
								<top>33</top>
								<width>36</width>
								<height>36</height>
								<info>ListItem.Icon</info>
								<colordiffuse>50FFFAF0</colordiffuse>
								<include>Animation_Fade</include>
							</control>
						</itemlayout>
						<focusedlayout width="46" height="60">
							<control type="image">
								<top>33</top>
								<width>36</width>
								<height>36</height>
								<info>ListItem.Icon</info>
								<colordiffuse>50FFFAF0</colordiffuse>
								<include>Animation_Fade</include>
								<visible>!Control.HasFocus(600)</visible>
							</control>
							<control type="image">
								<top>33</top>
								<width>36</width>
								<height>36</height>
								<info>ListItem.Icon</info>
								<colordiffuse>FFFFFAF0</colordiffuse>
								<include>Animation_Fade</include>
								<visible>Control.HasFocus(600)</visible>
							</control>
						</focusedlayout>
						<content>
							<item id="2">
								<!-- pause -->
								<label></label>
								<icon>osd_menu_pause_square.png</icon>
								<onclick>PlayerControl(Play)</onclick>
								<visible>!Player.Paused</visible>
							</item>
							<item id="3">
								<!-- play -->
								<label></label>
								<icon>osd_menu_play_square.png</icon>
								<onclick>PlayerControl(Play)</onclick>
								<visible>Player.Paused</visible>
							</item>
							<item id="5">
								<!-- stop -->
								<label></label>
								<icon>osd_menu_stop_square.png</icon>
								<onclick>PlayerControl(Stop)</onclick>
							</item>
							<item id="4">
								<!-- - canal -->
								<label></label>
								<icon>osd_menu_skipbwd_channeldown.png</icon>
								<onclick>Action(ChannelDown)</onclick>
								<visible>PVR.IsPlayingTV | PVR.IsPlayingRadio</visible>
							</item>
							<item id="7">
								<!-- rew -->
								<label></label>
								<icon>osd_menu_rew_square.png</icon>
								<onclick>PlayerControl(Rewind)</onclick>
								<visible>PVR.IsTimeShift</visible>
							</item>
							<item id="8">
								<!-- ff -->
								<label></label>
								<icon>osd_menu_ff_square.png</icon>
								<onclick>PlayerControl(Forward)</onclick>
								<visible>PVR.IsTimeShift</visible>
							</item>
							<item id="10">
								<!-- + canal -->
								<label></label>
								<icon>osd_menu_skipfwd_channelup.png</icon>
								<onclick>Action(ChannelUp)</onclick>
								<visible>PVR.IsPlayingTV | PVR.IsPlayingRadio</visible>
							</item>
							<item id="12">
								<!-- go to fullscreen -->
								<label></label>
								<icon>osd_menu_fullscreen_square.png</icon>
								<onclick>fullscreen</onclick>
							</item>
						</content>
					</control>
				</control>
				<control type="label" id="29">
					<description>View name</description>
					<include>InvisibleButton</include>
					<visible>false</visible>
				</control>
				<control type="label" id="30">
					<description>Channel group name</description>
					<include>InvisibleButton</include>
					<visible>false</visible>
				</control>
			</control>
			<control type="group">  <!-- ViewTypes 51 -->
				<animation effect="fade" reversible="true" time="300">VisibleChange</animation>
				<animation effect="slide" start="0,0" end="-480,0" time="300" easing="out" tween="cubic" condition="Player.HasVideo + System.IdleTime(8) | Control.HasFocus(9920)">Conditional</animation>
				<visible>Control.IsVisible(51)</visible>
				<include>BackMenuV</include>
				<!-- Fundo Menu -->
				<control type="label">
					<!-- Left hand view name -->
					<top>15</top>
					<include>SettingsSectionTitle</include>
					<label>$INFO[Control.GetLabel(29)]</label>
				</control>
				<control type="label">
					<left>30</left>
					<!--<top>1035</top>-->
					<top>1155</top>  <!-- 1200 -->
					<width>390</width>
					<height>33</height>
					<font>Font_15</font>
					<align>left</align>
					<textcolor>E4101010</textcolor>
					<include>Animation_Fade</include>
					<label>[UPPERCASE]$VAR[value_pvrnumitems][/UPPERCASE]</label>
					<scroll>true</scroll>
					<scrollout>false</scrollout>
				</control>
				<control type="list" id="51">			<!--  Channel view 51 (groupname is title) -->)
					<viewtype>list</viewtype>
					<left>0</left>
					<top>98</top>
					<width>450</width>
					<!--<height>890</height>-->
					<height>1010</height>  <!-- 1200 -->
					<onleft>71</onleft>
					<onright condition="[Player.HasVideo + VideoPlayer.Content(liveTV)] | [Player.HasAudio + !String.IsEmpty(MusicPlayer.ChannelName)]">600</onright>
					<ondown>51</ondown>
					<onup>51</onup>
					<orientation>vertical</orientation>
					<focusposition>2</focusposition>
					<scrolltime>300</scrolltime>
					<pagecontrol>71</pagecontrol>
					<itemlayout width="450" height="90">
						<control type="image">
							<left>0</left>
							<top>0</top>
							<width>447</width>
							<height>4</height>
							<texture flipx="true">divider.png</texture>
							<colordiffuse>90FFFFFF</colordiffuse>
						</control>
						<control type="label">
							<left>30</left>
							<top>-2</top>
							<width>360</width>
							<height>52</height>
							<font>Font_22</font>
							<label>$INFO[ListItem.ChannelNumberLabel]$INFO[ListItem.Label, - ]</label>
							<align>left</align>
							<aligny>center</aligny>
							<textcolor>E4101010</textcolor>
							<selectedcolor>$VAR[value_headercolor]</selectedcolor>
						</control>
						<control type="label">
							<left>30</left>
							<top>42</top>
							<width>390</width>
							<height>30</height>
							<font>Font_15</font>
							<label>$INFO[ListItem.Title]</label>
							<align>left</align>
							<aligny>center</aligny>
							<textcolor>E4101010</textcolor>
							<selectedcolor>$VAR[value_headercolor]</selectedcolor>
						</control>
						<control type="image">
							<left>395</left>
							<top>12</top>
							<width>45</width>
							<height>30</height>
							<aspectratio>keep</aspectratio>
							<texture>$INFO[ListItem.Icon]</texture>
							<visible>!String.IsEmpty(ListItem.Icon)</visible>
						</control>
						<control type="progress">
							<left>30</left>
							<top>75</top>
							<width>390</width>
							<height>6</height>
							<info>ListItem.Progress</info>
							<visible>ListItem.HasEpg</visible>
						</control>
					</itemlayout>
					<focusedlayout width="450" height="90">
						<control type="image">
							<left>0</left>
							<top>0</top>
							<width>448</width>
							<height>90</height>
							<texture>settings_button.png</texture>
							<animation effect="fade" start="100" end="50" time="50" condition="!Control.Hasfocus(51)">conditional</animation>
						</control>
						<control type="label">
							<left>30</left>
							<top>-2</top>
							<width>360</width>
							<height>52</height>
							<font>Font_22</font>
							<label>$INFO[ListItem.ChannelNumberLabel]$INFO[ListItem.Label, - ]</label>
							<align>left</align>
							<aligny>center</aligny>
							<textcolor>FFFFFAF0</textcolor>
							<selectedcolor>$VAR[value_headercolorfocus]</selectedcolor>
							<animation effect="fade" start="100" end="50" time="0" condition="!Control.Hasfocus(51)">conditional</animation>
						</control>
						<control type="label">
							<left>30</left>
							<top>42</top>
							<width>390</width>
							<height>30</height>
							<font>Font_15</font>
							<label>$INFO[ListItem.Title]</label>
							<align>left</align>
							<aligny>center</aligny>
							<textcolor>FFFFFAF0</textcolor>
							<selectedcolor>$VAR[value_headercolor]</selectedcolor>
						</control>
						<control type="image">
							<left>395</left>
							<top>12</top>
							<width>45</width>
							<height>30</height>
							<aspectratio>keep</aspectratio>
							<texture>$INFO[ListItem.Icon]</texture>
							<visible>!String.IsEmpty(ListItem.Icon)</visible>
						</control>
						<control type="progress">
							<left>30</left>
							<top>75</top>
							<width>390</width>
							<height>6</height>
							<info>ListItem.Progress</info>
							<visible>ListItem.HasEpg</visible>
						</control>
					</focusedlayout>
				</control>
				<include>Glass</include>
				<control type="scrollbar" id="71">  <!-- view 51 scrollbar -->
					<include>ScrollBar_Vertical</include>
					<left>-10</left>
					<top>100</top>
					<!--<height>900</height>-->
					<height>1020</height>  <!-- 1200 -->
					<onup>71</onup>
					<ondown>71</ondown>
					<onleft>9900</onleft>
					<onright>51</onright>
					<include>Animation_Fade</include>
					<visible>Control.IsVisible(51) + [Container(51).HasNext | Container(51).HasPrevious] </visible>
				</control>
			</control>
			<!-- Furniture -->
			<include>TouchScreen</include>
			<include condition="Skin.HasSetting(pvrdate)">TopDate</include>
			<include>TopMenu_PVR</include>
			<include>BGBlack</include>
		</control>
	</controls>
</window>
