<?xml version="1.0" encoding="UTF-8"?>
<!-- Aeon MQ 5 Helix 6.1.3 Lizard-king/6.1.4/6.1.5/6.1.8 -->
<!-- Jarvis 8.1.13 -->
<!-- Krypton 9.1.17/9.1.19/9.2.1 window IDs/9.2.3 -->
<!-- Leia 10.3.0/10.4.0/10.6.1 -->
<!-- Matrix 11.1.1/11.3.0 -->
<!-- Nexus 12.3.0 -->
<window>
	<defaultcontrol always="true">51</defaultcontrol>
	<menucontrol>9000</menucontrol>
	<onunload condition="Skin.HasSetting(kioskcode)">Skin.Reset($INFO[skin.string(custom_code)])</onunload>
	<views>51,54,55,56,57,59,62,71</views>
	<controls>
		<control type="multiimage">
			<!-- Fanart -->
			<include>WindowBG</include>
			<imagepath background="true">$VAR[value_menutheme_livetv]</imagepath>
		</control>
		<control type="group">	<!-- Background visualization -->
			<animation effect="fade" reversible="true" time="300">VisibleChange</animation>
			<control type="image">
				<left>0</left>
				<top>0</top>
				<width>1920</width>
				<height>1200</height>  <!-- 1200 -->
				<texture>black.png</texture>
				<colordiffuse>C3FFFFFF</colordiffuse>
				<include>Animation_Fade</include>
				<visible>Player.HasMedia</visible>
			</control>
			<control type="videowindow">
				<left>0</left>
				<top>0</top>
				<width>1920</width>
				<height>1200</height>  <!-- 1200 -->
				<visible>Player.HasVideo</visible>
				<animation effect="slide" start="0,0" end="-3000,0" time="0">WindowClose</animation>
			</control>
			<control type="visualisation">
				<left>0</left>
				<top>0</top>
				<width>1920</width>
				<height>1200</height>  <!-- 1200 -->
				<visible>PVR.IsPlayingRadio + [String.Contains(Skin.String(vis_bgradio),vis) | String.Contains(Skin.String(vis_bgradio),fanartmix)]</visible>
				<animation effect="slide" start="0,0" end="-3000,0" time="0">WindowClose</animation>
			</control>
		</control>
		<control type="group">	<!-- default group -->
			<include>Animation_Window</include>
			<visible>![Window.IsActive(PVRGuideInfo) | Window.IsActive(PVRRecordingInfo) | Window.IsActive(PVRGuideSearch) | Window.IsActive(PVRTimerSetting)]</visible>
			<control type="button" id="9900">
				<!-- to menu/kiosk condition -->
				<include>InvisibleButton</include>
				<onfocus condition="![Skin.HasSetting(kiosk) | Skin.HasSetting(kiosksmart) + !String.Contains(skin.string(codestep),step3)]">SetFocus(9000)</onfocus>
				<onfocus condition="Skin.HasSetting(kiosksmart) + !String.Contains(skin.string(codestep),step3)">SetFocus(9100)</onfocus>
				<onfocus condition="Skin.HasSetting(kiosk)">SetFocus(9100)</onfocus>
			</control>
			<control type="button" id="9920">
				<!-- hidden colection/view fanart -->
				<include>InvisibleButton</include>
				<onleft>SetFocus(51)</onleft>
				<onright>SetFocus(51)</onright>
				<onup>SetFocus(51)</onup>
				<ondown>SetFocus(51)</ondown>
			</control>
			<control type="label" id="29">
				<description>Show deleted</description>
				<include>InvisibleButton</include>
				<visible>false</visible>
			</control>
			<control type="image" id="9921">	<!-- auto info panel timer -->
				<include>InvisibleButton</include>
				<animation effect="fade" start="0" end="100" time="150" delay="1000" condition="String.Contains(skin.string(panel_seconds),1)">Visible</animation>
				<animation effect="fade" start="0" end="100" time="150" delay="2000" condition="String.Contains(skin.string(panel_seconds),2)">Visible</animation>
				<animation effect="fade" start="0" end="100" time="150" delay="3000" condition="String.Contains(skin.string(panel_seconds),3)">Visible</animation>
				<animation effect="fade" start="0" end="100" time="150" delay="4000" condition="String.Contains(skin.string(panel_seconds),4)">Visible</animation>
				<animation effect="fade" start="0" end="100" time="150" delay="5000" condition="String.Contains(skin.string(panel_seconds),5)">Visible</animation>
				<visible>![Container.OnNext | Container.OnPrevious]</visible>
			</control>
			<control type="group">	<!-- All views  flags -->
				<top>165</top>  <!-- 1200 -->
				<visible>!Control.IsVisible(57) + [String.Contains(skin.string(mediaflags),on) | String.Contains(skin.string(mediaflags),auto) + Control.IsVisible(9921)]</visible>
				<include>Animation_HiddenView</include>
				<control type="image">
					<!-- Footer Bar -->
					<left>0</left>
					<top>765</top>
					<width>1920</width>
					<height>270</height>
					<colordiffuse>$VAR[value_flagsbar]</colordiffuse>
					<texture>shadow_mask.png</texture>
				</control>
				<control type="image">
					<left>0</left>
					<top>765</top>
					<width>1920</width>
					<height>270</height>
					<colordiffuse>$VAR[value_texturecolor]</colordiffuse>
					<texture diffuse="shadow_mask.png">shadow_spot.png</texture>
					<animation effect="fade" end="85" condition="true">Conditional</animation>
				</control>
				<control type="group">	<!-- flags -->
					<animation effect="slide" start="0,450" end="0,0" time="500" tween="sine" easing="out">WindowOpen</animation>
					<animation effect="slide" start="0,450" end="0,0" time="500" tween="sine" easing="out">Visible</animation>
					<animation effect="fade" start="100" end="0" time="200">Hidden</animation>
					<visible>!Skin.HasSetting(nomediaflags)</visible>
					<control type="grouplist">
						<!-- Etiquetas -->
						<left>30</left>
						<top>968</top>
						<orientation>horizontal</orientation>
						<itemgap>39</itemgap>
						<control type="image">
							<!-- Mpaa -->
							<include>FlagImage</include>
							<texture>$VAR[value_mpaa]</texture>
							<visible>!String.IsEmpty(ListItem.Mpaa)</visible>
						</control>
						<control type="image">
							<include>FlagSeparator</include>
							<visible>!String.IsEmpty(ListItem.Mpaa)</visible>
						</control>
						<control type="group">
							<!-- Rating -->
							<visible>!String.IsEmpty(ListItem.Rating)</visible>
							<control type="image">
								<left>8</left>
								<include>FlagImage</include>
								<texture>flags/rating.png</texture>
							</control>
							<control type="label">
								<left>20</left>
								<top>2</top>
								<width>134</width>
								<height>75</height>
								<align>center</align>
								<aligny>center</aligny>
								<font>Font_20B</font>
								<textcolor>$VAR[value_flagscolor]</textcolor>
								<label>$INFO[ListItem.Rating]</label>
							</control>
							<control type="image">
								<left>188</left>
								<include>FlagSeparator</include>
							</control>
						</control>
						<control type="image">
							<!-- Codec -->
							<include>FlagImage</include>
							<texture>$VAR[value_videocodec]</texture>
							<visible>!String.IsEmpty(ListItem.VideoCodec)</visible>
						</control>
						<control type="image">
							<include>FlagSeparator</include>
							<visible>!String.IsEmpty(ListItem.VideoCodec)</visible>
						</control>
						<control type="image">
							<!-- Resolution -->
							<include>FlagImage</include>
							<texture>$INFO[ListItem.VideoResolution,flags/resolution/,.png]</texture>
							<visible>!String.IsEmpty(ListItem.VideoResolution)</visible>
						</control>
						<control type="image">
							<include>FlagSeparator</include>
							<visible>!String.IsEmpty(ListItem.VideoResolution)</visible>
						</control>
						<control type="image">
							<!-- Aspect -->
							<include>FlagImage</include>
							<texture>$INFO[ListItem.VideoAspect,flags/aspectratio/,.png]</texture>
							<visible>!String.IsEmpty(ListItem.VideoAspect)</visible>
						</control>
						<control type="image">
							<include>FlagSeparator</include>
							<visible>!String.IsEmpty(ListItem.VideoAspect)</visible>
						</control>
						<control type="image">
							<!-- Audio Codec -->
							<include>FlagImage</include>
							<texture>$INFO[ListItem.AudioCodec,flags/audiocodec/,.png]</texture>
							<visible>!String.IsEmpty(ListItem.AudioCodec)</visible>
						</control>
						<control type="image">
							<include>FlagSeparator</include>
							<visible>!String.IsEmpty(ListItem.AudioCodec)</visible>
						</control>
						<control type="image">
							<!-- Channels -->
							<include>FlagImage</include>
							<texture>$INFO[ListItem.AudioChannels,flags/audiochannels/,ch.png]</texture>
							<visible>!String.IsEmpty(ListItem.AudioChannels)</visible>
						</control>
						<control type="image">
							<include>FlagSeparator</include>
							<visible>!String.IsEmpty(ListItem.AudioChannels)</visible>
						</control>
						<control type="image">
							<!-- Trailer -->
							<include>FlagImage</include>
							<texture>flags/trailer.png</texture>
							<visible>!String.IsEmpty(ListItem.Trailer)</visible>
						</control>
						<control type="image">
							<include>FlagSeparator</include>
							<visible>!String.IsEmpty(ListItem.Trailer) + ListItem.IsResumable</visible>
						</control>
						<control type="group">
							<!-- % Played -->
							<visible>ListItem.IsResumable</visible>
							<control type="image">
								<include>FlagImage</include>
								<texture>flags/percentplayed.png</texture>
							</control>
							<control type="label">
								<left>18</left>
								<top>2</top>
								<width>134</width>
								<height>75</height>
								<align>center</align>
								<aligny>center</aligny>
								<font>Font_20B</font>
								<textcolor>$VAR[value_flagscolor]</textcolor>
								<label>$INFO[ListItem.PercentPlayed]%</label>
							</control>
						</control>
					</control>
					<control type="image">
						<left>0</left>
						<top>975</top>
						<height>63</height>
						<width>1920</width>
						<texture>gradient_small.png</texture>
					</control>
				</control>
			</control>
			<control type="group">		<!-- Title/air date (poster/wall/panel includes the lisitem label) -->
				<top>-22</top>
				<animation effect="slide" time="400" start="0,-375" end="0,0" easing="inout" tween="cubic">WindowOpen</animation>
				<animation effect="slide" time="400" start="0,-375" end="0,0" easing="inout" tween="cubic">Visible</animation>
				<animation effect="slide" time="400" start="0,0" end="0,-375" easing="inout" tween="cubic">WindowClose</animation>
				<animation effect="slide" time="400" start="0,0" end="0,-375" easing="inout" tween="cubic">Hidden</animation>
				<animation effect="slide" end="0,-30" time="500" tween="sine" easing="out" condition="![Skin.HasSetting(videoinfobar) | Skin.HasSetting(pvrdate)]">Conditional</animation>
				<animation effect="slide" end="440,0" time="500" tween="sine" easing="out" condition="Control.IsVisible(57)">Conditional</animation>
				<!-- <visible>![ControlGroup(9000).HasFocus | Control.HasFocus(9920) | Control.IsVisible(9922) | Control.HasFocus(9940) | Window.IsActive(movieinformation)]</visible> -->
				<visible>![ControlGroup(9000).HasFocus | Control.HasFocus(9920) | Control.IsVisible(9922) | Control.HasFocus(9940) | Window.IsActive(pvrrecordinginfo)]</visible>
				<control type="image">
					<left>0</left>
					<top>90</top>
					<width>1920</width>
					<height>360</height>
					<texture flipy="true">shadow_mask.png</texture>
					<colordiffuse>F9000000</colordiffuse>
					<animation effect="fade" end="75" condition="true">Conditional</animation>
				</control>
				<control type="group">
					<visible>!String.IsEmpty(ListItem.Property(AudioLanguage.1))</visible>
					<control type="label">
						<!-- Title -->
						<left>45</left>
						<top>72</top>
						<width>1125</width>
						<height>60</height>
						<font>Font_40</font>
						<label>$VAR[value_videotitle] - $INFO[ListItem.StartDate]/$INFO[ListItem.StartTime]</label>
						<textcolor>FFFFFAF0</textcolor>
						<scroll>true</scroll>
						<scrollout>false</scrollout>
						<shadowcolor>grey</shadowcolor>
						<visible>![Skin.HasSetting(clearlogotitle) + !String.IsEmpty(ListItem.Art(clearlogo))]</visible>
					</control>
					<control type="image">
						<!-- clearlogo -->
						<left>45</left>
						<top>72</top>
						<width>450</width>
						<height>68</height>
						<texture background="true">$INFO[ListItem.Art(clearlogo)]</texture>
						<aspectratio align="left" aligny="bottom">keep</aspectratio>
						<fadetime>FanartCrossFadeTime</fadetime>
						<visible>Skin.HasSetting(clearlogotitle) + !String.IsEmpty(ListItem.Art(clearlogo))</visible>
					</control>
					<control type="label">
						<!-- air date -->
						<left>45</left>
						<top>142</top>
						<width>1125</width>
						<height>38</height>
						<font>Font_21A</font>
						<label>$INFO[ListItem.StartDate]/$INFO[ListItem.StartTime]</label>
						<textcolor>90FFFFFF</textcolor>
						<scroll>true</scroll>
						<scrollout>false</scrollout>
						<shadowcolor>grey</shadowcolor>
						<visible>Skin.HasSetting(clearlogotitle) + !String.IsEmpty(ListItem.Art(clearlogo))</visible>
					</control>
				</control>
				<control type="group">
					<visible>String.IsEmpty(ListItem.Property(AudioLanguage.1))</visible>
					<control type="label">
						<!-- Title -->
						<left>45</left>
						<top>72</top>
						<width>1650</width>
						<height>60</height>
						<font>Font_40</font>
						<label>$VAR[value_videotitle]</label>
						<textcolor>FFFFFAF0</textcolor>
						<scroll>true</scroll>
						<scrollout>false</scrollout>
						<shadowcolor>grey</shadowcolor>
						<visible>![Skin.HasSetting(clearlogotitle) + !String.IsEmpty(ListItem.Art(clearlogo))]</visible>
					</control>
					<control type="image">
						<!-- clearlogo -->
						<left>45</left>
						<top>72</top>
						<width>450</width>
						<height>68</height>
						<texture background="true">$INFO[ListItem.Art(clearlogo)]</texture>
						<aspectratio align="left" aligny="bottom">keep</aspectratio>
						<fadetime>FanartCrossFadeTime</fadetime>
						<visible>Skin.HasSetting(clearlogotitle) + !String.IsEmpty(ListItem.Art(clearlogo))</visible>
					</control>
					<control type="label">
						<!-- air date -->
						<left>45</left>
						<top>142</top>
						<width>1125</width>
						<height>38</height>
						<font>Font_21A</font>
						<label>$INFO[ListItem.StartDate]</label>
						<textcolor>90FFFFFF</textcolor>
						<scroll>true</scroll>
						<scrollout>false</scrollout>
						<shadowcolor>grey</shadowcolor>
						<visible>Skin.HasSetting(clearlogotitle) + !String.IsEmpty(ListItem.Art(clearlogo))</visible>
					</control>
				</control>
			</control>
			<control type="group">	<!-- Language for audio and subtitles (not wide) -->
				<animation effect="slide" time="400" start="0,-375" end="0,0" easing="inout" tween="cubic">WindowOpen</animation>
				<animation effect="slide" time="400" start="0,-375" end="0,0" easing="inout" tween="cubic">Visible</animation>
				<animation effect="slide" time="400" start="0,0" end="0,-375" easing="inout" tween="cubic">WindowClose</animation>
				<animation effect="slide" time="400" start="0,0" end="0,-375" easing="inout" tween="cubic">Hidden</animation>
				<animation effect="slide" end="-1170,0" time="0" condition="Control.IsVisible(55)">Conditional</animation>
				<animation effect="slide" end="-675,0" time="0" condition="Control.IsVisible(57)">Conditional</animation>
				<animation effect="slide" end="-1170,0" time="0" condition="Control.IsVisible(59)">Conditional</animation>
				<animation effect="slide" end="0,-30" time="500" tween="sine" easing="out" condition="!Skin.HasSetting(pvrdate)">Conditional</animation>
				<visible>![Skin.HasSetting(nolanguageflags) | String.IsEqual(ListItem.Label,..) | String.IsEmpty(ListItem.Property(AudioLanguage.1)) + String.IsEmpty(ListItem.Property(SubtitleLanguage.1)) | Control.IsVisible(51) | Control.HasFocus(9920) | Control.HasFocus(9940) | Control.IsVisible(9922) | Window.IsActive(movieinformation)]</visible>
				<left>1215</left>
				<top>52</top>
				<include>AudioandSub</include>
			</control>
			<control type="group">	<!-- default view group Wide View 51-->
				<animation effect="fade" time="400">VisibleChange</animation>
				<visible>Control.IsVisible(51)</visible>
				<top>45</top>
				<control type="group">
					<animation effect="slide" time="500" start="-1200,0" end="0,0" tween="cubic" easing="out">WindowOpen</animation>
					<animation effect="slide" time="500" start="-1200,0" end="0,0" tween="cubic" easing="out">Visible</animation>
					<animation effect="fade" time="200" start="100" end="0">Hidden</animation>
					<control type="image">
						<left>0</left>
						<top>54</top>
						<width>960</width>
						<height>45</height>
						<texture>shadow_h.png</texture>
						<colordiffuse>C3FFFFFF</colordiffuse>
					</control>
					<control type="image">
						<left>0</left>
						<!--<top>975</top>-->
						<top>1095</top>  <!-- 1200 -->
						<width>1920</width>
						<height>45</height>
						<texture flipy="true">shadow_h.png</texture>
						<colordiffuse>C3FFFFFF</colordiffuse>
					</control>
					<control type="image">
						<left>0</left>
						<top>98</top>
						<width>960</width>
						<!--<height>878</height>-->
						<height>998</height>  <!-- 1200 -->
						<texture>darkgrey.png</texture>
						<colordiffuse>$VAR[value_texturecolor]</colordiffuse>
						<animation effect="fade" end="95" condition="true">Conditional</animation>
					</control>
					<control type="image">
						<left>690</left>
						<top>98</top>
						<width>240</width>
						<!--<height>876</height>-->
						<height>996</height>  <!-- 1200 -->
						<texture>grey.png</texture>
						<colordiffuse>20FFFFFF</colordiffuse>
					</control>
					<control type="button" id="562">
						<include>InvisibleButton</include>
						<onright>9920</onright>
						<onleft>51</onleft>
						<onup>51</onup>
						<ondown>51</ondown>
					</control>
					<control type="list" id="51">
						<viewtype label="31813">list</viewtype>
						<left>0</left>
						<top>98</top>
						<width>960</width>
						<!--<height>876</height>-->
						<height>996</height>  <!-- 1200 -->
						<pagecontrol>73</pagecontrol>
						<onleft>73</onleft>
						<onright>562</onright>
						<orientation>vertical</orientation>
						<scrolltime>450</scrolltime>
						<preloaditems>2</preloaditems>
						<itemlayout height="60">
							<control type="image">
								<left>0</left>
								<top>0</top>
								<width>1108</width>
								<height>1</height>
								<texture>line.png</texture>
							</control>
							<control type="label">
								<left>68</left>
								<top>1</top>
								<width>555</width>
								<height>60</height>
								<font>Font_22</font>
								<aligny>center</aligny>
								<include>listcolor</include>
								<label>$INFO[ListItem.Label]$INFO[ListItem.EpisodeName, (,)]</label>
							</control>
							<control type="label">
								<left>690</left>
								<top>0</top>
								<width>240</width>
								<height>60</height>
								<font>Font_18A</font>
								<align>center</align>
								<aligny>center</aligny>
								<include>detailcolor</include>
								<label>$INFO[ListItem.Label2]</label>
							</control>
						<!-- 	<control type="image">
								<left>907</left>
								<top>8</top>
								<width>45</width>
								<height>45</height>
								<texture>$VAR[value_watchedstyle]</texture>
								<colordiffuse>$VAR[value_watchedcolor]</colordiffuse>
								<visible>!Skin.HasSetting(nooverlays) + String.IsEqual(ListItem.Overlay,OverlayWatched.png)</visible>
							</control> -->
							<control type="image">
								<left>907</left>
								<top>8</top>
								<width>45</width>
								<height>45</height>
								<texture>$VAR[pvr_overlay]</texture>
								<colordiffuse>$VAR[value_watchedcolor]</colordiffuse>
								<visible>!Skin.HasSetting(nooverlays) </visible>
							</control>
						</itemlayout>
						<focusedlayout height="60">
							<control type="image">
								<left>0</left>
								<top>0</top>
								<width>960</width>
								<height>60</height>
								<texture>settings_button_focus.png</texture>
								<animation effect="fade" start="100" end="30" time="0" condition="!Control.Hasfocus(51)">conditional</animation>
							</control>
							<control type="label">
								<left>68</left>
								<top>1</top>
								<width>555</width>
								<height>60</height>
								<font>Font_22</font>
								<aligny>center</aligny>
								<include>listcolorfocus</include>
								<label>$INFO[ListItem.Label]$INFO[ListItem.EpisodeName, (,)]</label>
							</control>
							<control type="label">
								<left>690</left>
								<top>0</top>
								<width>240</width>
								<height>60</height>
								<font>Font_18A</font>
								<align>center</align>
								<aligny>center</aligny>
								<include>detailcolorfocus</include>
								<label>$INFO[ListItem.Label2]</label>
							</control>
							<control type="image">
								<left>907</left>
								<top>8</top>
								<width>45</width>
								<height>45</height>
								<texture>$VAR[value_watchedstyle]</texture>
								<colordiffuse>$VAR[value_watchedcolor]</colordiffuse>
								<visible>!Skin.HasSetting(nooverlays) + String.IsEqual(ListItem.Overlay,OverlayWatched.png)</visible>
							</control>
						</focusedlayout>
					</control>
					<control type="scrollbar" id="73">
						<include>ScrollBar_Vertical</include>
						<left>8</left>
						<top>102</top>
						<!--<height>870</height>-->
						<height>990</height>  <!-- 1200 -->
						<onleft>9900</onleft>
						<onright>51</onright>
						<include>Animation_Fade</include>
						<visible allowhiddenfocus="true">Control.IsVisible(51) + Control.HasFocus(73)</visible>
					</control>
				</control>
				<control type="group">	<!--  view 51 right group -->
					<left>960</left>
					<top>0</top>
					<animation effect="slide" time="1000" start="900,0" end="0,0" tween="cubic" easing="out">WindowOpen</animation>
					<animation effect="slide" time="1000" start="900,0" end="0,0" tween="cubic" easing="out">Visible</animation>
					<animation effect="fade" time="400" start="100" end="0">Hidden</animation>
					<visible>Control.IsVisible(51)</visible>
					<control type="image">
						<left>-44</left>
						<top>-105</top>
						<width>45</width>
						<height>1200</height>  <!-- 1200 -->
						<texture flipx="true">shadow.png</texture>
						<colordiffuse>C3FFFFFF</colordiffuse>
					</control>
					<control type="image">
						<left>0</left>
						<top>-105</top>
						<width>960</width>
						<height>1200</height>  <!-- 1200 -->
						<texture>darkgrey.png</texture>
						<colordiffuse>$VAR[value_texturecolor]</colordiffuse>
						<animation effect="fade" end="85" condition="true">Conditional</animation>
					</control>
					<control type="image">
						<left>0</left>
						<top>594</top>
						<width>960</width>
						<height>381</height>
						<texture>darkgrey.png</texture>
						<colordiffuse>$VAR[value_texturecolor]</colordiffuse>
						<animation effect="fade" end="85" condition="true">Conditional</animation>
						<include>Animation_Fade</include>
						<visible>!Control.HasFocus(562)</visible>
					</control>
					<control type="image">
						<left>0</left>
						<top>-105</top>
						<width>960</width>
						<height>1200</height>  <!-- 1200 -->
						<texture>black.png</texture>
						<colordiffuse>75FFFFFF</colordiffuse>
						<include>Animation_Fade</include>
						<visible>Control.HasFocus(562)</visible>
					</control>
					<control type="group">	<!-- info / posters -->
						<animation effect="slide" start="0,0" end="1050,0" time="400" easing="inout" tween="cubic" condition="Control.HasFocus(9920) | Window.IsVisible(PVRRecordingInfo)">Conditional</animation>
						<control type="group">
							<include>Animation_Fade</include>
							<control type="image">
								<!-- reflexo -->
								<left>30</left>
								<top>602</top>
								<width>900</width>
								<height>550</height>
								<fadetime>FanartCrossFadeTime</fadetime>
								<aspectratio align="center" aligny="top">keep</aspectratio>
								<texture flipy="true" fallback="DefaultVideoPoster.png" diffuse="thumb_reflect.png" background="true">$VAR[value_poster]</texture>
								<bordertexture flipy="true" diffuse="thumb_reflect.png" border="-2">black.png</bordertexture>
							</control>
							<control type="image">
								<!-- miniatura -->
								<left>30</left>
								<top>45</top>
								<width>900</width>
								<height>550</height>
								<fadetime>FanartCrossFadeTime</fadetime>
								<aspectratio align="center" aligny="bottom">keep</aspectratio>
								<texture fallback="DefaultVideoPoster.png" background="true">$VAR[value_poster]</texture>
								<bordertexture border="-2">black.png</bordertexture>
							</control>
						</control>
						<control type="label">
							<left>30</left>
							<top>615</top>
							<width>600</width>
							<height>45</height>
							<aligny>center</aligny>
							<label>[COLOR=$VAR[value_headercolor]]$LOCALIZE[31763]: [/COLOR]$INFO[ListItem.ChannelName]</label>
							<textcolor>FFFFFAF0</textcolor>
							<font>Font_18A</font>
							<visible>!ListItem.IsFolder</visible>
						</control>
						<control type="label">
							<left>30</left>
							<top>663</top>
							<width>600</width>
							<height>45</height>
							<aligny>center</aligny>
							<label>[COLOR=$VAR[value_headercolor]]$LOCALIZE[31522]: [/COLOR]$INFO[ListItem.Duration]</label>
							<textcolor>FFFFFAF0</textcolor>
							<font>Font_18A</font>
							<visible>!ListItem.IsFolder</visible>
						</control>
						<control type="textbox">
							<left>30</left>
							<top>708</top>
							<width>895</width>
							<height>300</height>
							<label>$INFO[ListItem.Plot]</label>
							<textcolor>FFFFFAF0</textcolor>
							<font>Font_18A</font>
							<autoscroll delay="20000" time="3000" repeat="20000">!Skin.HasSetting(noallowscroll)</autoscroll>
						</control>
						<control type="image">
							<left>0</left>
							<top>860</top>
							<width>960</width>
							<height>116</height>
							<texture>gradient_small.png</texture>
						</control>
					</control>
				</control>
			</control>
			<!-- end Wide View 51 -->
			<control type="group">
				<top>45</top>
				<include condition="Skin.HasSetting(viewposter_recordings)">ViewPoster</include>
				<!-- 54 -->
				<include condition="Skin.HasSetting(viewlowlist_recordings)">ViewLowList</include>
				<!-- 55-->
				<include condition="Skin.HasSetting(viewwall_recordings)">ViewWallPVR</include>
				<!-- 56 -->
				<include condition="Skin.HasSetting(viewglasslist_recordings)">ViewGlassList</include>
				<!-- 57 -->
				<include condition="Skin.HasSetting(viewrightlist_recordings)">ViewRightList</include>
				<!-- 59 -->
				<include condition="Skin.HasSetting(viewpanel_recordings)">ViewPanel</include>
				<!--  62 -->
				<include condition="Skin.HasSetting(viewmultilist_recordings)">ViewMultiListVideo</include>
				<!--  71 -->
			</control>
			<control type="group">	<!-- Furniture -->	<!-- recording disk space right -->
				<visible>Control.IsVisible(56) | Control.IsVisible(51) | Control.IsVisible(54) | Control.Isvisible(55) | Control.IsVisible(59) | Control.IsVisible(62) | Control.IsVisible(71)</visible>
				<control type="label">
					<description>Disk usage text</description>
					<left>1425</left>
					<top>1020</top>
					<width>435</width>
					<height>30</height>
					<label>[UPPERCASE]$INFO[PVR.backenddiskspace][/UPPERCASE]</label>
					<align>center</align>
					<aligny>center</aligny>
					<textcolor>FFFFFAF0</textcolor>
					<font>Font_17A</font>
					<visible>!Integer.IsGreater(PVR.backenddiskspaceprogr,100)</visible>
				</control>
				<control type="progress">
					<description>Disk usage bar</description>
					<left>1425</left>
					<top>1058</top>
					<width>435</width>
					<height>18</height>&gt;
					<info>PVR.backenddiskspaceprogr</info><visible>!Integer.IsGreater(PVR.backenddiskspaceprogr,100)</visible></control>
			</control>
			<control type="group">	<!-- recording disk space left -->
				<visible>Control.IsVisible(57)</visible>
				<control type="label">
					<description>Disk usage text</description>
					<left>8</left>
					<top>1020</top>
					<width>435</width>
					<height>30</height>
					<label>[UPPERCASE]$INFO[PVR.backenddiskspace][/UPPERCASE]</label>
					<align>center</align>
					<aligny>center</aligny>
					<textcolor>FFFFFAF0</textcolor>
					<font>Font_17A</font>
					<visible>!Control.IsVisible(57) + !Integer.IsGreater(PVR.backenddiskspaceprogr,100)</visible>
				</control>
				<control type="label">
					<description>Disk usage text</description>
					<left>8</left>
					<top>1020</top>
					<width>435</width>
					<height>30</height>
					<label>[UPPERCASE]$INFO[PVR.backenddiskspace][/UPPERCASE]</label>
					<align>center</align>
					<aligny>center</aligny>
					<textcolor>FF101010</textcolor>
					<font>Font_17A</font>
					<visible>Control.IsVisible(57) + !Integer.IsGreater(PVR.backenddiskspaceprogr,100)</visible>
				</control>
				<control type="progress">
					<description>Disk usage bar</description>
					<left>8</left>
					<top>1058</top>
					<width>435</width>
					<height>18</height>&gt;
					<info>PVR.backenddiskspaceprogr</info>
					<visible>!Integer.IsGreater(PVR.backenddiskspaceprogr,100)</visible>
				</control>
			</control>
			<control type="group">	<!-- Next Recording/Time -->
				<animation effect="slide" start="0,-105" end="0,0" time="500" delay="1000" easing="inout" tween="cubic">WindowOpen</animation>
				<animation effect="slide" start="0,-105" end="0,0" time="500" delay="1000" easing="inout" tween="cubic">Visible</animation>
				<animation effect="slide" start="0,0" end="0,-105" time="300" easing="inout" tween="cubic">WindowClose</animation>
				<animation effect="slide" start="0,0" end="0,-105" time="300" easing="inout" tween="cubic">Hidden</animation>
				<animation effect="slide" start="0,0" end="450,0" time="0" easing="in" tween="cubic" condition="Control.IsVisible(11) | Control.IsVisible(12)">Conditional</animation>
				<visible>[PVR.IsRecording | PVR.HasNonRecordingTimer | PVR.HasReminder] + ![Player.HasMedia | Control.HasFocus(9920) | ControlGroup(9000).HasFocus]</visible>
				<control type="image">
					<left>0</left>
					<top>0</top>
					<width>750</width>
					<height>39</height>
					<texture>widgets_panel.png</texture>
					<colordiffuse>$VAR[value_texturecolor]</colordiffuse>
					<include>Animation_HomeGlass</include>
				</control>
				<control type="image">
					<left>30</left>
					<top>8</top>
					<width>22</width>
					<height>22</height>
					<aspectratio>keep</aspectratio>
					<texture>pvr_hastimer.png</texture>
					<visible>PVR.HasNonRecordingTimer</visible>
				</control>
				<control type="image">
					<left>30</left>
					<top>8</top>
					<width>30</width>
					<height>22</height>
					<aspectratio>keep</aspectratio>
					<texture>pvr_isrecording.png</texture>
					<visible>PVR.IsRecording</visible>
				</control>
				<control type="label">
					<left>75</left>
					<top>3</top>
					<width>630</width>
					<height>30</height>
					<align>right</align>
					<aligny>center</aligny>
					<font>Font_18A</font>
					<textcolor>FFFFFAF0</textcolor>
					<label>$VAR[value_pvrstatus]</label>
					<scroll>true</scroll>
				</control>
			</control>
			<include>TouchScreen</include>
			<include condition="Skin.HasSetting(pvrdate)">TopDate</include>
			<include>TopMenu_PVR</include>
			<include>BGBlack</include>
		</control>
	</controls>
</window>
