<?xml version="1.0" encoding="UTF-8"?>
<!-- Aeon MQ 5 Isengard 7.1.10 -->
<!-- Leia 10.2.4 -->
<!-- Matrix 11.0.4 -->
<window id="3015">
<!-- <window id="5400"> -->
	<defaultcontrol>5411</defaultcontrol>
	<coordinates>
		<system>1</system>
		<left>0</left>
		<top>0</top>
	</coordinates>
	<controls>
		<control type="image">
			<left>0</left>
			<top>0</top>
			<width>1920</width>
			<height>1200</height>  <!-- 1200 -->
			<texture>black.png</texture>
			<colordiffuse>C3FFFFFF</colordiffuse>
			<include>Animation_Fade</include>
		</control>
		<control type="group">
			<left>326</left>
			<top>285</top>
			<width>1270</width>
			<height>492</height>
			<include>Animation_DialogPopup</include>
			<control type="image">
				<left>0</left>
				<top>0</top>
				<width>1270</width>
				<height>1</height>
				<texture>grey.png</texture>
			</control>
			<control type="image">
				<left>0</left>
				<top>490</top>
				<width>1270</width>
				<height>1</height>
				<texture>grey.png</texture>
			</control>
			<control type="image">
				<left>-45</left>
				<top>0</top>
				<width>45</width>
				<height>492</height>
				<texture flipx="true">shadow.png</texture>
				<colordiffuse>C3FFFFFF</colordiffuse>
			</control>
			<control type="image">
				<left>0</left>
				<top>0</top>
				<width>1270</width>
				<height>492</height>
				<texture>darkgrey.png</texture>
				<colordiffuse>F0FFFFFF</colordiffuse>
			</control>
			<control type="image">
				<left>0</left>
				<top>58</top>
				<width>1270</width>
				<height>1</height>
				<texture>black.png</texture>
			</control>
			<control type="image">
				<left>0</left>
				<top>0</top>
				<width>1270</width>
				<height>60</height>
				<texture>black.png</texture>
				<colordiffuse>90FFFFFF</colordiffuse>
			</control>
			<control type="label" id="1">
				<!-- header -->
				<left>15</left>
				<top>12</top>
				<width>1010</width>
				<height>42</height>
				<align>center</align>
				<aligny>center</aligny>
				<textcolor>$VAR[value_headercolor]</textcolor>
				<font>Font_20</font>
				<label>$ADDON[script.games.rom.collection.browser 32900]</label>
			</control>
			<!-- Rom Collection List -->
			<control type="group">
				<left>0</left>
				<top>63</top>
				<width>1023</width>
				<height>246</height>
				<control type="list" id="5410">
					<hitrect x="0" y="0" w="0" h="0" />
					<left>0</left>
					<top>0</top>
					<width>1023</width>
					<height>60</height>
					<onleft>5410</onleft>
					<onright>5410</onright>
					<onup>5410</onup>
					<ondown>5410</ondown>
					<pagecontrol></pagecontrol>
					<scrolltime>0</scrolltime>
					<itemlayout height="1" width="1023"></itemlayout>
					<focusedlayout height="60" width="1023">
						<control type="image">
							<left>0</left>
							<top>0</top>
							<width>1023</width>
							<height>60</height>
							<texture>settings_button_focus.png</texture>
							<visible>[Control.HasFocus(5411) | Control.HasFocus(5412)]</visible>
						</control>
						<control type="label">
							<left>45</left>
							<top>0</top>
							<width>300</width>
							<height>60</height>
							<font>Font_18</font>
							<textcolor>FFFFFAF0</textcolor>
							<align>left</align>
							<aligny>center</aligny>
							<label>$ADDON[script.games.rom.collection.browser 32601]</label>
							<visible>![Control.HasFocus(5411) | Control.HasFocus(5412)]</visible>
						</control>
						<control type="label">
							<left>45</left>
							<top>0</top>
							<width>300</width>
							<height>60</height>
							<font>Font_18</font>
							<textcolor>E4101010</textcolor>
							<align>left</align>
							<aligny>center</aligny>
							<label>$ADDON[script.games.rom.collection.browser 32601]</label>
							<visible>[Control.HasFocus(5411) | Control.HasFocus(5412)]</visible>
						</control>
						<control type="label">
							<right>420r</right>
							<top>0</top>
							<width>495</width>
							<height>60</height>
							<font>Font_18</font>
							<textcolor>FFFFFAF0</textcolor>
							<align>right</align>
							<aligny>center</aligny>
							<label>$INFO[ListItem.Label]</label>
							<visible>![Control.HasFocus(5411) | Control.HasFocus(5412)]</visible>
						</control>
						<control type="label">
							<right>420r</right>
							<top>0</top>
							<width>495</width>
							<height>60</height>
							<font>Font_18</font>
							<textcolor>E4101010</textcolor>
							<align>right</align>
							<aligny>center</aligny>
							<label>$INFO[ListItem.Label]</label>
							<visible>[Control.HasFocus(5411) | Control.HasFocus(5412)]</visible>
						</control>
					</focusedlayout>
				</control>
				<control type="button" id="5411">
					<description>Menu Item Next Button</description>
					<left>915</left>
					<top>-20</top>
					<width>60</width>
					<height>98</height>
					<label></label>
					<font></font>
					<texturenofocus>spindown.png</texturenofocus>
					<texturefocus>spindown_focus.png</texturefocus>
					<onclick>Control.Move(5410,1)</onclick>
					<onleft>6000</onleft>
					<onright>5412</onright>
					<onup>5101</onup>
					<ondown>5491</ondown>
				</control>
				<control type="button" id="5412">
					<description>Menu Item Prev Button</description>
					<left>975</left>
					<top>-20</top>
					<width>60</width>
					<height>98</height>
					<label></label>
					<font></font>
					<texturenofocus>spinup.png</texturenofocus>
					<texturefocus>spinup_focus.png</texturefocus>
					<onclick>Control.Move(5410,-1)</onclick>
					<onleft>5411</onleft>
					<onright>6000</onright>
					<onup>5101</onup>
					<ondown>5492</ondown>
				</control>
			</control>
			<!-- Delete Options -->
			<control type="group">
				<control type="list" id="5490">
					<hitrect x="0" y="0" w="0" h="0" />
					<left>0</left>
					<top>120</top>
					<width>1023</width>
					<height>60</height>
					<onleft>5490</onleft>
					<onright>5490</onright>
					<onup>5490</onup>
					<ondown>5490</ondown>
					<pagecontrol></pagecontrol>
					<scrolltime>0</scrolltime>
					<itemlayout height="1" width="1023"></itemlayout>
					<focusedlayout height="60" width="1023">
						<control type="image">
							<left>0</left>
							<top>0</top>
							<width>1023</width>
							<height>60</height>
							<texture>settings_button_focus.png</texture>
							<visible>[Control.HasFocus(5491) | Control.HasFocus(5492)]</visible>
						</control>
						<control type="label">
							<left>45</left>
							<top>0</top>
							<width>300</width>
							<height>60</height>
							<font>Font_18</font>
							<textcolor>FFFFFAF0</textcolor>
							<align>left</align>
							<aligny>center</aligny>
							<label>$ADDON[script.games.rom.collection.browser 32901]</label>
							<visible>![Control.HasFocus(5491) | Control.HasFocus(5492)]</visible>
						</control>
						<control type="label">
							<left>45</left>
							<top>0</top>
							<width>300</width>
							<height>60</height>
							<font>Font_18</font>
							<textcolor>E4101010</textcolor>
							<align>left</align>
							<aligny>center</aligny>
							<label>$ADDON[script.games.rom.collection.browser 32901]</label>
							<visible>[Control.HasFocus(5491) | Control.HasFocus(5492)]</visible>
						</control>
						<control type="label">
							<right>420r</right>
							<top>0</top>
							<width>495</width>
							<height>60</height>
							<font>Font_18</font>
							<textcolor>FFFFFAF0</textcolor>
							<align>right</align>
							<aligny>center</aligny>
							<label>$INFO[ListItem.Label]</label>
							<visible>![Control.HasFocus(5491) | Control.HasFocus(5492)]</visible>
						</control>
						<control type="label">
							<right>420r</right>
							<top>0</top>
							<width>495</width>
							<height>60</height>
							<font>Font_18</font>
							<textcolor>E4101010</textcolor>
							<align>right</align>
							<aligny>center</aligny>
							<label>$INFO[ListItem.Label]</label>
							<visible>[Control.HasFocus(5491) | Control.HasFocus(5492)]</visible>
						</control>
					</focusedlayout>
				</control>
				<control type="button" id="5491">
					<description>Menu Item Next Button</description>
					<left>915</left>
					<top>102</top>
					<width>60</width>
					<height>98</height>
					<label></label>
					<font></font>
					<texturenofocus>spindown.png</texturenofocus>
					<texturefocus>spindown_focus.png</texturefocus>
					<onclick>Control.Move(5490,1)</onclick>
					<onleft>6000</onleft>
					<onright>5492</onright>
					<onup>5411</onup>
					<ondown>6000</ondown>
				</control>
				<control type="button" id="5492">
					<description>Menu Item Prev Button</description>
					<left>975</left>
					<top>102</top>
					<width>60</width>
					<height>98</height>
					<label></label>
					<font></font>
					<texturenofocus>spinup.png</texturenofocus>
					<texturefocus>spinup_focus.png</texturefocus>
					<onclick>Control.Move(5490,-1)</onclick>
					<onleft>5491</onleft>
					<onright>6000</onright>
					<onup>5412</onup>
					<ondown>6000</ondown>
				</control>
			</control>
			<control type="image">
				<!-- Options -->
				<left>980</left>
				<top>0</top>
				<width>45</width>
				<height>492</height>
				<texture flipx="true">shadow.png</texture>
				<colordiffuse>C3FFFFFF</colordiffuse>
			</control>
			<control type="image">
				<left>1269</left>
				<top>0</top>
				<width>45</width>
				<height>492</height>
				<texture>shadow.png</texture>
				<colordiffuse>C3FFFFFF</colordiffuse>
			</control>
			<control type="image">
				<left>1024</left>
				<top>0</top>
				<width>244</width>
				<height>492</height>
				<texture>grey.png</texture>
				<colordiffuse>90FFFFFF</colordiffuse>
			</control>
			<control type="grouplist" id="9000">
				<left>1024</left>
				<top>63</top>
				<control type="button" id="6000">
					<!-- Delete -->
					<include>SettingsDialogButton</include>
					<label>$ADDON[script.games.rom.collection.browser 32902]</label>
					<onleft>SetFocus(5411)</onleft>
					<onright>SetFocus(5411)</onright>
				</control>
				<control type="button" id="6010">
					<!-- Cancel -->
					<include>SettingsDialogButton</include>
					<label>$ADDON[script.games.rom.collection.browser 32126]</label>
					<onleft>SetFocus(5411)</onleft>
					<onright>SetFocus(5411)</onright>
				</control>
			</control>
		</control>
	</controls>
</window>
