<?xml version="1.0" encoding="UTF-8"?>
<!-- Aeon MQ 5 Helix 6.1.8 -->
<!-- Aeon MQ 5 Isengard 7.1.8 -->
<!-- Omega2 13.7.0 -->
<window>
	<defaultcontrol always="true">2</defaultcontrol>
	<coordinates>
		<system>1</system>
	</coordinates>
	<include>Animation_DialogPopup</include>
	<controls>
		<control type="image">
			<left>165</left>
			<top>0</top>
			<width>45</width>
			<height>1200</height>
			<texture flipx="true">shadow.png</texture>
			<colordiffuse>C3FFFFFF</colordiffuse>
			<visible>![Player.Playing + VideoPlayer.IsFullscreen]</visible>
		</control>
		<control type="image">
			<left>1710</left>
			<top>0</top>
			<width>45</width>
			<height>1200</height>
			<texture>shadow.png</texture>
			<colordiffuse>C3FFFFFF</colordiffuse>
			<visible>![Player.Playing + VideoPlayer.IsFullscreen]</visible>
		</control>
		<control type="image">
			<left>210</left>
			<top>0</top>
			<width>1500</width>
			<height>1200</height>
			<texture>darkgrey.png</texture>
			<colordiffuse>$VAR[value_texturecolor]</colordiffuse>
			<include>Animation_DefaultGlass</include>
			<visible>![Player.Playing + VideoPlayer.IsFullscreen]</visible>
		</control>
		<control type="image">
			<left>210</left>
			<top>0</top>
			<width>1500</width>
			<height>120</height>
			<texture>black.png</texture>
			<colordiffuse>90FFFFFF</colordiffuse>
			<visible>![Player.Playing + VideoPlayer.IsFullscreen]</visible>
		</control>
		<control type="label">
			<left>322</left>
			<top>34</top>
			<width>1278</width>
			<height>45</height>
			<label>$LOCALIZE[298]</label>
			<font>Font_32</font>
			<textcolor>FFFFFAF0</textcolor>
			<align>center</align>
			<aligny>center</aligny>
			<include>Animation_Fade</include>
			<visible>![Player.Playing + VideoPlayer.IsFullscreen]</visible>
		</control>
		<control type="panel" id="11">
			<viewtype label="536">icon</viewtype>
			<left>210</left>
			<top>180</top>
			<width>1500</width>
			<height>645</height>
			<onleft>2</onleft>
			<onright>80</onright>
			<ondown>2</ondown>
			<onup>2</onup>
			<scrolltime>200</scrolltime>
			<pagecontrol>80</pagecontrol>
			<orientation>vertical</orientation>
			<itemlayout height="322" width="375" condition="![Player.Playing + VideoPlayer.IsFullscreen]">
				<control type="image">
					<left>3</left>
					<top>3</top>
					<width>368</width>
					<height>316</height>
					<texture border="3">black.png</texture>
					<colordiffuse>C3FFFFFF</colordiffuse>
				</control>
				<control type="image">
					<left>10</left>
					<top>10</top>
					<width>352</width>
					<height>248</height>
					<aspectratio>scale</aspectratio>
					<info>ListItem.Icon</info>
				</control>
				<control type="label">
					<left>0</left>
					<top>278</top>
					<width>338</width>
					<height>22</height>
					<font>Font_18A</font>
					<include>listcolor</include>
					<align>center</align>
					<aligny>center</aligny>
					<label>$INFO[ListItem.Label]$INFO[ListItem.Label2, (,)]</label>
				</control>
			</itemlayout>
			<itemlayout height="216" width="249" condition="[Player.Playing + VideoPlayer.IsFullscreen]">
				<control type="image">
					<left>3</left>
					<top>3</top>
					<width>243</width>
					<height>210</height>
					<texture border="2">black.png</texture>
					<colordiffuse>C3FFFFFF</colordiffuse>
				</control>
				<control type="image">
					<left>6</left>
					<top>6</top>
					<width>234</width>
					<height>165</height>
					<aspectratio>scale</aspectratio>
					<info>ListItem.Icon</info>
				</control>
				<control type="label">
					<left>0</left>
					<top>186</top>
					<width>225</width>
					<height>15</height>
					<font>Font_14</font>
					<include>listcolor</include>
					<align>center</align>
					<aligny>center</aligny>
					<label>$INFO[ListItem.Label]</label>
				</control>
			</itemlayout>
			<focusedlayout height="322" width="375" condition="![Player.Playing + VideoPlayer.IsFullscreen]">
				<control type="image">
					<left>3</left>
					<top>3</top>
					<width>368</width>
					<height>316</height>
					<texture border="3">grey.png</texture>
					<colordiffuse>90FFFFFF</colordiffuse>
				</control>
				<control type="image">
					<left>10</left>
					<top>10</top>
					<width>352</width>
					<height>248</height>
					<aspectratio>scale</aspectratio>
					<info>ListItem.Icon</info>
				</control>
				<control type="label">
					<left>0</left>
					<top>278</top>
					<width>338</width>
					<height>22</height>
					<font>Font_18A</font>
					<include>listcolorfocus</include>
					<align>center</align>
					<aligny>center</aligny>
					<label>$INFO[ListItem.Label]$INFO[ListItem.Label2, (,)]</label>
				</control>
			</focusedlayout>
			<focusedlayout height="216" width="249" condition="[Player.Playing + VideoPlayer.IsFullscreen]">
				<control type="image">
					<left>3</left>
					<right>3</right>
					<width>243</width>
					<height>210</height>
					<texture border="2">grey.png</texture>
					<colordiffuse>90FFFFFF</colordiffuse>
				</control>
				<control type="image">
					<left>6</left>
					<right>6</right>
					<width>234</width>
					<height>165</height>
					<aspectratio>scale</aspectratio>
					<info>ListItem.Icon</info>
				</control>
				<control type="label">
					<left>0</left>
					<right>186</right>
					<width>225</width>
					<height>15</height>
					<font>Font_14</font>
					<include>listcolorfocus</include>
					<align>center</align>
					<aligny>center</aligny>
					<label>$INFO[ListItem.Label]</label>
				</control>
			</focusedlayout>
		</control>
		<control type="image">
			<left>210</left>
			<top>952</top>
			<width>1500</width>
			<height>60</height>
			<texture>black.png</texture>
			<colordiffuse>90FFFFFF</colordiffuse>
			<visible>![Player.Playing + VideoPlayer.IsFullscreen]</visible>
		</control>
		<control type="image">
			<left>210</left>
			<top>952</top>
			<width>750</width>
			<height>45</height>
			<texture>black.png</texture>
			<colordiffuse>90FFFFFF</colordiffuse>
			<visible>[Player.Playing + VideoPlayer.IsFullscreen]</visible>
		</control>
		<control type="grouplist" id="9000">
			<left>210</left>
			<top>952</top>
			<width>1500</width>
			<height>60</height>
			<itemgap>0</itemgap>
			<orientation>horizontal</orientation>
			<onleft>9000</onleft>
			<onright>9000</onright>
			<onup>11</onup>
			<ondown>11</ondown>
			<visible>![Player.Playing + VideoPlayer.IsFullscreen]</visible>
			<control type="button" id="2">
				<!-- Create Bookmark -->
				<align>center</align>
				<!-- <label>294</label> -->
				<label>Create</label>
				<width>525</width>
			</control>
			<control type="button" id="3">
				<!-- Clear Bookmark -->
				<description>Clear Bookmark button</description>
				<align>center</align>
				<!-- <label>296</label> -->
				<label>Clear</label>
				<width>525</width>
			</control>
			<control type="button" id="4">
				<align>center</align>
				<label>20406</label>
				<width>500</width>
				<visible>VideoPlayer.Content(episodes)</visible>
			</control>
		</control>
		<control type="grouplist" id="9000">
			<left>210</left>
			<top>952</top>
			<width>750</width>
			<height>45</height>
			<itemgap>0</itemgap>
			<orientation>horizontal</orientation>
			<onleft>9000</onleft>
			<onright>9000</onright>
			<onup>11</onup>
			<ondown>11</ondown>
			<visible>[Player.Playing + VideoPlayer.IsFullscreen]</visible>
			<control type="button" id="2">
				<!-- Create Bookmark -->
				<align>center</align>
				<label>294</label>
				<width>249</width>
				<font>Font_14</font>
			</control>
			<control type="button" id="3">
				<!-- Clear Bookmark -->
				<description>Clear Bookmark button</description>
				<align>center</align>
				<label>296</label>
				<width>249</width>
				<font>Font_14</font>
			</control>
			<control type="button" id="4">
				<!-- Create Episode Bookmark -->
				<align>center</align>
				<label>20406</label>
				<width>249</width>
				<font>Font_14</font>
				<visible>VideoPlayer.Content(episodes)</visible>
			</control>
		</control>
		<control type="scrollbar" id="80">
			<include>ScrollBar_Vertical</include>
			<left>1710</left>
			<top>172</top>
			<height>660</height>
			<onleft>11</onleft>
			<onright>11</onright>
			<include>Animation_Fade</include>
			<visible allowhiddenfocus="true">Control.HasFocus(80)</visible>
		</control>
		<control type="label">
			<left>1688</left>
			<top>885</top>
			<width>450</width>
			<height>52</height>
			<font>Font_18A</font>
			<align>right</align>
			<aligny>center</aligny>
			<scroll>true</scroll>
			<textcolor>$VAR[value_headercolor]</textcolor>
			<label>$INFO[Container(11).NumItems] $LOCALIZE[31210] - $LOCALIZE[31215] $INFO[Container(11).CurrentPage]/$INFO[Container(11).NumPages]</label>
			<visible>![Player.Playing + VideoPlayer.IsFullscreen]</visible>
		</control>
	</controls>
</window>
