<?xml version="1.0" encoding="UTF-8"?>
<!-- Aeon MQ 5 Helix 6.1.6 -->
<!-- Isengard 7.1.10 -->
<!-- Jarvis 8.1.13 -->
<!-- Krypton 9.1.19/9.2.1 window IDs/9.2.2-->
<!-- Leia 10.3.0/10.5.0/10.6.1/10.6.2 -->
<!-- Matrix 11.1.1//11.2.0 -->
<!-- Omega 13.7.0 -->
 <!-- 1200 -->
<includes>
	<!--##################################################################################   VISTA POSTER - ID 54   #############################################################################-->
	<include name="PosterLabel">
		<left>0</left>
		<height>30</height>
		<width>458</width>
		<font>Font_18A</font>
		<aligny>top</aligny>
		<align>left</align>
		<textcolor>$VAR[value_headercolor]</textcolor>
		<textoffsetx>0</textoffsetx>
		<textoffsety>0</textoffsety>
		<scroll>true</scroll>
	</include>
	<include name="PosterFixedList">
		<control type="fixedlist" id="54">
			<include>Poster_Content</include>
		</control>
	</include>
	<include name="PosterWrapList">
		<control type="wraplist" id="54">
			<include>Poster_Content</include>
		</control>
	</include>
	<include name="Poster_Content">
		<viewtype label="31808">list</viewtype>
		<left>-132</left>
		<top>180</top>
		<width>2130</width>
		<height>600</height>
		<onleft>54</onleft>
		<onright>54</onright>
		<onup>9900</onup>
		<ondown>80</ondown>
		<orientation>horizontal</orientation>
		<focusposition>2</focusposition>
		<scrolltime>400</scrolltime>
		<preloaditems>2</preloaditems>
		<pagecontrol>80</pagecontrol>
		<visible>!Container.Content(years)</visible>
		<itemlayout condition="$EXP[IsPVRRecordings]" width="447" height="540">
			<control type="image">
				<left>0</left>
				<top>9</top>
				<width>390</width>
				<height>525</height>
				<aspectratio align="center" aligny="bottom">keep</aspectratio>
				<bordertexture border="-2">black.png</bordertexture>
				<texture fallback="DefaultVideoPoster.png" background="true">$VAR[value_poster]</texture>
			</control>
			<control type="image">
				<left>315</left>
				<top>472</top>
				<width>60</width>
				<height>60</height>
				<texture>$VAR[pvr_overlay]</texture>
				<colordiffuse>$VAR[value_watchedcolor]</colordiffuse>
				<aspectratio align="center" aligny="bottom">keep</aspectratio>
				<visible>!Skin.HasSetting(nooverlays)</visible>
			</control>
		</itemlayout>
		<itemlayout condition="![Window.IsActive(musicplaylist) | Window.IsActive(music)]" width="447" height="540">
			<control type="image">
				<left>0</left>
				<top>9</top>
				<width>390</width>
				<height>525</height>
				<aspectratio align="center" aligny="bottom">keep</aspectratio>
				<bordertexture border="-2">black.png</bordertexture>
				<texture fallback="DefaultVideoPoster.png" background="true">$VAR[value_poster]</texture>
			</control>
			<control type="image">
				<left>315</left>
				<top>472</top>
				<width>60</width>
				<height>60</height>
				<texture>OverlayVersions.png</texture>
				<colordiffuse>$VAR[value_watchedcolor]</colordiffuse>
				<aspectratio align="center" aligny="bottom">keep</aspectratio>
				<visible>![Skin.HasSetting(nooverlays) | String.Contains(skin.string(stylewatched),2) | String.Contains(skin.string(stylewatched),3)] + ListItem.HasVideoVersions + Control.HasFocus(54)</visible>
			</control>
			<control type="image">
				<left>300</left>
				<top>467</top>
				<width>60</width>
				<height>60</height>
				<texture>OverlayExtras.png</texture>
				<colordiffuse>$VAR[value_watchedcolor]</colordiffuse>
				<aspectratio align="center" aligny="bottom">keep</aspectratio>
				<visible>![Skin.HasSetting(nooverlays) | String.Contains(skin.string(stylewatched),2) | String.Contains(skin.string(stylewatched),3)] + ListItem.HasVideoExtras + Control.HasFocus(54)</visible>
			</control>
			<control type="image">
				<left>315</left>
				<top>472</top>
				<width>60</width>
				<height>60</height>
				<texture>$VAR[value_watchedstyle]</texture>
				<colordiffuse>$VAR[value_watchedcolor]</colordiffuse>
				<aspectratio align="center" aligny="bottom">keep</aspectratio>
				<visible>![Skin.HasSetting(nooverlays) | String.Contains(skin.string(stylewatched),2) | String.Contains(skin.string(stylewatched),3)] + String.IsEqual(ListItem.Overlay,OverlayWatched.png) + Control.HasFocus(54)</visible>
			</control>
			<control type="image">
				<left>316</left>
				<top>478</top>
				<width>60</width>
				<height>60</height>
				<texture flipy="true">OverlayVersions.png</texture>
				<colordiffuse>$VAR[value_watchedcolor]</colordiffuse>
				<aspectratio align="center" aligny="bottom">keep</aspectratio>
				<visible>[!Skin.HasSetting(nooverlays) + ListItem.HasVideoVersions] + [String.Contains(skin.string(stylewatched),2) | String.Contains(skin.string(stylewatched),3)] + Control.HasFocus(54)</visible>
			</control>
			<control type="image">
				<left>301</left>
				<top>473</top>
				<width>60</width>
				<height>60</height>
				<texture flipy="true">OverlayExtras.png</texture>
				<colordiffuse>$VAR[value_watchedcolor]</colordiffuse>
				<aspectratio align="center" aligny="bottom">keep</aspectratio>
				<visible>[!Skin.HasSetting(nooverlays) + ListItem.HasVideoExtras] + [String.Contains(skin.string(stylewatched),2) | String.Contains(skin.string(stylewatched),3)] + Control.HasFocus(54)</visible>
			</control>
			<control type="image">
				<left>316</left>
				<top>478</top>
				<width>60</width>
				<height>60</height>
				<texture flipy="true">$VAR[value_watchedstyle]</texture>
				<colordiffuse>$VAR[value_watchedcolor]</colordiffuse>
				<aspectratio align="center" aligny="bottom">keep</aspectratio>
				<visible>[!Skin.HasSetting(nooverlays) + String.IsEqual(ListItem.Overlay,OverlayWatched.png)] + [String.Contains(skin.string(stylewatched),2) | String.Contains(skin.string(stylewatched),3)] + Control.HasFocus(54)</visible>
			</control>
		</itemlayout>
		<itemlayout condition="Window.IsActive(musicplaylist) | Window.IsActive(music) + ![Container.Content(genres) | Container.Content(roles) | Container.Content(sources) | String.IsEqual(Container.FolderName,roles)]" width="447" height="540">
			<control type="image">
				<left>0</left>
				<top>9</top>
				<width>390</width>
				<height>525</height>
				<aspectratio align="center" aligny="bottom">keep</aspectratio>
				<bordertexture border="-2">black.png</bordertexture>
				<texture fallback="DefaultAudioCover.png" background="true">$VAR[value_poster]</texture>
			</control>
			<control type="image">
				<left>315</left>
				<top>472</top>
				<width>60</width>
				<height>60</height>
				<texture>OverlayVersions.png</texture>
				<colordiffuse>$VAR[value_watchedcolor]</colordiffuse>
				<aspectratio align="center" aligny="bottom">keep</aspectratio>
				<visible>![Skin.HasSetting(nooverlays) | String.Contains(skin.string(stylewatched),2) | String.Contains(skin.string(stylewatched),3)] + ListItem.HasVideoVersions + Control.HasFocus(54)</visible>
			</control>
			<control type="image">
				<left>300</left>
				<top>467</top>
				<width>60</width>
				<height>60</height>
				<texture>OverlayExtras.png</texture>
				<colordiffuse>$VAR[value_watchedcolor]</colordiffuse>
				<aspectratio align="center" aligny="bottom">keep</aspectratio>
				<visible>![Skin.HasSetting(nooverlays) | String.Contains(skin.string(stylewatched),2) | String.Contains(skin.string(stylewatched),3)] + ListItem.HasVideoExtras + Control.HasFocus(54)</visible>
			</control>
			<control type="image">
				<left>315</left>
				<top>472</top>
				<width>60</width>
				<height>60</height>
				<texture>$VAR[value_watchedstyle]</texture>
				<colordiffuse>$VAR[value_watchedcolor]</colordiffuse>
				<aspectratio align="center" aligny="bottom">keep</aspectratio>
				<visible>![Skin.HasSetting(nooverlays) | String.Contains(skin.string(stylewatched),2) | String.Contains(skin.string(stylewatched),3)] + String.IsEqual(ListItem.Overlay,OverlayWatched.png) + Control.HasFocus(54)</visible>
			</control>
			<control type="image">
				<left>316</left>
				<top>478</top>
				<width>60</width>
				<height>60</height>
				<texture flipy="true">OverlayVersions.png</texture>
				<colordiffuse>$VAR[value_watchedcolor]</colordiffuse>
				<aspectratio align="center" aligny="bottom">keep</aspectratio>
				<visible>[!Skin.HasSetting(nooverlays) + ListItem.HasVideoVersions] + [String.Contains(skin.string(stylewatched),2) | String.Contains(skin.string(stylewatched),3)] + Control.HasFocus(54)</visible>
			</control>
			<control type="image">
				<left>301</left>
				<top>473</top>
				<width>60</width>
				<height>60</height>
				<texture flipy="true">OverlayExtras.png</texture>
				<colordiffuse>$VAR[value_watchedcolor]</colordiffuse>
				<aspectratio align="center" aligny="bottom">keep</aspectratio>
				<visible>[!Skin.HasSetting(nooverlays) + ListItem.HasVideoExtras] + [String.Contains(skin.string(stylewatched),2) | String.Contains(skin.string(stylewatched),3)] + Control.HasFocus(54)</visible>
			</control>
			<control type="image">
				<left>316</left>
				<top>478</top>
				<width>60</width>
				<height>60</height>
				<texture flipy="true">$VAR[value_watchedstyle]</texture>
				<colordiffuse>$VAR[value_watchedcolor]</colordiffuse>
				<aspectratio align="center" aligny="bottom">keep</aspectratio>
				<visible>[!Skin.HasSetting(nooverlays) + String.IsEqual(ListItem.Overlay,OverlayWatched.png)] + [String.Contains(skin.string(stylewatched),2) | String.Contains(skin.string(stylewatched),3)] + Control.HasFocus(54)</visible>
			</control>
		</itemlayout>
		<itemlayout condition="Window.IsActive(musicplaylist) | Window.IsActive(music) + [Container.Content(genres) | Container.Content(roles) | Container.Content(sources) | String.IsEqual(Container.FolderName,roles)]" width="447" height="540">
			<control type="image">
				<left>0</left>
				<top>9</top>
				<width>390</width>
				<height>525</height>
				<bordertexture border="-2">black.png</bordertexture>
				<texture fallback="DefaultAudioCover.png" diffuse="thumb_poster_diffuse.png" background="true">genres/256.png</texture>
				<colordiffuse>FF909090</colordiffuse>
				<aspectratio>keep</aspectratio>
			</control>
			<control type="label">
				<left>8</left>
				<top>16</top>
				<width>375</width>
				<height>510</height>
				<font>Font_18A</font>
				<wrapmultiline>true</wrapmultiline>
				<textcolor>FFFFFAF0</textcolor>
				<align>center</align>
				<aligny>center</aligny>
				<label>$INFO[ListItem.Label]</label>
			</control>
		</itemlayout>
		<focusedlayout condition="$EXP[IsPVRRecordings]" width="447" height="540">
			<control type="image">
				<left>0</left>
				<top>9</top>
				<width>390</width>
				<height>525</height>
				<aspectratio align="center" aligny="bottom">keep</aspectratio>
				<texture fallback="DefaultVideoPoster.png" background="true">$VAR[value_poster]</texture>
				<bordertexture border="-2">black.png</bordertexture>
				<animation reversible="false" effect="zoom" end="120" center="auto" time="200">Focus</animation>
			</control>
			<control type="image">
				<left>315</left>
				<top>472</top>
				<width>60</width>
				<height>60</height>
				<texture>$VAR[pvr_overlay]</texture>
				<colordiffuse>$VAR[value_watchedcolor]</colordiffuse>
				<aspectratio align="center" aligny="bottom">keep</aspectratio>
				<animation reversible="false" effect="slide" start="0,0" end="36,54" center="auto" time="200">Focus</animation>
				<animation reversible="false" effect="zoom" end="120" center="auto" time="200">Focus</animation>
				<visible>!Skin.HasSetting(nooverlays) </visible>
			</control>
		</focusedlayout>
		<focusedlayout condition="![Window.IsActive(musicplaylist) | Window.IsActive(music)]" width="447" height="540">
			<control type="image">
				<left>0</left>
				<top>9</top>
				<width>390</width>
				<height>525</height>
				<aspectratio align="center" aligny="bottom">keep</aspectratio>
				<texture fallback="DefaultVideoPoster.png" background="true">$VAR[value_poster]</texture>
				<bordertexture border="-2">black.png</bordertexture>
				<animation reversible="false" effect="zoom" end="120" center="auto" time="200">Focus</animation>
			</control>
			<control type="image">
				<left>315</left>
				<top>472</top>
				<width>60</width>
				<height>60</height>
				<texture>OverlayVersions.png</texture>
				<colordiffuse>$VAR[value_watchedcolor]</colordiffuse>
				<aspectratio align="center" aligny="bottom">keep</aspectratio>
				<animation reversible="false" effect="slide" start="0,0" end="36,54" center="auto" time="200">Focus</animation>
				<animation reversible="false" effect="zoom" end="120" center="auto" time="200">Focus</animation>
				<visible>![Skin.HasSetting(nooverlays) | String.Contains(skin.string(stylewatched),2) | String.Contains(skin.string(stylewatched),3)] + ListItem.HasVideoVersions + Control.HasFocus(54)</visible>
			</control>
			<control type="image">
				<left>300</left>
				<top>467</top>
				<width>60</width>
				<height>60</height>
				<texture>OverlayExtras.png</texture>
				<colordiffuse>$VAR[value_watchedcolor]</colordiffuse>
				<aspectratio align="center" aligny="bottom">keep</aspectratio>
				<animation reversible="false" effect="slide" start="0,0" end="36,54" center="auto" time="200">Focus</animation>
				<animation reversible="false" effect="zoom" end="120" center="auto" time="200">Focus</animation>
				<visible>![Skin.HasSetting(nooverlays) | String.Contains(skin.string(stylewatched),2) | String.Contains(skin.string(stylewatched),3)] + ListItem.HasVideoExtras + Control.HasFocus(54)</visible>
			</control>
			<control type="image">
				<left>315</left>
				<top>472</top>
				<width>60</width>
				<height>60</height>
				<texture>$VAR[value_watchedstyle]</texture>
				<colordiffuse>$VAR[value_watchedcolor]</colordiffuse>
				<aspectratio align="center" aligny="bottom">keep</aspectratio>
				<animation reversible="false" effect="slide" start="0,0" end="36,54" center="auto" time="200">Focus</animation>
				<animation reversible="false" effect="zoom" end="120" center="auto" time="200">Focus</animation>
				<visible>![Skin.HasSetting(nooverlays) | String.Contains(skin.string(stylewatched),2) | String.Contains(skin.string(stylewatched),3)] + String.IsEqual(ListItem.Overlay,OverlayWatched.png) + Control.HasFocus(54)</visible>
			</control>
			<control type="image">
				<left>316</left>
				<top>478</top>
				<width>60</width>
				<height>60</height>
				<texture flipy="true">OverlayVersions.png</texture>
				<colordiffuse>$VAR[value_watchedcolor]</colordiffuse>
				<aspectratio align="center" aligny="bottom">keep</aspectratio>
				<animation reversible="false" effect="slide" start="0,0" end="36,54" center="auto" time="200">Focus</animation>
				<animation reversible="false" effect="zoom" end="120" center="auto" time="200">Focus</animation>
				<visible>[!Skin.HasSetting(nooverlays) + ListItem.HasVideoVersions] + [String.Contains(skin.string(stylewatched),2) | String.Contains(skin.string(stylewatched),3)] + Control.HasFocus(54)</visible>
			</control>
			<control type="image">
				<left>301</left>
				<top>473</top>
				<width>60</width>
				<height>60</height>
				<texture flipy="true">OverlayExtras.png</texture>
				<colordiffuse>$VAR[value_watchedcolor]</colordiffuse>
				<aspectratio align="center" aligny="bottom">keep</aspectratio>
				<animation reversible="false" effect="slide" start="0,0" end="36,54" center="auto" time="200">Focus</animation>
				<animation reversible="false" effect="zoom" end="120" center="auto" time="200">Focus</animation>
				<visible>[!Skin.HasSetting(nooverlays) + ListItem.HasVideoExtras] + [String.Contains(skin.string(stylewatched),2) | String.Contains(skin.string(stylewatched),3)] + Control.HasFocus(54)</visible>
			</control>
			<control type="image">
				<left>316</left>
				<top>478</top>
				<width>60</width>
				<height>60</height>
				<texture flipy="true">$VAR[value_watchedstyle]</texture>
				<colordiffuse>$VAR[value_watchedcolor]</colordiffuse>
				<aspectratio align="center" aligny="bottom">keep</aspectratio>
				<animation reversible="false" effect="slide" start="0,0" end="36,54" center="auto" time="200">Focus</animation>
				<animation reversible="false" effect="zoom" end="120" center="auto" time="200">Focus</animation>
				<visible>[!Skin.HasSetting(nooverlays) + String.IsEqual(ListItem.Overlay,OverlayWatched.png)] + [String.Contains(skin.string(stylewatched),2) | String.Contains(skin.string(stylewatched),3)] + Control.HasFocus(54)</visible>
			</control>
		</focusedlayout>
		<focusedlayout condition="Window.IsActive(musicplaylist) | Window.IsActive(music) + ![Container.Content(genres) | Container.Content(roles) | Container.Content(sources) | String.IsEqual(Container.FolderName,roles)]" width="447" height="540">
			<control type="image">
				<left>0</left>
				<top>9</top>
				<width>390</width>
				<height>525</height>
				<aspectratio align="center" aligny="bottom">keep</aspectratio>
				<texture fallback="DefaultAudioCover.png" background="true">$VAR[value_poster]</texture>
				<bordertexture border="-2">black.png</bordertexture>
				<animation reversible="false" effect="zoom" end="120" center="auto" time="200">Focus</animation>
			</control>
			<control type="image">
				<left>315</left>
				<top>472</top>
				<width>60</width>
				<height>60</height>
				<texture>OverlayVersions.png</texture>
				<colordiffuse>$VAR[value_watchedcolor]</colordiffuse>
				<aspectratio align="center" aligny="bottom">keep</aspectratio>
				<animation reversible="false" effect="slide" start="0,0" end="36,54" center="auto" time="200">Focus</animation>
				<animation reversible="false" effect="zoom" end="120" center="auto" time="200">Focus</animation>
				<visible>![Skin.HasSetting(nooverlays) | String.Contains(skin.string(stylewatched),2) | String.Contains(skin.string(stylewatched),3)] + ListItem.HasVideoVersions + Control.HasFocus(54)</visible>
			</control>
			<control type="image">
				<left>300</left>
				<top>467</top>
				<width>60</width>
				<height>60</height>
				<texture>OverlayExtras.png</texture>
				<colordiffuse>$VAR[value_watchedcolor]</colordiffuse>
				<aspectratio align="center" aligny="bottom">keep</aspectratio>
				<animation reversible="false" effect="slide" start="0,0" end="36,54" center="auto" time="200">Focus</animation>
				<animation reversible="false" effect="zoom" end="120" center="auto" time="200">Focus</animation>
				<visible>![Skin.HasSetting(nooverlays) | String.Contains(skin.string(stylewatched),2) | String.Contains(skin.string(stylewatched),3)] + ListItem.HasVideoExtras + Control.HasFocus(54)</visible>
			</control>
			<control type="image">
				<left>315</left>
				<top>472</top>
				<width>60</width>
				<height>60</height>
				<texture>$VAR[value_watchedstyle]</texture>
				<colordiffuse>$VAR[value_watchedcolor]</colordiffuse>
				<aspectratio align="center" aligny="bottom">keep</aspectratio>
				<animation reversible="false" effect="slide" start="0,0" end="36,54" center="auto" time="200">Focus</animation>
				<animation reversible="false" effect="zoom" end="120" center="auto" time="200">Focus</animation>
				<visible>![Skin.HasSetting(nooverlays) | String.Contains(skin.string(stylewatched),2) | String.Contains(skin.string(stylewatched),3)] + String.IsEqual(ListItem.Overlay,OverlayWatched.png) + Control.HasFocus(54)</visible>
			</control>
			<control type="image">
				<left>316</left>
				<top>478</top>
				<width>60</width>
				<height>60</height>
				<texture flipy="true">OverlayVersions.png</texture>
				<colordiffuse>$VAR[value_watchedcolor]</colordiffuse>
				<aspectratio align="center" aligny="bottom">keep</aspectratio>
				<animation reversible="false" effect="slide" start="0,0" end="36,54" center="auto" time="200">Focus</animation>
				<animation reversible="false" effect="zoom" end="120" center="auto" time="200">Focus</animation>
				<visible>[!Skin.HasSetting(nooverlays) + ListItem.HasVideoVersions] + [String.Contains(skin.string(stylewatched),2) | String.Contains(skin.string(stylewatched),3)] + Control.HasFocus(54)</visible>
			</control>
			<control type="image">
				<left>301</left>
				<top>473</top>
				<width>60</width>
				<height>60</height>
				<texture flipy="true">OverlayExtras.png</texture>
				<colordiffuse>$VAR[value_watchedcolor]</colordiffuse>
				<aspectratio align="center" aligny="bottom">keep</aspectratio>
				<animation reversible="false" effect="slide" start="0,0" end="36,54" center="auto" time="200">Focus</animation>
				<animation reversible="false" effect="zoom" end="120" center="auto" time="200">Focus</animation>
				<visible>[!Skin.HasSetting(nooverlays) + ListItem.HasVideoExtras] + [String.Contains(skin.string(stylewatched),2) | String.Contains(skin.string(stylewatched),3)] + Control.HasFocus(54)</visible>
			</control>
			<control type="image">
				<left>316</left>
				<top>478</top>
				<width>60</width>
				<height>60</height>
				<texture flipy="true">$VAR[value_watchedstyle]</texture>
				<colordiffuse>$VAR[value_watchedcolor]</colordiffuse>
				<aspectratio align="center" aligny="bottom">keep</aspectratio>
				<animation reversible="false" effect="slide" start="0,0" end="36,54" center="auto" time="200">Focus</animation>
				<animation reversible="false" effect="zoom" end="120" center="auto" time="200">Focus</animation>
				<visible>[!Skin.HasSetting(nooverlays) + String.IsEqual(ListItem.Overlay,OverlayWatched.png)] + [String.Contains(skin.string(stylewatched),2) | String.Contains(skin.string(stylewatched),3)] + Control.HasFocus(54)</visible>
			</control>
		</focusedlayout>
		<focusedlayout condition="Window.IsActive(musicplaylist) | Window.IsActive(music) + [Container.Content(genres) | Container.Content(roles) | Container.Content(sources) | String.IsEqual(Container.FolderName,roles)]" width="447" height="540">
			<control type="image">
				<left>0</left>
				<top>9</top>
				<width>390</width>
				<height>525</height>
				<texture fallback="DefaultAudioCover.png" diffuse="thumb_poster_diffuse.png" background="true">genres/256.png</texture>
				<colordiffuse>FF909090</colordiffuse>
				<aspectratio>keep</aspectratio>
				<bordertexture border="-2">black.png</bordertexture>
				<animation reversible="false" effect="zoom" end="120" center="auto" time="200">Focus</animation>
			</control>
			<control type="label">
				<left>8</left>
				<top>16</top>
				<width>375</width>
				<height>510</height>
				<font>Font_18A</font>
				<wrapmultiline>true</wrapmultiline>
				<textcolor>FFFFFAF0</textcolor>
				<align>center</align>
				<aligny>center</aligny>
				<label>$INFO[ListItem.Label]</label>
			</control>
		</focusedlayout>
	</include>
	<include name="ViewPoster">
		<control type="group">	<!-- default group -->
			<animation effect="fade" time="400">VisibleChange</animation>
			<visible>Control.IsVisible(54)</visible>
			<control type="group">	<!-- CDART VIDEO -->
				<animation type="WindowOpen">
					<effect type="slide" start="0,-150" end="0,0" time="500" delay="500" tween="cubic" easing="out" />
					<effect type="fade" start="0" end="100" time="500" delay="500" />
				</animation>
				<animation type="Visible">
					<effect type="slide" start="0,-150" end="0,0" time="500" delay="500" tween="cubic" easing="out" />
					<effect type="fade" start="0" end="100" time="500" delay="500" />
				</animation>
				<animation effect="fade" start="100" end="0" time="200">WindowClose</animation>
				<animation effect="fade" start="100" end="0" time="50">Hidden</animation>
				<visible>!String.IsEmpty(ListItem.Art(discart)) + !Skin.HasSetting(noposterdiscart) + Window.IsActive(videos) + Control.IsVisible(9923)</visible>
				<control type="image">
					<left>746</left>
					<top>548</top>
					<width>420</width>
					<height>420</height>
					<texture diffuse="cdart_diffuse.png" background="true">$INFO[ListItem.Art(discart)]</texture>
					<fadetime>FanartCrossFadeTime</fadetime>
					<aspectratio align="center" aligny="center">keep</aspectratio>
					<animation effect="rotate" start="0" end="-360" center="auto" time="40000" delay="5000" loop="true" reversible="false" condition="!Player.HasVideo">Conditional</animation>
					<include>Animation_ViewsCDart</include>
				</control>
			</control>
			<include>ViewBack</include>  <!-- 1200 -->
			<!-- Fundo -->
			<control type="group">  <!-- bottom info group 1200 -->
				<top>120</top>  <!-- 1200 -->
				<control type="image">
					<left>0</left>
					<top>772</top>
					<width>1920</width>
					<height>201</height>
					<texture>black.png</texture>
					<colordiffuse>70FFFFFF</colordiffuse>
					<visible> !Container.Content(genres)</visible>
				</control>
				<control type="image" id="1008">
					<!-- clearlogo e clearart -->
					<left>1552</left>
					<top>810</top>
					<width>330</width>
					<height>165</height>
					<aligny>center</aligny>
					<texture background="true">$VAR[value_logoandclearart]</texture>
					<aspectratio align="right">keep</aspectratio>
					<fadetime>FanartCrossFadeTime</fadetime>
					<visible>!Skin.HasSetting(noartpostervideo)</visible>
				</control>
				<control type="image">
					<left>0</left>
					<top>772</top>
					<width>1920</width>
					<height>3</height>
					<texture>separator.png</texture>
				</control>
				<control type="image">
					<left>525</left>
					<top>774</top>
					<width>3</width>
					<height>201</height>
					<texture>separator_v.png</texture>
				</control>
				<control type="image">
					<left>1530</left>
					<top>774</top>
					<width>3</width>
					<height>201</height>
					<texture>separator_v.png</texture>
					<visible>![String.IsEmpty(Control.GetLabel(1008)) | Skin.HasSetting(noartpostervideo)]</visible>
				</control>
				<control type="grouplist">	<!-- Info panel 11/12/13/14/16/17 -->
					<left>45</left>
					<top>778</top>
					<orientation>vertical</orientation>
					<itemgap>2</itemgap>
					<visible>![Container.Content(addons) | Container.Content(genres) | String.IsEmpty(ListItem.DBType)]  | [Window.IsVisible(tvrecordings) | Window.IsVisible(radiorecordings)]</visible>
					<control type="label">
						<include>PosterLabel</include>
						<label>$VAR[value_ground11_label]: [COLOR=FFFFFAF0]$VAR[value_ground11_value][/COLOR]</label> 
						<visible>![[String.IsEqual(ListItem.DBType,episode) | ListItem.DBType(season) | ListItem.DBType(tvshow)] + String.IsEmpty(Window(home).Property(NextAired.Status))] | [Window.IsVisible(tvrecordings) | Window.IsVisible(radiorecordings)]</visible>
					</control>
					<control type="label">
						<include>PosterLabel</include>
						<label>$VAR[value_ground12_label]: [COLOR=FFFFFAF0]$VAR[value_ground12_value][/COLOR]</label>
					</control>
					<control type="label">
						<include>PosterLabel</include>
						<label>$VAR[value_ground13_label]: [COLOR=FFFFFAF0]$VAR[value_ground13_value][/COLOR]</label>
						<visible>!Container.Content(songs) | [Window.IsVisible(tvrecordings) | Window.IsVisible(radiorecordings)]</visible>
					</control>
					<control type="label">
						<include>PosterLabel</include>
						<label>$VAR[value_ground14_label]: [COLOR=FFFFFAF0]$VAR[value_ground14_value][/COLOR]</label>
						<visible>![Container.Content(artists) | Container.Content(albums) | Container.Content(songs)  | [Window.IsVisible(tvrecordings) | Window.IsVisible(radiorecordings)]]</visible>
					</control>
					<control type="label">
						<include>PosterLabel</include>
						<label>$VAR[value_ground16_label]: [COLOR=FFFFFAF0]$VAR[value_ground16_value][/COLOR]</label>
						<visible>![Container.Content(songs) | [Window.IsVisible(tvrecordings) | Window.IsVisible(radiorecordings)]]  + ![Container.Content(episodes) + !String.IsEmpty(Window(home).Property(NextAired.Status))]</visible>
					</control>
					<control type="label">
						<include>PosterLabel</include>
						<label>$VAR[value_ground17_label]: [COLOR=FFFFFAF0]$VAR[value_ground17_value][/COLOR]</label>
						<visible>![Container.Content(artists) | Container.Content(songs) | [Window.IsVisible(tvrecordings) | Window.IsVisible(radiorecordings)]]</visible>
					</control>
				</control>
				<control type="textbox">
					<left>549</left>
					<top>788</top>
					<width>960</width>
					<height>170</height>
					<textcolor>FFFFFAF0</textcolor>
					<font>Font_18A</font>
					<label>$VAR[value_plot]</label>
					<autoscroll delay="15000" time="3000" repeat="15000">!Skin.HasSetting(noallowscroll)</autoscroll>
					<visible>![String.IsEmpty(Control.GetLabel(1008)) | Skin.HasSetting(noartpostervideo)]</visible>
				</control>
				<control type="textbox">
					<left>549</left>
					<top>788</top>
					<width>1328</width>
					<height>170</height>
					<textcolor>FFFFFAF0</textcolor>
					<font>Font_18A</font>
					<label>$VAR[value_plot]</label>
					<autoscroll delay="15000" time="3000" repeat="15000">!Skin.HasSetting(noallowscroll)</autoscroll>
					<visible>String.IsEmpty(Control.GetLabel(1008)) | Skin.HasSetting(noartpostervideo)</visible>
				</control>
			</control>
			<include condition="Skin.HasSetting(posterfixedlist)">PosterFixedList</include>
			<include condition="!Skin.HasSetting(posterfixedlist)">PosterWrapList</include>
			<control type="scrollbar" id="80">
				<include>ScrollBar_Horizontal</include>
				<left>285</left>
				<!--<top>720</top>-->
				<top>840</top>  <!-- 1200 -->
				<width>1350</width>
				<onup>54</onup>
				<ondown>9920</ondown>
				<include>Animation_Fade</include>
				<visible allowhiddenfocus="true">Control.IsVisible(54) + Control.HasFocus(80)</visible>
			</control>
		</control>
	</include>
</includes>
