<?xml version="1.0" encoding="UTF-8"?>
<!-- Aeon MQ 5 Helix 6.1.2 -->
<!-- Jarvis 8.1.13 -->
<!-- Krypton 9.1.15/9.1.19/9.2.1 window IDs/9.2.3 -->
<!-- Leia 10.2.5/10.3.0/10.4.0/10.5.2/10.6.1/10.6.2 -->
<!-- Matrix 11.0.2/11.1.1 -->
<!-- Nexus 2.3.0 -->
<!-- Omega 13.7.0 -->
 <!-- 1200 -->
<includes>
	<!--##################################################################################   VISTA GLASS LIST - ID 57   ##################################################################################-->
	<include name="GlassListLabel">
		<left>480</left>
		<height>66</height>
		<width>585</width>
		<font>Font_18A</font>
		<aligny>top</aligny>
		<align>left</align>
		<textcolor>$VAR[value_headercolor]</textcolor>
		<textoffsetx>45</textoffsetx>
		<textoffsety>3</textoffsety>
	</include>
	<include name="GlassListValue">
		<left>480</left>
		<height>20</height>
		<width>585</width>
		<font>Font_18A</font>
		<aligny>top</aligny>
		<align>left</align>
		<textoffsetx>45</textoffsetx>
		<textoffsety>37</textoffsety>
		<scroll>true</scroll>
	</include>
	<include name="GlassListDisc">
		<width>225</width>
		<height>225</height>
		<fadetime>FanartCrossFadeTime</fadetime>
		<aspectratio align="center" aligny="center">keep</aspectratio>
		<animation effect="rotate" start="0" end="-360" center="auto" time="40000" delay="5000" loop="true" reversible="false" condition="!Player.HasVideo">Conditional</animation>
		<include>Animation_ViewsCDart</include>
	</include>
	<include name="ViewGlassList">
		<control type="group">	<!-- flags / info panel 1200 -->
			<top>120</top>  <!-- 1200 -->
			<animation effect="slide" start="1500,0" end="0,0" time="600" easing="out" tween="sine">WindowOpen</animation>
			<animation effect="slide" start="1500,0" end="0,0" time="600" easing="out" tween="sine">Visible</animation>
			<animation effect="slide" start="0,0" end="1500,0" time="600" easing="out" tween="sine">Hidden</animation>
			<visible>Control.IsVisible(57) + [Control.HasFocus(9957) | String.IsEqual(skin.string(glasslistvideopanel),alwayson) | String.IsEqual(skin.string(glasslistvideopanel),auto) + Control.IsVisible(9921)]</visible>
			<!-- custom delay RCB -->
			<control type="group">	<!-- flags -->
				<animation effect="slide" start="0,450" end="0,0" time="500" tween="sine" easing="out">WindowOpen</animation>
				<animation effect="slide" start="0,450" end="0,0" time="500" tween="sine" easing="out">Visible</animation>
				<animation effect="fade" start="100" end="0" time="200">Hidden</animation>
				<visible>!String.IsEqual(ListItem.Label,..) + [String.Contains(skin.string(mediaflags),on) | String.Contains(skin.string(mediaflags),auto) + Control.IsVisible(9921)]</visible>
				<control type="image">
					<!-- Footer Bar -->
					<left>450</left>
					<top>765</top>
					<width>1920</width>
					<height>270</height>
					<colordiffuse>$VAR[value_flagsbar]</colordiffuse>
					<texture>shadow_mask.png</texture>
				</control>
				<control type="grouplist">
					<left>480</left>
					<top>970</top>
					<orientation>horizontal</orientation>
					<itemgap>22</itemgap>
					<control type="group">
						<!-- Rating -->
						<width>165</width>
						<visible>!String.IsEmpty(ListItem.Rating)</visible>
						<control type="image">
							<left>8</left>
							<include>FlagImage</include>
							<texture>flags/rating.png</texture>
						</control>
						<control type="label">
							<left>20</left>
							<top>2</top>
							<width>134</width>
							<height>75</height>
							<align>center</align>
							<aligny>center</aligny>
							<font>Font_20B</font>
							<textcolor>$VAR[value_flagscolor]</textcolor>
							<label>$INFO[ListItem.Rating]</label>
						</control>
						<control type="image">
							<left>165</left>
							<include>FlagSeparator</include>
						</control>
					</control>
					<control type="image">
						<!-- Codec -->
						<include>FlagImage</include>
						<texture>$VAR[value_videocodec]</texture>
						<visible>!String.IsEmpty(ListItem.VideoCodec)</visible>
					</control>
					<control type="image">
						<include>FlagSeparator</include>
						<visible>!String.IsEmpty(ListItem.VideoCodec)</visible>
					</control>
					<control type="image">
						<!-- Resolution -->
						<include>FlagImage</include>
						<texture>$INFO[ListItem.VideoResolution,flags/resolution/,.png]</texture>
						<visible>!String.IsEmpty(ListItem.VideoResolution)</visible>
					</control>
					<control type="image">
						<include>FlagSeparator</include>
						<visible>!String.IsEmpty(ListItem.VideoResolution)</visible>
					</control>
					<control type="image">
						<!-- Aspect -->
						<include>FlagImage</include>
						<texture>$INFO[ListItem.VideoAspect,flags/aspectratio/,.png]</texture>
						<visible>!String.IsEmpty(ListItem.VideoAspect)</visible>
					</control>
					<control type="image">
						<include>FlagSeparator</include>
						<visible>!String.IsEmpty(ListItem.VideoAspect)</visible>
					</control>
					<control type="image">
						<!-- Audio Codec -->
						<include>FlagImage</include>
						<texture>$INFO[ListItem.AudioCodec,flags/audiocodec/,.png]</texture>
						<visible>!String.IsEmpty(ListItem.AudioCodec)</visible>
					</control>
					<control type="image">
						<include>FlagSeparator</include>
						<visible>!String.IsEmpty(ListItem.AudioCodec)</visible>
					</control>
					<control type="image">
						<!-- Channels -->
						<include>FlagImage</include>
						<texture>$INFO[ListItem.AudioChannels,flags/audiochannels/,ch.png]</texture>
						<visible>!String.IsEmpty(ListItem.AudioChannels)</visible>
					</control>
					<control type="image">
						<include>FlagSeparator</include>
						<visible>!String.IsEmpty(ListItem.AudioChannels)</visible>
					</control>
					<control type="image">
						<!-- Trailer -->
						<include>FlagImage</include>
						<texture>flags/trailer.png</texture>
						<visible>!String.IsEmpty(ListItem.Trailer)</visible>
					</control>
					<control type="image">
						<include>FlagSeparator</include>
						<visible>!String.IsEmpty(ListItem.Trailer) + ListItem.IsResumable</visible>
					</control>
					<control type="group">
						<!-- % Played -->
						<width>165</width>
						<visible>ListItem.IsResumable</visible>
						<control type="image">
							<include>FlagImage</include>
							<texture>flags/percentplayed.png</texture>
						</control>
						<control type="label">
							<left>18</left>
							<top>2</top>
							<width>134</width>
							<height>75</height>
							<align>center</align>
							<aligny>center</aligny>
							<font>Font_20B</font>
							<textcolor>$VAR[value_flagscolor]</textcolor>
							<label>$INFO[ListItem.PercentPlayed]%</label>
						</control>
					</control>
				</control>
				<control type="image">
					<left>450</left>
					<top>975</top>
					<height>60</height>
					<width>1470</width>
					<texture>gradient_small.png</texture>
				</control>
			</control>
			<control type="group">	<!-- info panel -->
				<animation effect="slide" end="0,60" time="500" tween="sine" easing="out" condition="String.Contains(skin.string(mediaflags),off)">Conditional</animation>
				<visible>!String.IsEqual(ListItem.Label,..)</visible>
				<control type="image">
					<!-- Fundo -->
					<left>450</left>
					<top>84</top>
					<width>1470</width>
					<height>45</height>
					<texture>shadow_h.png</texture>
					<colordiffuse>C3FFFFFF</colordiffuse>
				</control>
				<control type="image">
					<left>450</left>
					<top>975</top>
					<width>1470</width>
					<height>45</height>
					<texture flipy="true">shadow_h.png</texture>
					<colordiffuse>C3FFFFFF</colordiffuse>
				</control>
				<control type="image">
					<left>450</left>
					<top>128</top>
					<width>1470</width>
					<height>848</height>
					<texture>darkgrey.png</texture>
					<colordiffuse>$VAR[value_texturecolor]</colordiffuse>
					<animation effect="fade" end="85" condition="true">Conditional</animation>
				</control>
				<control type="image">
					<!-- Certification -->
					<left>495</left>
					<top>124</top>
					<height>90</height>
					<width>237</width>
					<align>center</align>
					<aligny>center</aligny>
					<aspectratio>keep</aspectratio>
					<texture>$VAR[value_mpaa]</texture>
				</control>
				<control type="image">
					<left>765</left>
					<top>129</top>
					<width>3</width>
					<height>82</height>
					<texture>separator_v.png</texture>
				</control>
				<control type="label">
					<left>836</left>
					<top>158</top>
					<width>150</width>
					<height>30</height>
					<label>$INFO[ListItem.Rating]</label>
					<visible>![Container.Content(artists) | Container.Content(years) | Container.Content(genres) | Container.Content(seasons) | String.IsEmpty(ListItem.Title)]</visible>
				</control>
				<control type="image">
					<left>836</left>
					<top>135</top>
					<width>150</width>
					<height>30</height>
					<texture>$VAR[User_Rating_Stars]</texture>
					<colordiffuse>$VAR[value_headercolor]</colordiffuse>
					<visible>![Container.Content(sets) | Container.Content(artists) | Container.Content(years) | Container.Content(genres) | Container.Content(seasons) | String.IsEqual(ListItem.Label,..)]</visible>
				</control>
				<control type="image">
					<left>450</left>
					<top>210</top>
					<height>3</height>
					<width>600</width>
					<texture>separator.png</texture>
				</control>
				<control type="image">
					<left>1050</left>
					<top>129</top>
					<width>3</width>
					<height>606</height>
					<texture>separator_v.png</texture>
				</control>
				<control type="group">
					<top>248</top>
					<control type="label">
						<include>GlassListLabel</include>
						<top>0</top>
						<label>$VAR[value_ground11_label]</label>
					</control>
					<control type="label">
						<include>GlassListValue</include>
						<top>0</top>
						<label>$VAR[value_ground11_value]</label>
					</control>
					<control type="label">
						<include>GlassListLabel</include>
						<top>66</top>
						<label>$VAR[value_ground12_label]</label>
					</control>
					<control type="label">
						<include>GlassListValue</include>
						<top>66</top>
						<label>$VAR[value_ground12_value]</label>
					</control>
					<control type="label">
						<include>GlassListLabel</include>
						<top>132</top>
						<label>$VAR[value_ground13_label]</label>
					</control>
					<control type="label">
						<include>GlassListValue</include>
						<top>132</top>
						<label>$VAR[value_ground13_value]</label>
					</control>
					<control type="label">
						<!-- Written -->
						<include>GlassListLabel</include>
						<top>198</top>
						<label>$VAR[value_ground14_label]</label>
					</control>
					<control type="label">
						<include>GlassListValue</include>
						<top>198</top>
						<label>$VAR[value_ground14_value]</label>
					</control>
					<control type="label">
						<!-- Written -->
						<include>GlassListLabel</include>
						<top>264</top>
						<label>$VAR[value_ground15_label]</label>
					</control>
					<control type="label">
						<include>GlassListValue</include>
						<top>264</top>
						<label>$VAR[value_ground15_value]</label>
					</control>
					<control type="label">
						<!-- Written/Status -->
						<include>GlassListLabel</include>
						<top>330</top>
						<label>$VAR[value_ground16_label]</label>
					</control>
					<control type="label">
						<include>GlassListValue</include>
						<top>330</top>
						<label>$VAR[value_ground16_value]</label>
					</control>
				</control>
				<control type="group">
					<!-- CDART VIDEO -->
					<left>1095</left>
					<top>112</top>
					<animation type="WindowOpen">
						<effect type="slide" start="-150,0" end="0,0" time="500" delay="1000" tween="cubic" easing="out" />
						<effect type="fade" start="0" end="100" time="500" delay="1000" />
					</animation>
					<animation type="Visible">
						<effect type="slide" start="-150,0" end="0,0" time="500" delay="1000" tween="cubic" easing="out" />
						<effect type="fade" start="0" end="100" time="500" delay="1000" />
					</animation>
					<animation effect="fade" start="100" end="0" time="200">WindowClose</animation>
					<animation type="Hidden">
						<effect type="slide" start="0,0" end="-150,0" time="300" tween="cubic" easing="out" />
						<effect type="fade" start="100" end="0" time="200" />
					</animation>
					<visible>![String.IsEmpty(ListItem.Art(discart)) | Skin.HasSetting(noglasslistdiscart) | ListItem.IsCollection] + Window.IsActive(videos) + [Control.HasFocus(9957) | Control.IsVisible(9923)]</visible>
					<control type="image">
						<left>168</left>
						<top>82</top>
						<width>375</width>
						<height>375</height>
						<texture diffuse="cdart_diffuse.png" background="true">$INFO[ListItem.Art(discart)]</texture>
						<fadetime>FanartCrossFadeTime</fadetime>
						<aspectratio align="center" aligny="center">keep</aspectratio>
						<animation effect="rotate" start="0" end="-360" center="auto" time="40000" delay="5000" loop="true" reversible="false" condition="!Player.HasVideo">Conditional</animation>
						<include>Animation_ViewsCDart</include>
					</control>
				</control>
				<control type="grouplist">
					<!-- CDART SETS da direita -->
					<left>1500</left>
					<top>150</top>
					<orientation>vertical</orientation>
					<itemgap>-138</itemgap>
					<animation type="WindowOpen">
						<effect type="slide" start="-150,0" end="0,0" time="500" delay="500" tween="cubic" easing="out" />
						<effect type="fade" start="0" end="100" time="500" delay="500" />
					</animation>
					<animation type="Visible">
						<effect type="slide" start="-150,0" end="0,0" time="500" delay="500" tween="cubic" easing="out" />
						<effect type="fade" start="0" end="100" time="500" delay="500" />
					</animation>
					<animation effect="fade" start="100" end="0" time="200">WindowClose</animation>
					<animation type="Hidden">
						<effect type="slide" start="0,0" end="-150,0" time="300" tween="cubic" easing="out" />
						<effect type="fade" start="100" end="0" time="200" />
					</animation>
					<visible>![String.IsEmpty(Window(home).Property(Set.Movie.6.Art(discart))) | Skin.HasSetting(noglasslistdiscart)] + Window.IsActive(videos) + ListItem.IsCollection + [Control.HasFocus(9957) | Control.IsVisible(9923)]</visible>
					<control type="image">
						<include>GlassListDisc</include>
						<texture diffuse="cdart_diffuse.png" background="true">$INFO[Window(home).Property(Set.Movie.6.Art(discart))]</texture>
						<visible>!String.IsEmpty(Window(home).Property(Set.Movie.6.Art(discart)))</visible>
					</control>
					<control type="image">
						<include>GlassListDisc</include>
						<texture diffuse="cdart_diffuse.png" background="true">$INFO[Window(home).Property(Set.Movie.7.Art(discart))]</texture>
						<visible>!String.IsEmpty(Window(home).Property(Set.Movie.7.Art(discart)))</visible>
					</control>
					<control type="image">
						<include>GlassListDisc</include>
						<texture diffuse="cdart_diffuse.png" background="true">$INFO[Window(home).Property(Set.Movie.8.Art(discart))]</texture>
						<visible>!String.IsEmpty(Window(home).Property(Set.Movie.8.Art(discart)))</visible>
					</control>
					<control type="image">
						<include>GlassListDisc</include>
						<texture diffuse="cdart_diffuse.png" background="true">$INFO[Window(home).Property(Set.Movie.9.Art(discart))]</texture>
						<visible>!String.IsEmpty(Window(home).Property(Set.Movie.9.Art(discart)))</visible>
					</control>
					<control type="image">
						<include>GlassListDisc</include>
						<texture diffuse="cdart_diffuse.png" background="true">$INFO[Window(home).Property(Set.Movie.10.Art(discart))]</texture>
						<visible>!String.IsEmpty(Window(home).Property(Set.Movie.10.Art(discart)))</visible>
					</control>
				</control>
				<control type="grouplist">
					<!-- CDART SETS da esquerda -->
					<left>1350</left>
					<top>150</top>
					<orientation>vertical</orientation>
					<itemgap>-138</itemgap>
					<animation type="WindowOpen">
						<effect type="slide" start="-150,0" end="0,0" time="500" delay="500" tween="cubic" easing="out" />
						<effect type="fade" start="0" end="100" time="500" delay="500" />
					</animation>
					<animation type="Visible">
						<effect type="slide" start="-150,0" end="0,0" time="500" delay="500" tween="cubic" easing="out" />
						<effect type="fade" start="0" end="100" time="500" delay="500" />
					</animation>
					<animation effect="fade" start="100" end="0" time="200">WindowClose</animation>
					<animation type="Hidden">
						<effect type="slide" start="0,0" end="-150,0" time="300" tween="cubic" easing="out" />
						<effect type="fade" start="100" end="0" time="200" />
					</animation>
					<visible>![String.IsEmpty(Window(home).Property(Set.Movie.1.Art(discart))) | Skin.HasSetting(noglasslistdiscart)] + Window.IsActive(videos) + ListItem.IsCollection + [Control.HasFocus(9957) | Control.IsVisible(9923)]</visible>
					<control type="image">
						<include>GlassListDisc</include>
						<texture diffuse="cdart_diffuse.png" background="true">$INFO[Window(home).Property(Set.Movie.1.Art(discart))]</texture>
						<visible>!String.IsEmpty(Window(home).Property(Set.Movie.1.Art(discart)))</visible>
					</control>
					<control type="image">
						<include>GlassListDisc</include>
						<texture diffuse="cdart_diffuse.png" background="true">$INFO[Window(home).Property(Set.Movie.2.Art(discart))]</texture>
						<visible>!String.IsEmpty(Window(home).Property(Set.Movie.2.Art(discart)))</visible>
					</control>
					<control type="image">
						<include>GlassListDisc</include>
						<texture diffuse="cdart_diffuse.png" background="true">$INFO[Window(home).Property(Set.Movie.3.Art(discart))]</texture>
						<visible>!String.IsEmpty(Window(home).Property(Set.Movie.3.Art(discart)))</visible>
					</control>
					<control type="image">
						<include>GlassListDisc</include>
						<texture diffuse="cdart_diffuse.png" background="true">$INFO[Window(home).Property(Set.Movie.4.Art(discart))]</texture>
						<visible>!String.IsEmpty(Window(home).Property(Set.Movie.4.Art(discart)))</visible>
					</control>
					<control type="image">
						<include>GlassListDisc</include>
						<texture diffuse="cdart_diffuse.png" background="true">$INFO[Window(home).Property(Set.Movie.5.Art(discart))]</texture>
						<visible>!String.IsEmpty(Window(home).Property(Set.Movie.5.Art(discart)))</visible>
					</control>
				</control>
				<control type="group">
					<!-- VIDEO SEM ESTOJO -->
					<left>1056</left>
					<top>132</top>
					<include>Animation_Fade</include>
					<visible>![!Skin.HasSetting(noglasslistvideocase) + [Container.Content(movies) | Container.Content(musicvideos) | Container.Content(sets)] | Window.IsActive(musicplaylist) | Window.IsActive(music)]</visible>
					<control type="image">
						<!-- Filmes/Fotos/Arquivos reflexo -->
						<left>0</left>
						<top>609</top>
						<width>795</width>
						<height>600</height>
						<fadetime>FanartCrossFadeTime</fadetime>
						<aspectratio align="left" aligny="top">keep</aspectratio>
						<texture flipy="true" diffuse="thumb_reflect.png" background="true">$VAR[value_poster]</texture>
						<bordertexture flipy="true" diffuse="thumb_reflect.png" border="-2">black.png</bordertexture>
					</control>
					<control type="image">
						<!-- Filmes/Fotos/Arquivos -->
						<left>0</left>
						<top>0</top>
						<width>795</width>
						<height>600</height>
						<fadetime>FanartCrossFadeTime</fadetime>
						<aspectratio align="left" aligny="bottom">keep</aspectratio>
						<texture fallback="DefaultVideoPoster.png" background="true">$VAR[value_poster]</texture>
						<bordertexture border="-2">black.png</bordertexture>
					</control>
				</control>
				<control type="group">
					<!-- FILMES ESTOJO -->
					<left>1095</left>
					<top>112</top>
					<include>Animation_Fade</include>
					<visible>!Skin.HasSetting(noglasslistvideocase) + [Container.Content(movies) | Container.Content(musicvideos) | Container.Content(sets)]</visible>
					<control type="image">
						<!-- Poster reflexo -->
						<left>-6</left>
						<top>639</top>
						<width>368</width>
						<height>525</height>
						<fadetime>FanartCrossFadeTime</fadetime>
						<texture flipy="true" diffuse="thumb_reflect.png" background="true">$INFO[ListItem.Icon]</texture>
						<aspectratio>stretch</aspectratio>
					</control>
					<control type="image">
						<!-- Estojo reflexo -->
						<left>-39</left>
						<top>585</top>
						<width>456</width>
						<height>652</height>
						<fadetime>FanartCrossFadeTime</fadetime>
						<colordiffuse>$VAR[value_videocase0]</colordiffuse>
						<texture flipy="true" diffuse="box/thumb_box_reflect.png">box/thumb_box.png</texture>
						<aspectratio>stretch</aspectratio>
					</control>
					<control type="image">
						<!-- Poster -->
						<left>-6</left>
						<top>82</top>
						<width>368</width>
						<height>525</height>
						<fadetime>FanartCrossFadeTime</fadetime>
						<texture fallback="DefaultVideoPoster.png" background="true">$VAR[value_poster]</texture>
					</control>
					<control type="image">
						<!-- Estojo -->
						<left>-39</left>
						<top>0</top>
						<width>456</width>
						<height>652</height>
						<fadetime>FanartCrossFadeTime</fadetime>
						<colordiffuse>$VAR[value_videocase0]</colordiffuse>
						<texture>box/thumb_box.png</texture>
					</control>
					<control type="image">
						<!-- Codec -->
						<left>132</left>
						<top>6</top>
						<width>105</width>
						<height>105</height>
						<fadetime>FanartCrossFadeTime</fadetime>
						<align>center</align>
						<aligny>center</aligny>
						<aspectratio scalediffuse="true">keep</aspectratio>
						<texture>$VAR[value_videocodec0]</texture>
					</control>
				</control>
				<control type="group">
					<!-- MUSICA -->
					<include>Animation_Fade</include>
					<visible>[Window.IsActive(musicplaylist) | Window.IsActive(music)] + Skin.HasSetting(noaudiomediacase)</visible>
					<control type="image">
						<!-- Musica reflexo -->
						<left>-8</left>
						<top>630</top>
						<width>368</width>
						<height>525</height>
						<fadetime>FanartCrossFadeTime</fadetime>
						<aspectratio align="center" aligny="top">keep</aspectratio>
						<texture flipy="true" diffuse="thumb_reflect.png" background="true">$INFO[ListItem.Icon]</texture>
						<bordertexture flipy="true" diffuse="thumb_reflect.png" border="-2">black.png</bordertexture>
					</control>
					<control type="image">
						<!-- Musica -->
						<left>-8</left>
						<top>98</top>
						<width>368</width>
						<height>525</height>
						<fadetime>FanartCrossFadeTime</fadetime>
						<aspectratio align="center" aligny="bottom">keep</aspectratio>
						<texture fallback="DefaultAudioCover.png" background="true">$INFO[ListItem.Icon]</texture>
						<bordertexture border="-2">black.png</bordertexture>
					</control>
				</control>
				<control type="group">
					<!-- MUSICA ESTOJO -->
					<include>Animation_Fade</include>
					<visible>[Window.IsActive(musicplaylist) | Window.IsActive(music)] + !Skin.HasSetting(noaudiomediacase)</visible>
					<control type="image">
						<!-- Musica/Estojo reflexo-->
						<left>27</left>
						<top>630</top>
						<width>345</width>
						<height>345</height>
						<fadetime>FanartCrossFadeTime</fadetime>
						<aspectratio scalediffuse="false">stretch</aspectratio>
						<texture flipy="true" diffuse="box/thumb_box_diffuse_reflect.png" background="true">$INFO[ListItem.Icon]</texture>
					</control>
					<control type="image">
						<!-- Estojo reflexo -->
						<left>-30</left>
						<top>627</top>
						<width>417</width>
						<height>364</height>
						<texture flipy="true" diffuse="box/thumb_box_reflect.png">box/thumb_box_cd.png</texture>
					</control>
					<control type="image">
						<!-- Musica -->
						<left>27</left>
						<top>291</top>
						<width>345</width>
						<height>345</height>
						<fadetime>FanartCrossFadeTime</fadetime>
						<aspectratio scalediffuse="false">stretch</aspectratio>
						<texture diffuse="box/thumb_box_diffuse.png" fallback="DefaultAudioCover.png" background="true">$INFO[ListItem.Icon]</texture>
					</control>
					<control type="image">
						<!-- Estojo -->
						<left>-30</left>
						<top>285</top>
						<width>417</width>
						<height>364</height>
						<texture>box/thumb_box_cd.png</texture>
						<colordiffuse>DEFFFFFF</colordiffuse>
					</control>
				</control>
				<control type="image">
					<!-- Logo -->
					<left>1575</left>
					<top>90</top>
					<height>218</height>
					<width>285</width>
					<aspectratio>keep</aspectratio>
					<texture background="true">$INFO[ListItem.Art(clearlogo)]</texture>
					<fadetime>FanartCrossFadeTime</fadetime>
					<visible>!Skin.HasSetting(noartglasslistvideo)</visible>
				</control>
				<control type="image">
					<!-- ClearArt -->
					<left>1560</left>
					<top>502</top>
					<height>300</height>
					<width>300</width>
					<aspectratio aligny="bottom">keep</aspectratio>
					<texture background="true">$INFO[ListItem.Art(clearart)]</texture>
					<fadetime>FanartCrossFadeTime</fadetime>
					<visible>!Skin.HasSetting(noartglasslistvideo)</visible>
				</control>
				<control type="image">
					<left>450</left>
					<top>735</top>
					<height>3</height>
					<width>1470</width>
					<texture>separator.png</texture>
				</control>
				<control type="textbox">
					<!-- Plot -->
					<left>525</left>
					<top>750</top>
					<width>1328</width>
					<height>201</height>
					<font>Font_18A</font>
					<label>$VAR[value_plot]</label>
					<textcolor>FFFFFAF0</textcolor>
					<autoscroll delay="15000" time="5000" repeat="15000">!Skin.HasSetting(noinfoplotscroll)</autoscroll>
				</control>
			</control>
		</control>
		<control type="group">	<!-- container 57 -->
			<animation effect="fade" time="400">VisibleChange</animation>
			<visible>Control.IsVisible(57)</visible>
			<control type="button" id="9957">
				<include>InvisibleButton</include>
				<onleft>57</onleft>
				<onright>9920</onright>
				<onup>57</onup>
				<ondown>57</ondown>
			</control>
			<control type="image">
				<left>450</left>
				<top>-45</top>
				<width>45</width>
				<!--<height>1080</height>-->
				<height>1200</height>  <!-- 1200 -->
				<texture>shadow.png</texture>
				<colordiffuse>C3FFFFFF</colordiffuse>
			</control>
			<control type="image">
				<left>0</left>
				<top>-45</top>
				<width>450</width>
				<!--<height>1080</height>-->
				<height>1200</height>  <!-- 1200 -->
				<texture>grey.png</texture>
				<colordiffuse>90FFFFFF</colordiffuse>
			</control>
			<control type="image">
				<left>0</left>
				<!--<top>987</top>-->
				<top>1107</top>  <!-- 1200 -->
				<width>447</width>
				<height>4</height>
				<texture flipx="true">divider.png</texture>
				<colordiffuse>90FFFFFF</colordiffuse>
			</control>
			<control type="label">
				<!-- Contador de pagina -->
				<left>30</left>
				<!--<top>988</top>-->
				<top>1108</top>  <!-- 1200 -->
				<width>225</width>
				<height>33</height>
				<label>$LOCALIZE[31757] $INFO[Container.CurrentPage]/$INFO[Container.NumPages]</label>
				<font>Font_15</font>
				<align>left</align>
				<textcolor>FF101010</textcolor>
				<include>Animation_Fade</include>
			</control>
			<control type="image">
				<left>447</left>
				<top>-45</top>
				<width>3</width>
				<!--<height>1080</height>-->
				<height>1200</height>  <!-- 1200 -->
				<texture>separator_v.png</texture>
			</control>
			<control type="list" id="57">
				<viewtype label="31827">List</viewtype>
				<left>0</left>
				<top>0</top>
				<width>450</width>
				<!--<height>975</height>-->
				<height>1095</height>  <!-- 1200 -->
				<onleft>9900</onleft>
				<onright condition="String.IsEqual(skin.string(glasslistvideopanel),manual) + !String.IsEqual(ListItem.Label,..)">9957</onright>
				<onright condition="![String.IsEqual(skin.string(glasslistvideopanel),manual) + !String.IsEqual(ListItem.Label,..)]">9920</onright>
				<orientation>vertical</orientation>
				<scrolltime>450</scrolltime>
				<preloaditems>2</preloaditems>
				<focusposition>0</focusposition>
				<pagecontrol></pagecontrol>
				<visible>!Container.Content(years)</visible>
				<itemlayout width="450" height="60">
					<control type="image">
						<left>0</left>
						<top>0</top>
						<width>447</width>
						<height>4</height>
						<texture flipx="true">divider.png</texture>
						<colordiffuse>90FFFFFF</colordiffuse>
					</control>
					<control type="label">
						<left>30</left>
						<top>1</top>
						<width>390</width>
						<height>60</height>
						<font>Font_22A</font>
						<label>$INFO[ListItem.Label]</label>
						<align>left</align>
						<aligny>center</aligny>
						<textcolor>FF101010</textcolor>
						<selectedcolor>$VAR[value_headercolor]</selectedcolor>
					</control>
					<control type="image">
						<left>382</left>
						<top>3</top>
						<width>45</width>
						<height>45</height>
						<texture>OverlayVersions.png</texture>
						<colordiffuse>$VAR[value_watchedcolor]</colordiffuse>
						<visible>!$EXP[IsPVRRecordings] + !Skin.HasSetting(nooverlays) + ListItem.HasVideoVersions</visible>
					</control>
					<control type="image">
						<left>382</left>
						<top>3</top>
						<width>45</width>
						<height>45</height>
						<texture>OverlayExtras.png</texture>
						<colordiffuse>$VAR[value_watchedcolor]</colordiffuse>
						<visible>!$EXP[IsPVRRecordings] + !Skin.HasSetting(nooverlays) + ListItem.HasVideoExtras</visible>
					</control>
					<control type="image">
						<left>382</left>
						<top>3</top>
						<width>45</width>
						<height>45</height>
						<texture>$VAR[value_watchedstyle]</texture>
						<colordiffuse>$VAR[value_watchedcolor]</colordiffuse>
						<visible>!$EXP[IsPVRRecordings] + !Skin.HasSetting(nooverlays) + String.IsEqual(ListItem.Overlay,OverlayWatched.png)</visible>
					</control>
					<control type="image">
						<left>382</left>
						<top>3</top>
						<width>45</width>
						<height>45</height>
						<texture>$VAR[pvr_overlay]</texture>
						<colordiffuse>$VAR[value_watchedcolor]</colordiffuse>
						<visible>$EXP[IsPVRRecordings] + !Skin.HasSetting(nooverlays)</visible>
					</control>
				</itemlayout>
				<focusedlayout condition="String.IsEmpty(Control.GetLabel(198)) | Window.IsActive(videos) + Skin.HasSetting(slimglasslistvideo) | [Window.IsActive(musicplaylist) | Window.IsActive(music)] + Skin.HasSetting(slimglasslistmusic)" width="450" height="60">
					<control type="image">
						<left>0</left>
						<top>0</top>
						<width>448</width>
						<height>60</height>
						<texture>settings_button.png</texture>
						<colordiffuse>F9FFFFFF</colordiffuse>
						<animation effect="fade" start="100" end="75" time="0" condition="!Control.Hasfocus(57)">conditional</animation>
					</control>
					<control type="label">
						<left>30</left>
						<top>1</top>
						<width>390</width>
						<height>60</height>
						<font>Font_24A</font>
						<label>$INFO[ListItem.Label]</label>
						<align>left</align>
						<aligny>center</aligny>
						<textcolor>FFFFFAF0</textcolor>
						<selectedcolor>$VAR[value_headercolor]</selectedcolor>
						<animation effect="fade" start="100" end="90" time="0" condition="!Control.Hasfocus(57)">conditional</animation>
					</control>
					<control type="image">
						<left>382</left>
						<top>3</top>
						<width>45</width>
						<height>45</height>
						<texture>OverlayVersions.png</texture>
						<colordiffuse>$VAR[value_watchedcolor]</colordiffuse>
						<visible>!$EXP[IsPVRRecordings] + !Skin.HasSetting(nooverlays) + ListItem.HasVideoVersions</visible>
					</control>
					<control type="image">
						<left>382</left>
						<top>3</top>
						<width>45</width>
						<height>45</height>
						<texture>OverlayExtras.png</texture>
						<colordiffuse>$VAR[value_watchedcolor]</colordiffuse>
						<visible>!$EXP[IsPVRRecordings] + !Skin.HasSetting(nooverlays) + ListItem.HasVideoExtras</visible>
					</control>
					<control type="image">
						<left>382</left>
						<top>3</top>
						<width>45</width>
						<height>45</height>
						<texture>$VAR[value_watchedstyle]</texture>
						<colordiffuse>$VAR[value_watchedcolor]</colordiffuse>
						<visible>!$EXP[IsPVRRecordings] + !Skin.HasSetting(nooverlays) + String.IsEqual(ListItem.Overlay,OverlayWatched.png)</visible>
					</control>
					<control type="image">
						<left>382</left>
						<top>3</top>
						<width>45</width>
						<height>45</height>
						<texture>$VAR[pvr_overlay]</texture>
						<colordiffuse>$VAR[value_watchedcolor]</colordiffuse>
						<visible>$EXP[IsPVRRecordings] + !Skin.HasSetting(nooverlays)</visible>
					</control>
				</focusedlayout>
				<focusedlayout condition="![String.IsEmpty(Control.GetLabel(198)) | Window.IsActive(videos) + Skin.HasSetting(slimglasslistvideo) | [Window.IsActive(musicplaylist) | Window.IsActive(music)] + Skin.HasSetting(slimglasslistmusic)]" width="450" height="90">
					<control type="image">
						<left>0</left>
						<top>0</top>
						<width>448</width>
						<height>90</height>
						<texture>settings_button_large.png</texture>
						<colordiffuse>F9FFFFFF</colordiffuse>
						<animation effect="fade" start="100" end="75" time="0" condition="!Control.Hasfocus(57)">conditional</animation>
					</control>
					<control type="label">
						<left>30</left>
						<top>-14</top>
						<width>390</width>
						<height>90</height>
						<font>Font_24A</font>
						<label>$INFO[ListItem.Label]</label>
						<align>left</align>
						<aligny>center</aligny>
						<textcolor>FFFFFAF0</textcolor>
						<selectedcolor>$VAR[value_headercolor]</selectedcolor>
						<animation effect="fade" start="100" end="90" time="0" condition="!Control.Hasfocus(57)">conditional</animation>
					</control>
					<control type="label">
						<left>30</left>
						<top>50</top>
						<width>390</width>
						<height>30</height>
						<font>Font_18A</font>
						<align>left</align>
						<aligny>center</aligny>
						<label>$VAR[value_glasslistinfofocus]</label>
						<textcolor>FFFFFAF0</textcolor>
						<selectedcolor>FFFFFAF0</selectedcolor>
						<visible>!String.IsEqual(ListItem.Label,..)</visible>
					</control>
					<control type="image">
						<left>382</left>
						<top>3</top>
						<width>45</width>
						<height>45</height>
						<texture>OverlayVersions.png</texture>
						<colordiffuse>$VAR[value_watchedcolor]</colordiffuse>
						<visible>!$EXP[IsPVRRecordings] +!Skin.HasSetting(nooverlays) + ListItem.HasVideoVersions</visible>
					</control>
					<control type="image">
						<left>382</left>
						<top>3</top>
						<width>45</width>
						<height>45</height>
						<texture>OverlayExtras.png</texture>
						<colordiffuse>$VAR[value_watchedcolor]</colordiffuse>
						<visible>!$EXP[IsPVRRecordings] +!Skin.HasSetting(nooverlays) + ListItem.HasVideoExtras</visible>
					</control>
					<control type="image">
						<left>382</left>
						<top>3</top>
						<width>45</width>
						<height>45</height>
						<texture>$VAR[value_watchedstyle]</texture>
						<colordiffuse>$VAR[value_watchedcolor]</colordiffuse>
						<visible>!$EXP[IsPVRRecordings] +!Skin.HasSetting(nooverlays) + String.IsEqual(ListItem.Overlay,OverlayWatched.png)</visible>
					</control>
					<control type="image">
						<left>382</left>
						<top>3</top>
						<width>45</width>
						<height>45</height>
						<texture>$VAR[pvr_overlay]</texture>
						<colordiffuse>$VAR[value_watchedcolor]</colordiffuse>
						<visible>$EXP[IsPVRRecordings] +!Skin.HasSetting(nooverlays)</visible>
					</control>
				</focusedlayout>
			</control>
			<control type="image">
				<left>0</left>
				<top>-45</top>
				<width>470</width>
				<!--<height>1080</height>-->
				<height>1200</height>  <!-- 1200 -->
				<texture>menu_glass.png</texture>
				<colordiffuse>70FFFAF0</colordiffuse>
			</control>
			<control type="label" id="198">
				<!-- Tag -->
				<include>InvisibleButton</include>
				<label>$VAR[value_listinfofocus]</label>
			</control>
		</control>
	</include>
</includes>
