<?xml version="1.0" encoding="utf-8"?>
<!-- Aeon MQ 5 -->
<!-- Krypton 9.2.4 -->
<window id="6001" type="dialog">  <!-- Movies -->
	<defaultcontrol></defaultcontrol>
	<include>SubMenuCommon</include>
	<controls>
		<control type="group">
			<include condition="Window.IsVisible(6000)">MenuCustom</include>
			<control type="group">	<!-- default group -->
				<include>Animation_SubMenu</include>
				<include condition="Window.IsVisible(6000)">SubmenuGoTo</include>
				<include condition="Window.IsVisible(Home)">SubMenuDefault</include>
				<control type="panel" id="9000">
					<include condition="Window.IsVisible(6000)">SubmenuVList</include>
					<include condition="Window.IsVisible(Home)">SubmenuHList</include>
					<content>
						<item>
							<label fallback="31014">$VAR[value_menu0101.label]</label>
							<property name="condition">$INFO[skin.string(menu0101.visible)]</property>
							<property name="name">menu0101</property>
							<property name="id">$INFO[skin.string(menu0101.master)]</property>
							<onclick condition="Window.IsVisible(6000)">SetFocus(5000)</onclick>
							<onclick condition="Window.IsVisible(Home)">Dialog.Close(6001)</onclick>
							<onclick condition="Window.IsVisible(Home)">Skin.SetString(submenu_action,$VAR[value_menu0101.action])</onclick>
							<visible>![String.IsEmpty(skin.string(menu0101.master)) | String.Contains(skin.string(menu0101.visible),off)] | Window.IsVisible(6000)</visible>
						</item>
						<item>
							<label fallback="31014">$VAR[value_menu0102.label]</label>
							<property name="condition">$INFO[skin.string(menu0102.visible)]</property>
							<property name="name">menu0102</property>
							<property name="id">$INFO[skin.string(menu0102.master)]</property>
							<onclick condition="Window.IsVisible(6000)">SetFocus(5000)</onclick>
							<onclick condition="Window.IsVisible(Home)">Dialog.Close(6001)</onclick>
							<onclick condition="Window.IsVisible(Home)">Skin.SetString(submenu_action,$VAR[value_menu0102.action])</onclick>
							<visible>![String.IsEmpty(skin.string(menu0102.master)) | String.Contains(skin.string(menu0102.visible),off)] | Window.IsVisible(6000)</visible>
						</item>
						<item>
							<label fallback="31014">$VAR[value_menu0103.label]</label>
							<property name="condition">$INFO[skin.string(menu0103.visible)]</property>
							<property name="name">menu0103</property>
							<property name="id">$INFO[skin.string(menu0103.master)]</property>
							<onclick condition="Window.IsVisible(6000)">SetFocus(5000)</onclick>
							<onclick condition="Window.IsVisible(Home)">Dialog.Close(6001)</onclick>
							<onclick condition="Window.IsVisible(Home)">Skin.SetString(submenu_action,$VAR[value_menu0103.action])</onclick>
							<visible>![String.IsEmpty(skin.string(menu0103.master)) | String.Contains(skin.string(menu0103.visible),off)] | Window.IsVisible(6000)</visible>
						</item>
						<item>
							<label fallback="31014">$VAR[value_menu0104.label]</label>
							<property name="condition">$INFO[skin.string(menu0104.visible)]</property>
							<property name="name">menu0104</property>
							<property name="id">$INFO[skin.string(menu0104.master)]</property>
							<onclick condition="Window.IsVisible(6000)">SetFocus(5000)</onclick>
							<onclick condition="Window.IsVisible(Home)">Dialog.Close(6001)</onclick>
							<onclick condition="Window.IsVisible(Home)">Skin.SetString(submenu_action,$VAR[value_menu0104.action])</onclick>
							<visible>![String.IsEmpty(skin.string(menu0104.master)) | String.Contains(skin.string(menu0104.visible),off)] | Window.IsVisible(6000)</visible>
						</item>
						<item>
							<label fallback="31014">$VAR[value_menu0105.label]</label>
							<property name="condition">$INFO[skin.string(menu0105.visible)]</property>
							<property name="name">menu0105</property>
							<property name="id">$INFO[skin.string(menu0105.master)]</property>
							<onclick condition="Window.IsVisible(6000)">SetFocus(5000)</onclick>
							<onclick condition="Window.IsVisible(Home)">Dialog.Close(6001)</onclick>
							<onclick condition="Window.IsVisible(Home)">Skin.SetString(submenu_action,$VAR[value_menu0105.action])</onclick>
							<visible>![String.IsEmpty(skin.string(menu0105.master)) | String.Contains(skin.string(menu0105.visible),off)] | Window.IsVisible(6000)</visible>
						</item>
						<item>
							<label fallback="31014">$VAR[value_menu0106.label]</label>
							<property name="condition">$INFO[skin.string(menu0106.visible)]</property>
							<property name="name">menu0106</property>
							<property name="id">$INFO[skin.string(menu0106.master)]</property>
							<onclick condition="Window.IsVisible(6000)">SetFocus(5000)</onclick>
							<onclick condition="Window.IsVisible(Home)">Dialog.Close(6001)</onclick>
							<onclick condition="Window.IsVisible(Home)">Skin.SetString(submenu_action,$VAR[value_menu0106.action])</onclick>
							<visible>![String.IsEmpty(skin.string(menu0106.master)) | String.Contains(skin.string(menu0106.visible),off)] | Window.IsVisible(6000)</visible>
						</item>
						<item>
							<label fallback="31014">$VAR[value_menu0107.label]</label>
							<property name="condition">$INFO[skin.string(menu0107.visible)]</property>
							<property name="name">menu0107</property>
							<property name="id">$INFO[skin.string(menu0107.master)]</property>
							<onclick condition="Window.IsVisible(6000)">SetFocus(5000)</onclick>
							<onclick condition="Window.IsVisible(Home)">Dialog.Close(6001)</onclick>
							<onclick condition="Window.IsVisible(Home)">Skin.SetString(submenu_action,$VAR[value_menu0107.action])</onclick>
							<visible>![String.IsEmpty(skin.string(menu0107.master)) | String.Contains(skin.string(menu0107.visible),off)] | Window.IsVisible(6000)</visible>
						</item>
						<item>
							<label fallback="31014">$VAR[value_menu0108.label]</label>
							<property name="condition">$INFO[skin.string(menu0108.visible)]</property>
							<property name="name">menu0108</property>
							<property name="id">$INFO[skin.string(menu0108.master)]</property>
							<onclick condition="Window.IsVisible(6000)">SetFocus(5000)</onclick>
							<onclick condition="Window.IsVisible(Home)">Dialog.Close(6001)</onclick>
							<onclick condition="Window.IsVisible(Home)">Skin.SetString(submenu_action,$VAR[value_menu0108.action])</onclick>
							<visible>![String.IsEmpty(skin.string(menu0108.master)) | String.Contains(skin.string(menu0108.visible),off)] | Window.IsVisible(6000)</visible>
						</item>
						<item>
							<label fallback="31014">$VAR[value_menu0109.label]</label>
							<property name="condition">$INFO[skin.string(menu0109.visible)]</property>
							<property name="name">menu0109</property>
							<property name="id">$INFO[skin.string(menu0109.master)]</property>
							<onclick condition="Window.IsVisible(6000)">SetFocus(5000)</onclick>
							<onclick condition="Window.IsVisible(Home)">Dialog.Close(6001)</onclick>
							<onclick condition="Window.IsVisible(Home)">Skin.SetString(submenu_action,$VAR[value_menu0109.action])</onclick>
							<visible>![String.IsEmpty(skin.string(menu0109.master)) | String.Contains(skin.string(menu0109.visible),off)] | Window.IsVisible(6000)</visible>
						</item>
						<item>
							<label fallback="31014">$VAR[value_menu0110.label]</label>
							<property name="condition">$INFO[skin.string(menu0110.visible)]</property>
							<property name="name">menu0110</property>
							<property name="id">$INFO[skin.string(menu0110.master)]</property>
							<onclick condition="Window.IsVisible(6000)">SetFocus(5000)</onclick>
							<onclick condition="Window.IsVisible(Home)">Dialog.Close(6001)</onclick>
							<onclick condition="Window.IsVisible(Home)">Skin.SetString(submenu_action,$VAR[value_menu0110.action])</onclick>
							<visible>![String.IsEmpty(skin.string(menu0110.master)) | String.Contains(skin.string(menu0110.visible),off)] | Window.IsVisible(6000)</visible>
						</item>
						<item>
							<label fallback="31014">$VAR[value_menu0111.label]</label>
							<property name="condition">$INFO[skin.string(menu0111.visible)]</property>
							<property name="name">menu0111</property>
							<property name="id">$INFO[skin.string(menu0111.master)]</property>
							<onclick condition="Window.IsVisible(6000)">SetFocus(5000)</onclick>
							<onclick condition="Window.IsVisible(Home)">Dialog.Close(6001)</onclick>
							<onclick condition="Window.IsVisible(Home)">Skin.SetString(submenu_action,$VAR[value_menu0111.action])</onclick>
							<visible>![String.IsEmpty(skin.string(menu0111.master)) | String.Contains(skin.string(menu0111.visible),off)] | Window.IsVisible(6000)</visible>
						</item>
						<item>
							<label fallback="31014">$VAR[value_menu0112.label]</label>
							<property name="condition">$INFO[skin.string(menu0112.visible)]</property>
							<property name="name">menu0112</property>
							<property name="id">$INFO[skin.string(menu0112.master)]</property>
							<onclick condition="Window.IsVisible(6000)">SetFocus(5000)</onclick>
							<onclick condition="Window.IsVisible(Home)">Dialog.Close(6001)</onclick>
							<onclick condition="Window.IsVisible(Home)">Skin.SetString(submenu_action,$VAR[value_menu0112.action])</onclick>
							<visible>![String.IsEmpty(skin.string(menu0112.master)) | String.Contains(skin.string(menu0112.visible),off)] | Window.IsVisible(6000)</visible>
						</item>
						<item>
							<label fallback="31014">$VAR[value_menu0113.label]</label>
							<property name="condition">$INFO[skin.string(menu0113.visible)]</property>
							<property name="name">menu0113</property>
							<property name="id">$INFO[skin.string(menu0113.master)]</property>
							<onclick condition="Window.IsVisible(6000)">SetFocus(5000)</onclick>
							<onclick condition="Window.IsVisible(Home)">Dialog.Close(6001)</onclick>
							<onclick condition="Window.IsVisible(Home)">Skin.SetString(submenu_action,$VAR[value_menu0113.action])</onclick>
							<visible>![String.IsEmpty(skin.string(menu0113.master)) | String.Contains(skin.string(menu0113.visible),off)] | Window.IsVisible(6000)</visible>
						</item>
						<item>
							<label fallback="31014">$VAR[value_menu0114.label]</label>
							<property name="condition">$INFO[skin.string(menu0114.visible)]</property>
							<property name="name">menu0114</property>
							<property name="id">$INFO[skin.string(menu0114.master)]</property>
							<onclick condition="Window.IsVisible(6000)">SetFocus(5000)</onclick>
							<onclick condition="Window.IsVisible(Home)">Dialog.Close(6001)</onclick>
							<onclick condition="Window.IsVisible(Home)">Skin.SetString(submenu_action,$VAR[value_menu0114.action])</onclick>
							<visible>![String.IsEmpty(skin.string(menu0114.master)) | String.Contains(skin.string(menu0114.visible),off)] | Window.IsVisible(6000)</visible>
						</item>
						<item>
							<label fallback="31014">$VAR[value_menu0115.label]</label>
							<property name="condition">$INFO[skin.string(menu0115.visible)]</property>
							<property name="name">menu0115</property>
							<property name="id">$INFO[skin.string(menu0115.master)]</property>
							<onclick condition="Window.IsVisible(6000)">SetFocus(5000)</onclick>
							<onclick condition="Window.IsVisible(Home)">Dialog.Close(6001)</onclick>
							<onclick condition="Window.IsVisible(Home)">Skin.SetString(submenu_action,$VAR[value_menu0115.action])</onclick>
							<visible>![String.IsEmpty(skin.string(menu0115.master)) | String.Contains(skin.string(menu0115.visible),off)] | Window.IsVisible(6000)</visible>
						</item>
						<item>
							<label fallback="31014">$VAR[value_menu0116.label]</label>
							<property name="condition">$INFO[skin.string(menu0116.visible)]</property>
							<property name="name">menu0116</property>
							<property name="id">$INFO[skin.string(menu0116.master)]</property>
							<onclick condition="Window.IsVisible(6000)">SetFocus(5000)</onclick>
							<onclick condition="Window.IsVisible(Home)">Dialog.Close(6001)</onclick>
							<onclick condition="Window.IsVisible(Home)">Skin.SetString(submenu_action,$VAR[value_menu0116.action])</onclick>
							<visible>![String.IsEmpty(skin.string(menu0116.master)) | String.Contains(skin.string(menu0116.visible),off)] | Window.IsVisible(6000)</visible>
						</item>
						<item>
							<label fallback="31014">$VAR[value_menu0117.label]</label>
							<property name="condition">$INFO[skin.string(menu0117.visible)]</property>
							<property name="name">menu0117</property>
							<property name="id">$INFO[skin.string(menu0117.master)]</property>
							<onclick condition="Window.IsVisible(6000)">SetFocus(5000)</onclick>
							<onclick condition="Window.IsVisible(Home)">Dialog.Close(6001)</onclick>
							<onclick condition="Window.IsVisible(Home)">Skin.SetString(submenu_action,$VAR[value_menu0117.action])</onclick>
							<visible>![String.IsEmpty(skin.string(menu0117.master)) | String.Contains(skin.string(menu0117.visible),off)] | Window.IsVisible(6000)</visible>
						</item>
						<item>
							<label fallback="31014">$VAR[value_menu0118.label]</label>
							<property name="condition">$INFO[skin.string(menu0118.visible)]</property>
							<property name="name">menu0118</property>
							<property name="id">$INFO[skin.string(menu0118.master)]</property>
							<onclick condition="Window.IsVisible(6000)">SetFocus(5000)</onclick>
							<onclick condition="Window.IsVisible(Home)">Dialog.Close(6001)</onclick>
							<onclick condition="Window.IsVisible(Home)">Skin.SetString(submenu_action,$VAR[value_menu0118.action])</onclick>
							<visible>![String.IsEmpty(skin.string(menu0118.master)) | String.Contains(skin.string(menu0118.visible),off)] | Window.IsVisible(6000)</visible>
						</item>
						<item>
							<label fallback="31014">$VAR[value_menu0119.label]</label>
							<property name="condition">$INFO[skin.string(menu0119.visible)]</property>
							<property name="name">menu0119</property>
							<property name="id">$INFO[skin.string(menu0119.master)]</property>
							<onclick condition="Window.IsVisible(6000)">SetFocus(5000)</onclick>
							<onclick condition="Window.IsVisible(Home)">Dialog.Close(6001)</onclick>
							<onclick condition="Window.IsVisible(Home)">Skin.SetString(submenu_action,$VAR[value_menu0119.action])</onclick>
							<visible>![String.IsEmpty(skin.string(menu0119.master)) | String.Contains(skin.string(menu0119.visible),off)] | Window.IsVisible(6000)</visible>
						</item>
						<item>
							<label fallback="31014">$VAR[value_menu0120.label]</label>
							<property name="condition">$INFO[skin.string(menu0120.visible)]</property>
							<property name="name">menu0120</property>
							<property name="id">$INFO[skin.string(menu0120.master)]</property>
							<onclick condition="Window.IsVisible(6000)">SetFocus(5000)</onclick>
							<onclick condition="Window.IsVisible(Home)">Dialog.Close(6001)</onclick>
							<onclick condition="Window.IsVisible(Home)">Skin.SetString(submenu_action,$VAR[value_menu0120.action])</onclick>
							<visible>![String.IsEmpty(skin.string(menu0120.master)) | String.Contains(skin.string(menu0120.visible),off)] | Window.IsVisible(6000)</visible>
						</item>
					</content>
				</control>
				<include condition="Window.IsVisible(6000)">Glass</include>
			</control>
		</control>
	</controls>
</window>
