<?xml version="1.0" encoding="UTF-8"?>
<!-- Aeon MQ5 Krypton 9.1.16/9.2.1/9.2.2 -->
<!-- Leia 10.3.0 -->
<!-- Omega 13.7.0 -->
<window>
	<include>Animation_DialogPopup</include>
	<defaultcontrol>3</defaultcontrol>
	<controls>
		<include condition="Window.IsDialogTopMost(gamecontrollers)">GameDialogControllers</include>
		<include condition="Window.IsDialogTopMost(gameports)">GameDialogPorts</include>
		<include condition="Window.IsDialogTopMost(gameagents)">GameDialogAgents</include>
	</controls>
</window>
