<?xml version="1.0" encoding="UTF-8"?>
<!-- Aeon MQ 5 -->
<window>
	<defaultcontrol always="true">9</defaultcontrol>
	<coordinates>
		<system>1</system>
	</coordinates>
	<controls>
		<control type="group">
			<include>Animation_DialogPopup</include>
			<control type="image">
				<left>165</left>
				<top>0</top>
				<width>45</width>
				<height>1080</height>
				<texture flipx="true">shadow.png</texture>
				<colordiffuse>C3FFFFFF</colordiffuse>
			</control>
			<control type="image">
				<left>1710</left>
				<top>0</top>
				<width>45</width>
				<height>1080</height>
				<texture>shadow.png</texture>
				<colordiffuse>C3FFFFFF</colordiffuse>
			</control>
			<control type="image">
				<left>210</left>
				<top>0</top>
				<width>1500</width>
				<height>1080</height>
				<texture>darkgrey.png</texture>
				<colordiffuse>$VAR[value_texturecolor]</colordiffuse>
				<include>Animation_DefaultGlass</include>
			</control>
			<control type="image">
				<left>210</left>
				<top>0</top>
				<width>1500</width>
				<height>120</height>
				<texture>black.png</texture>
				<colordiffuse>90FFFFFF</colordiffuse>
			</control>
			<control type="label">
				<left>322</left>
				<top>30</top>
				<width>1278</width>
				<height>45</height>
				<label>$LOCALIZE[19142]</label>
				<font>Font_32</font>
				<textcolor>FFFFFAF0</textcolor>
				<align>center</align>
				<aligny>center</aligny>
				<include>Animation_Fade</include>
			</control>
			<control type="image">
				<left>212</left>
				<top>194</top>
				<width>1497</width>
				<height>60</height>
				<texture>black.png</texture>
				<colordiffuse>90FFFFFF</colordiffuse>
				<bordertexture border="-1">grey.png</bordertexture>
				<animation effect="fade" start="100" end="30" time="50" condition="!Control.Hasfocus(9)">conditional</animation>
			</control>
			<control type="group">
				<left>210</left>
				<control type="label">
					<!-- Search string -->
					<left>525</left>
					<top>150</top>
					<width>450</width>
					<height>38</height>
					<align>center</align>
					<aligny>center</aligny>
					<font>Font_18</font>
					<textcolor>FFFFFAF0</textcolor>
					<label>$LOCALIZE[19133]:</label>
				</control>
				<control type="edit" id="9">
					<!-- Search string -->
					<left>1</left>
					<top>194</top>
					<width>1497</width>
					<height>60</height>
					<align>center</align>
					<aligny>center</aligny>
					<font>Font_18A</font>
					<textcolor>FFFFFAF0</textcolor>
					<focusedcolor>FFFFFAF0</focusedcolor>
					<onleft>25</onleft>
					<onright>26</onright>
					<onup>26</onup>
					<ondown>10</ondown>
				</control>
				<control type="textbox">
					<!-- Search help -->
					<left>75</left>
					<top>262</top>
					<width>1350</width>
					<height>180</height>
					<font>Font_18A</font>
					<align>center</align>
					<textcolor>80FFFAF0</textcolor>
					<label>$LOCALIZE[19001] $LOCALIZE[19002]</label>
				</control>
				<control type="radiobutton" id="10">
					<!-- Include Description -->
					<include>PVRSearchButton</include>
					<left>0</left>
					<top>360</top>
					<label>19134</label>
					<onleft>12</onleft>
					<onright>12</onright>
					<onup>9</onup>
					<ondown>11</ondown>
				</control>
				<control type="radiobutton" id="11">
					<!-- No repeat -->
					<include>PVRSearchButton</include>
					<left>0</left>
					<top>405</top>
					<label>19135</label>
					<onleft>13</onleft>
					<onright>13</onright>
					<onup>10</onup>
					<ondown>14</ondown>
				</control>
				<control type="spincontrolex" id="12">
					<!-- Min Duration -->
					<include>PVRSearchButton</include>
					<left>750</left>
					<top>360</top>
					<label>19130</label>
					<onright>10</onright>
					<onleft>10</onleft>
					<onup>9</onup>
					<ondown>13</ondown>
				</control>
				<control type="spincontrolex" id="13">
					<!-- Max Duration -->
					<include>PVRSearchButton</include>
					<left>750</left>
					<top>405</top>
					<label>19131</label>
					<onright>11</onright>
					<onleft>11</onleft>
					<onup>12</onup>
					<ondown>16</ondown>
				</control>
				<control type="edit" id="14">
					<!-- Start Date -->
					<include>PVRSearchButton</include>
					<left>0</left>
					<top>450</top>
					<label>19128</label>
					<onright>16</onright>
					<onleft>16</onleft>
					<onup>11</onup>
					<ondown>15</ondown>
				</control>
				<control type="edit" id="15">
					<!-- Stop Date -->
					<include>PVRSearchButton</include>
					<left>0</left>
					<top>495</top>
					<label>19129</label>
					<onright>17</onright>
					<onleft>17</onleft>
					<onup>14</onup>
					<ondown>18</ondown>
				</control>
				<control type="edit" id="16">
					<!-- Start time -->
					<include>PVRSearchButton</include>
					<left>750</left>
					<top>450</top>
					<label>19126</label>
					<onright>14</onright>
					<onleft>14</onleft>
					<onup>13</onup>
					<ondown>17</ondown>
				</control>
				<control type="edit" id="17">
					<!-- Stop time -->
					<include>PVRSearchButton</include>
					<left>750</left>
					<top>495</top>
					<label>19127</label>
					<onright>15</onright>
					<onleft>15</onleft>
					<onup>16</onup>
					<ondown>19</ondown>
				</control>
				<control type="spincontrolex" id="18">
					<!-- Genre -->
					<include>PVRSearchButton</include>
					<left>0</left>
					<top>540</top>
					<label>515</label>
					<onright>19</onright>
					<onleft>19</onleft>
					<onup>15</onup>
					<ondown>20</ondown>
				</control>
				<control type="radiobutton" id="19">
					<!-- Avoid repeats -->
					<include>PVRSearchButton</include>
					<left>750</left>
					<top>540</top>
					<label>19121</label>
					<onright>18</onright>
					<onleft>18</onleft>
					<onup>17</onup>
					<ondown>21</ondown>
				</control>
				<control type="radiobutton" id="20">
					<!-- Include unknown Genres -->
					<include>PVRSearchButton</include>
					<left>0</left>
					<top>585</top>
					<label>19132</label>
					<onleft>21</onleft>
					<onright>21</onright>
					<onup>18</onup>
					<ondown>22</ondown>
				</control>
				<control type="spincontrolex" id="21">
					<!-- Groups -->
					<include>PVRSearchButton</include>
					<left>750</left>
					<top>585</top>
					<label>19146</label>
					<onright>20</onright>
					<onleft>20</onleft>
					<onup>19</onup>
					<ondown>23</ondown>
				</control>
				<control type="radiobutton" id="22">
					<!-- FTA only -->
					<include>PVRSearchButton</include>
					<left>0</left>
					<top>630</top>
					<label>19123</label>
					<onleft>23</onleft>
					<onright>23</onright>
					<onup>20</onup>
					<ondown>24</ondown>
				</control>
				<control type="spincontrolex" id="23">
					<!-- Channels -->
					<include>PVRSearchButton</include>
					<left>750</left>
					<top>630</top>
					<label>19148</label>
					<onleft>22</onleft>
					<onright>22</onright>
					<onup>21</onup>
					<ondown>27</ondown>
				</control>
				<control type="radiobutton" id="24">
					<!-- Ignore Timers -->
					<include>PVRSearchButton</include>
					<left>0</left>
					<top>675</top>
					<label>19124</label>
					<onleft>27</onleft>
					<onright>27</onright>
					<onup>22</onup>
					<ondown>26</ondown>
				</control>
				<control type="radiobutton" id="27">
					<!-- Ignore Recordings -->
					<include>PVRSearchButton</include>
					<left>750</left>
					<top>675</top>
					<label>19125</label>
					<onleft>24</onleft>
					<onright>24</onright>
					<onup>23</onup>
					<ondown>26</ondown>
				</control>
				<control type="image">
					<left>750</left>
					<top>360</top>
					<width>3</width>
					<height>360</height>
					<texture>separator_v.png</texture>
				</control>
			</control>
			<control type="image">
				<left>210</left>
				<top>900</top>
				<height>60</height>
				<width>1500</width>
				<texture>black.png</texture>
				<colordiffuse>90FFFFFF</colordiffuse>
			</control>
			<control type="grouplist" id="9000">
				<left>210</left>
				<top>900</top>
				<onup>9</onup>
				<ondown>9</ondown>
				<orientation>horizontal</orientation>
				<itemgap>0</itemgap>
				<control type="button" id="28">
					<!-- Defaults -->
					<width>500</width>
					<include>SettingsBottomButton</include>
					<label>409</label>
				</control>
				<control type="button" id="25">
					<!-- Cancelar -->
					<width>500</width>
					<include>SettingsBottomButton</include>
					<label>222</label>
				</control>
				<control type="button" id="26">
					<!-- Procurar -->
					<width>500</width>
					<include>SettingsBottomButton</include>
					<label>137</label>
				</control>
			</control>
		</control>
	</controls>
</window>
