<?xml version="1.0" encoding="UTF-8"?>
<!-- Aeon MQ 5 -->
<!-- Jarvis 8.1.14 -->
<!-- Krypton 9.2.1 window IDs 109 -->
<!-- Leia 10.3.0/10.4.0 -->
<window>
	<defaultcontrol always="true">21</defaultcontrol>
	<controls>
		<control type="group">
			<!-- Default group -->
			<include>Animation_DialogPopup</include>
			<control type="image">
				<left>704</left>
				<top>258</top>
				<width>45</width>
				<height>483</height>
				<texture flipx="true">shadow.png</texture>
				<colordiffuse>C3FFFFFF</colordiffuse>
			</control>
			<control type="image">
				<left>1172</left>
				<top>258</top>
				<width>45</width>
				<height>483</height>
				<texture>shadow.png</texture>
				<colordiffuse>C3FFFFFF</colordiffuse>
			</control>
			<control type="image">
				<left>748</left>
				<top>260</top>
				<width>423</width>
				<height>1</height>
				<texture>grey.png</texture>
			</control>
			<control type="image">
				<left>748</left>
				<top>333</top>
				<width>423</width>
				<height>1</height>
				<texture>grey.png</texture>
			</control>
			<control type="image" id="0">
				<left>748</left>
				<top>258</top>
				<width>423</width>
				<height>562</height>
				<texture>black.png</texture>
				<colordiffuse>E9FFFFFF</colordiffuse>
			</control>
			<control type="image">
				<left>752</left>
				<top>261</top>
				<width>417</width>
				<height>69</height>
				<texture>black.png</texture>
				<colordiffuse>90FFFFFF</colordiffuse>
			</control>
			<control type="label" id="1">
				<left>759</left>
				<top>261</top>
				<width>402</width>
				<height>69</height>
				<font>Font_23</font>
				<align>center</align>
				<aligny>center</aligny>
				<scroll>true</scroll>
				<scrollout>false</scrollout>
			</control>
			<control type="image">
				<left>752</left>
				<top>758</top>
				<width>417</width>
				<height>60</height>
				<texture>grey.png</texture>
				<colordiffuse>90FFFFFF</colordiffuse>
			</control>
			<control type="label" id="4">
				<description>Edit Text</description>
				<left>765</left>
				<top>758</top>
				<width>390</width>
				<height>60</height>
				<font>Font_24A</font>
				<textcolor>FF101010</textcolor>
				<align>center</align>
				<aligny>center</aligny>
			</control>
			<control type="group">
				<left>752</left>
				<top>336</top>
				<control type="button" id="11">
					<description>'1' button</description>
					<include>Objects_KeyboardSingle</include>
					<left>0</left>
					<top>0</top>
					<width>102</width>
					<height>102</height>
					<onleft>14</onleft>
					<onright>12</onright>
					<onup>23</onup>
					<ondown>15</ondown>
					<label>12311</label>
				</control>
				<control type="button" id="12">
					<description>'2' button</description>
					<include>Objects_KeyboardSingle</include>
					<left>105</left>
					<top>0</top>
					<width>102</width>
					<height>102</height>
					<onleft>11</onleft>
					<onright>13</onright>
					<onup>23</onup>
					<ondown>16</ondown>
					<label>12312</label>
				</control>
				<control type="button" id="13">
					<description>'3' button</description>
					<include>Objects_KeyboardSingle</include>
					<left>210</left>
					<top>0</top>
					<width>102</width>
					<height>102</height>
					<onleft>12</onleft>
					<onright>14</onright>
					<onup>21</onup>
					<ondown>17</ondown>
					<label>12313</label>
				</control>
				<control type="button" id="14">
					<description>'4' button</description>
					<include>Objects_KeyboardSingle</include>
					<left>315</left>
					<top>0</top>
					<width>102</width>
					<height>102</height>
					<onleft>13</onleft>
					<onright>15</onright>
					<onup>21</onup>
					<ondown>18</ondown>
					<label>12314</label>
				</control>
				<control type="button" id="15">
					<description>'5' button</description>
					<include>Objects_KeyboardSingle</include>
					<left>0</left>
					<top>105</top>
					<width>102</width>
					<height>102</height>
					<onleft>14</onleft>
					<onright>16</onright>
					<onup>11</onup>
					<ondown>19</ondown>
					<label>12315</label>
				</control>
				<control type="button" id="16">
					<description>'6' button</description>
					<include>Objects_KeyboardSingle</include>
					<left>105</left>
					<top>105</top>
					<width>102</width>
					<height>102</height>
					<onleft>15</onleft>
					<onright>17</onright>
					<onup>12</onup>
					<ondown>10</ondown>
					<label>12316</label>
				</control>
				<control type="button" id="17">
					<description>'7' button</description>
					<include>Objects_KeyboardSingle</include>
					<left>210</left>
					<top>105</top>
					<width>102</width>
					<height>102</height>
					<onleft>16</onleft>
					<onright>18</onright>
					<onup>13</onup>
					<ondown>20</ondown>
					<label>12317</label>
				</control>
				<control type="button" id="18">
					<description>'8' button</description>
					<include>Objects_KeyboardSingle</include>
					<left>315</left>
					<top>105</top>
					<width>102</width>
					<height>102</height>
					<onleft>17</onleft>
					<onright>19</onright>
					<onup>14</onup>
					<ondown>22</ondown>
					<label>12318</label>
				</control>
				<control type="button" id="19">
					<description>'9' button</description>
					<include>Objects_KeyboardSingle</include>
					<left>0</left>
					<top>210</top>
					<width>102</width>
					<height>102</height>
					<onleft>18</onleft>
					<onright>10</onright>
					<onup>15</onup>
					<ondown>23</ondown>
					<label>12319</label>
				</control>
				<control type="button" id="10">
					<description>'0' button</description>
					<include>Objects_KeyboardSingle</include>
					<left>105</left>
					<top>210</top>
					<width>102</width>
					<height>102</height>
					<onleft>19</onleft>
					<onright>20</onright>
					<onup>16</onup>
					<ondown>23</ondown>
					<label>12310</label>
				</control>
				<control type="button" id="20">
					<description>prev button</description>
					<include>Objects_KeyboardSingle</include>
					<left>210</left>
					<top>210</top>
					<width>102</width>
					<height>102</height>
					<onleft>10</onleft>
					<onright>22</onright>
					<onup>17</onup>
					<ondown>21</ondown>
					<label>&lt;</label>
				</control>
				<control type="button" id="22">
					<description>next button</description>
					<include>Objects_KeyboardSingle</include>
					<left>315</left>
					<top>210</top>
					<width>102</width>
					<height>102</height>
					<onleft>20</onleft>
					<onright>23</onright>
					<onup>18</onup>
					<ondown>21</ondown>
					<label>&gt;</label>
				</control>
				<control type="button" id="23">
					<description>Backspace button</description>
					<include>Objects_KeyboardDouble</include>
					<left>0</left>
					<top>315</top>
					<width>207</width>
					<height>102</height>
					<label>20181</label>
					<textwidth>180</textwidth>
					<onleft>22</onleft>
					<onright>21</onright>
					<onup>19</onup>
					<ondown>11</ondown>
				</control>
				<control type="button" id="21">
					<description>'OK' button</description>
					<include>Objects_KeyboardDouble</include>
					<left>210</left>
					<top>315</top>
					<width>207</width>
					<height>102</height>
					<label>20177</label>
					<textwidth>180</textwidth>
					<onleft>23</onleft>
					<onright>11</onright>
					<onup>22</onup>
					<ondown>11</ondown>
				</control>
			</control>
		</control>
	</controls>
</window>
