<?xml version="1.0" encoding="UTF-8"?>
<!-- Aeon MQ 5 Isengard 7.1.10 -->
<!-- Jarvis 8.1.13 -->
<!-- Krypton 9.1.16 -->
<!-- Leia 10.3.0/10.4.0 -->
<window>
	<defaultcontrol always="true">3001</defaultcontrol>
	<controls>
		<control type="group">
			<!-- default group -->
			<include>Animation_Window</include>
			<control type="image">
				<left>0</left>
				<top>0</top>
				<width>1920</width>
				<height>1080</height>
				<texture>black.png</texture>
			</control>
			<control type="multiimage">
				<!-- Fanart -->
				<left>0</left>
				<top>0</top>
				<width>1920</width>
				<height>1080</height>
				<aspectratio>keep</aspectratio>
				<imagepath fallback="special://skin/backgrounds/default.jpg" background="true">$VAR[value_gamesfanart]</imagepath>
			</control>
			<control type="group">
				<control type="image">
					<left>0</left>
					<top>0</top>
					<height>225</height>
					<width>1920</width>
					<texture flipy="true">shadow_mask.png</texture>
					<colordiffuse>75000000</colordiffuse>
				</control>
				<control type="label">
					<!-- Title -->
					<left>45</left>
					<top>12</top>
					<width>1650</width>
					<height>60</height>
					<font>Font_40</font>
					<label>$INFO[ListItem.Label]</label>
					<textcolor>FFFFFAF0</textcolor>
					<scroll>true</scroll>
					<scrollout>false</scrollout>
				</control>
				<control type="label">
					<left>45</left>
					<top>75</top>
					<width>1650</width>
					<height>38</height>
					<font>Font_21A</font>
					<label>$INFO[ListItem.Tagline]</label>
					<textcolor>90FFFFFF</textcolor>
					<scroll>true</scroll>
					<scrollout>false</scrollout>
				</control>
				<control type="image">
					<!-- Star -->
					<left>1768</left>
					<top>8</top>
					<width>110</width>
					<height>110</height>
					<align>center</align>
					<aligny>center</aligny>
					<texture>star.png</texture>
					<colordiffuse>FFFFFAF0</colordiffuse>
				</control>
				<control type="label">
					<left>1778</left>
					<top>22</top>
					<width>90</width>
					<height>90</height>
					<align>center</align>
					<aligny>center</aligny>
					<font>Font_18A</font>
					<label>[B]$INFO[ListItem.Rating][/B]</label>
					<textcolor>FF101010</textcolor>
				</control>
				<control type="image">
					<left>0</left>
					<top>120</top>
					<width>1920</width>
					<height>579</height>
					<texture>darkgrey.png</texture>
					<colordiffuse>$VAR[value_texturecolor]</colordiffuse>
					<include>Animation_HomeGlass</include>
				</control>
				<control type="image">
					<left>0</left>
					<top>0</top>
					<width>1920</width>
					<height>120</height>
					<texture>gradient_small.png</texture>
				</control>
				<control type="image">
					<left>308</left>
					<top>120</top>
					<height>285</height>
					<width>3</width>
					<texture>separator_v.png</texture>
				</control>
				<control type="image">
					<left>0</left>
					<top>204</top>
					<height>3</height>
					<width>1029</width>
					<texture>separator.png</texture>
				</control>
				<control type="label">
					<!-- Year -->
					<left>330</left>
					<top>120</top>
					<height>60</height>
					<width>165</width>
					<align>left</align>
					<aligny>center</aligny>
					<font>Font_23</font>
					<label>$INFO[ListItem.Property(year)]</label>
					<textcolor>FFFFFAF0</textcolor>
				</control>
				<control type="label">
					<!-- Genre -->
					<left>330</left>
					<top>158</top>
					<height>60</height>
					<width>660</width>
					<align>left</align>
					<aligny>center</aligny>
					<font>Font_18</font>
					<label>$INFO[ListItem.Property(genre)]</label>
					<textcolor>FFFFFAF0</textcolor>
					<scroll>true</scroll>
					<scrollout>false</scrollout>
				</control>
				<control type="label">
					<!-- Original Title/Movies - Premiered/TvShows -->
					<right>285r</right>
					<top>210</top>
					<height>40</height>
					<width>300</width>
					<align>right</align>
					<aligny>center</aligny>
					<font>Font_15</font>
					<label>$LOCALIZE[20376]:</label>
					<textcolor>$VAR[value_headercolor]</textcolor>
				</control>
				<control type="label">
					<left>330</left>
					<top>210</top>
					<height>40</height>
					<width>660</width>
					<align>left</align>
					<aligny>center</aligny>
					<font>Font_15</font>
					<label fallback="10005">$INFO[ListItem.Property(originaltitle)]</label>
					<textcolor>FFFFFAF0</textcolor>
					<scroll>true</scroll>
					<scrollout>false</scrollout>
				</control>
				<control type="label">
					<!-- Developer -->
					<right>285r</right>
					<top>240</top>
					<height>40</height>
					<width>300</width>
					<align>right</align>
					<aligny>center</aligny>
					<font>Font_15</font>
					<label>$LOCALIZE[31788]:</label>
					<textcolor>$VAR[value_headercolor]</textcolor>
				</control>
				<control type="label">
					<left>330</left>
					<top>240</top>
					<height>40</height>
					<width>660</width>
					<align>left</align>
					<aligny>center</aligny>
					<font>Font_15</font>
					<label fallback="10005">$INFO[ListItem.Property(developer)]</label>
					<textcolor>FFFFFAF0</textcolor>
					<scroll>true</scroll>
					<scrollout>false</scrollout>
				</control>
				<control type="label">
					<!-- Publisher -->
					<right>285r</right>
					<top>270</top>
					<height>40</height>
					<width>300</width>
					<align>right</align>
					<aligny>center</aligny>
					<font>Font_15</font>
					<label>$LOCALIZE[31771]:</label>
					<textcolor>$VAR[value_headercolor]</textcolor>
				</control>
				<control type="label">
					<left>330</left>
					<top>270</top>
					<height>40</height>
					<width>660</width>
					<align>left</align>
					<aligny>center</aligny>
					<font>Font_15</font>
					<label fallback="10005">$INFO[ListItem.Property(publisher)]</label>
					<textcolor>FFFFFAF0</textcolor>
					<scroll>true</scroll>
					<scrollout>false</scrollout>
				</control>
				<control type="label">
					<!-- Perspective -->
					<right>285r</right>
					<top>300</top>
					<height>40</height>
					<width>300</width>
					<align>right</align>
					<aligny>center</aligny>
					<font>Font_15</font>
					<label>$LOCALIZE[31776]:</label>
					<textcolor>$VAR[value_headercolor]</textcolor>
				</control>
				<control type="label">
					<left>330</left>
					<top>300</top>
					<height>40</height>
					<width>660</width>
					<align>left</align>
					<aligny>center</aligny>
					<font>Font_15</font>
					<textcolor>FFFFFAF0</textcolor>
					<label fallback="10005">$INFO[ListItem.Property(perspective)]</label>
					<scroll>true</scroll>
					<scrollout>false</scrollout>
				</control>
				<control type="label">
					<!-- Region -->
					<right>285r</right>
					<top>330</top>
					<height>40</height>
					<width>300</width>
					<align>right</align>
					<aligny>center</aligny>
					<font>Font_15</font>
					<label>$LOCALIZE[20026]:</label>
					<textcolor>$VAR[value_headercolor]</textcolor>
				</control>
				<control type="label">
					<left>330</left>
					<top>330</top>
					<height>40</height>
					<width>660</width>
					<align>left</align>
					<aligny>center</aligny>
					<font>Font_15</font>
					<textcolor>FFFFFAF0</textcolor>
					<label fallback="10005">$INFO[ListItem.Property(region)]</label>
					<scroll>true</scroll>
					<scrollout>false</scrollout>
				</control>
				<control type="image">
					<left>0</left>
					<top>405</top>
					<height>3</height>
					<width>1029</width>
					<texture>separator.png</texture>
				</control>
				<control type="textbox">
					<!-- Plot -->
					<left>45</left>
					<top>420</top>
					<width>952</width>
					<height>262</height>
					<align>justify</align>
					<font>Font_18A</font>
					<label>$INFO[ListItem.Property(plot)]</label>
					<textcolor>FFFFFAF0</textcolor>
					<autoscroll delay="15000" time="5000" repeat="15000">!Skin.HasSetting(noinfoplotscroll)</autoscroll>
				</control>
				<control type="image">
					<!-- Thumb -->
					<left>1030</left>
					<top>120</top>
					<height>579</height>
					<width>844</width>
					<aspectratio align="left">keep</aspectratio>
					<texture background="true">$INFO[ListItem.Property(gameinfobig)]</texture>
					<visible>!Control.HasFocus(151)</visible>
				</control>
				<control type="image">
					<!-- Thumb -->
					<left>1030</left>
					<top>120</top>
					<height>579</height>
					<width>844</width>
					<aspectratio align="left">keep</aspectratio>
					<texture background="true">$INFO[Container(151).ListItem.Icon]</texture>
					<visible>Control.HasFocus(151)</visible>
				</control>
				<control type="image">
					<!-- Thumb 1 big -->
					<left>1030</left>
					<top>120</top>
					<height>579</height>
					<width>844</width>
					<aspectratio align="left">keep</aspectratio>
					<texture background="true">$INFO[ListItem.Property(gameinfoupperright)]</texture>
					<visible>![Control.HasFocus(151) | Player.Playing]</visible>
				</control>
				<control type="image" id="2710">
					<!-- Thumb Gameinfoupper -->
					<left>1030</left>
					<top>120</top>
					<height>579</height>
					<width>844</width>
					<aspectratio align="left">keep</aspectratio>
					<texture background="true">$INFO[ListItem.Property(gameinfoupper)]</texture>
					<visible>!Control.HasFocus(151)</visible>
				</control>
				<control type="image" id="2720">
					<!-- Thumb Gameinfolower -->
					<left>1030</left>
					<top>120</top>
					<height>579</height>
					<width>844</width>
					<aspectratio align="left">keep</aspectratio>
					<texture background="true">$INFO[ListItem.Property(gameinfolower)]</texture>
					<visible>!Control.HasFocus(151)</visible>
				</control>
				<control type="image" id="2730">
					<!-- Thumb Gameinfoleft -->
					<left>1030</left>
					<top>120</top>
					<height>579</height>
					<width>844</width>
					<aspectratio align="left">keep</aspectratio>
					<texture background="true">$INFO[ListItem.Property(gameinfoleft)]</texture>
					<visible>!Control.HasFocus(151)</visible>
				</control>
				<control type="image" id="2740">
					<!-- Thumb Gameinforight -->
					<left>1030</left>
					<top>120</top>
					<height>579</height>
					<width>844</width>
					<aspectratio align="left">keep</aspectratio>
					<texture background="true">$INFO[ListItem.Property(gameinforight)]</texture>
					<visible>!Control.HasFocus(151)</visible>
				</control>
				<control type="videowindow" id="2800">
					<!-- Video Window Small -->
					<left>1030</left>
					<top>120</top>
					<height>579</height>
					<width>844</width>
					<aspectratio align="left">keep</aspectratio>
					<visible>![String.IsEmpty(ListItem.Property(videosizesmall)) | Control.HasFocus(151)]</visible>
				</control>
				<control type="button">
					<!-- click absorber -->
					<description>click absorber</description>
					<left>1030</left>
					<top>120</top>
					<height>579</height>
					<width>844</width>
					<texturefocus></texturefocus>
					<texturenofocus></texturenofocus>
					<visible>!String.IsEmpty(ListItem.Property(videosizesmall)) + !Control.HasFocus(151)</visible>
				</control>
				<control type="videowindow">
					<!-- Video Window Big -->
					<description>video control</description>
					<left>1030</left>
					<top>120</top>
					<height>579</height>
					<width>844</width>
					<aspectratio align="left">keep</aspectratio>
					<visible>!String.IsEmpty(ListItem.Property(videosizebig))</visible>
				</control>
				<control type="button">
					<!-- click absorber -->
					<left>1030</left>
					<top>120</top>
					<height>579</height>
					<width>844</width>
					<texturefocus></texturefocus>
					<texturenofocus></texturenofocus>
					<visible>!String.IsEmpty(ListItem.Property(videosizebig))</visible>
				</control>
				<control type="image">
					<left>1029</left>
					<top>120</top>
					<height>579</height>
					<width>3</width>
					<texture>separator_v.png</texture>
				</control>
				<control type="image">
					<left>0</left>
					<top>120</top>
					<height>3</height>
					<width>1920</width>
					<texture>separator.png</texture>
				</control>
				<control type="image">
					<!-- Fundo do rodape -->
					<left>0</left>
					<top>975</top>
					<width>1920</width>
					<height>105</height>
					<colordiffuse>FFFFF0F0</colordiffuse>
					<texture>shadow_mask.png</texture>
				</control>
				<control type="grouplist">
					<!-- Etiquetas -->
					<left>51</left>
					<top>1023</top>
					<orientation>horizontal</orientation>
					<itemgap>52</itemgap>
					<animation effect="slide" start="0,450" end="0,0" time="500" tween="sine" easing="out">WindowOpen</animation>
					<animation effect="slide" start="0,450" end="0,0" time="500" tween="sine" easing="out">Visible</animation>
					<animation effect="slide" start="0,0" end="0,450" time="500" tween="sine" easing="in">Hidden</animation>
					<visible>Control.HasFocus(149)</visible>
				</control>
				<control type="group">
					<left>0</left>
					<top>1028</top>
					<animation effect="slide" start="0,450" end="0,0" time="500" tween="sine" easing="out">WindowOpen</animation>
					<animation effect="slide" start="0,450" end="0,0" time="500" tween="sine" easing="out">Visible</animation>
					<animation effect="slide" start="0,0" end="0,450" time="500" tween="sine" easing="in">Hidden</animation>
					<visible>Control.HasFocus(151)</visible>
					<control type="label">
						<left>45</left>
						<top>0</top>
						<width>600</width>
						<height>40</height>
						<align>left</align>
						<aligny>center</aligny>
						<font>Font_15</font>
						<label>31789</label>
						<textcolor>FF101010</textcolor>
					</control>
					<control type="label">
						<left>472</left>
						<top>24</top>
						<width>975</width>
						<align>center</align>
						<aligny>center</aligny>
						<label>$INFO[Container(151).ListItem.Label]</label>
						<font>Font_24A</font>
						<textcolor>FF101010</textcolor>
						<scroll>true</scroll>
						<scrollout>false</scrollout>
					</control>
				</control>
				<control type="image">
					<left>0</left>
					<top>1020</top>
					<height>64</height>
					<width>1920</width>
					<texture>gradient_small.png</texture>
				</control>
				<control type="image">
					<!-- Cast -->
					<left>0</left>
					<top>1018</top>
					<width>1920</width>
					<height>45</height>
					<texture flipy="true">shadow_h.png</texture>
					<colordiffuse>C3FFFFFF</colordiffuse>
				</control>
				<control type="image">
					<left>0</left>
					<top>741</top>
					<height>279</height>
					<width>1920</width>
					<texture>darkgrey.png</texture>
					<colordiffuse>$VAR[value_texturecolor]</colordiffuse>
					<include>Animation_HomeGlass</include>
				</control>
				<!-- Game List -->
				<control type="group" id="1000">
					<control type="wraplist" id="59">
						<left>825</left>
						<top>15</top>
						<height>90</height>
						<width>952</width>
						<onleft>1000</onleft>
						<onright>1000</onright>
						<onup>3000</onup>
						<ondown>3000</ondown>
						<scrolltime>200</scrolltime>
					</control>
				</control>
				<control type="list" id="151">
					<viewtype label="List">List Info</viewtype>
					<left>45</left>
					<top>738</top>
					<width>1830</width>
					<height>330</height>
					<onup>3001</onup>
					<ondown>SetFocus(160)</ondown>
					<orientation>horizontal</orientation>
					<scrolltime>400</scrolltime>
					<focusposition>3</focusposition>
					<itemlayout height="255" width="450">
						<control type="image">
							<left>0</left>
							<top>8</top>
							<width>450</width>
							<height>240</height>
							<aligny>center</aligny>
							<align>center</align>
							<aspectratio>keep</aspectratio>
							<colordiffuse>70FFFFFF</colordiffuse>
							<texture background="true">$INFO[ListItem.Icon]</texture>
							<bordertexture border="-2">black.png</bordertexture>
						</control>
					</itemlayout>
					<focusedlayout height="255" width="450">
						<control type="image">
							<left>0</left>
							<top>8</top>
							<width>450</width>
							<height>240</height>
							<aligny>center</aligny>
							<align>center</align>
							<aspectratio>keep</aspectratio>
							<texture background="true">$INFO[ListItem.Icon]</texture>
							<bordertexture border="-2">black.png</bordertexture>
							<colordiffuse>FF909090</colordiffuse>
							<include>Animation_Fade</include>
							<visible>!Control.HasFocus(151)</visible>
						</control>
						<control type="image">
							<left>0</left>
							<top>8</top>
							<width>450</width>
							<height>240</height>
							<aligny>center</aligny>
							<align>center</align>
							<aspectratio>keep</aspectratio>
							<texture background="true">$INFO[ListItem.Icon]</texture>
							<bordertexture border="-2">grey.png</bordertexture>
							<include>Animation_Fade</include>
							<visible>Control.HasFocus(151)</visible>
						</control>
					</focusedlayout>
					<content>
						<item id="2400">
							<!-- game image 1 -->
							<icon>$INFO[ListItem.Property(gameinfoupperright)]</icon>
							<label>31924</label>
							<onclick>noop</onclick>
						</item>
						<item id="2500">
							<!-- game image 2 -->
							<icon>$INFO[ListItem.Property(gameinfolowerright)]</icon>
							<label>31925</label>
							<onclick>noop</onclick>
						</item>
						<item id="2600">
							<!-- game image 3 -->
							<icon>$INFO[ListItem.Property(gameinfolowerleft)]</icon>
							<label>31926</label>
							<onclick>noop</onclick>
						</item>
						<item id="2700">
							<!-- game image 4 -->
							<icon>$INFO[ListItem.Property(gameinfoupperleft)]</icon>
							<label>31927</label>
							<onclick>noop</onclick>
						</item>
					</content>
				</control>
				<control type="group">
					<!-- Menu bar -->
					<left>0</left>
					<top>698</top>
					<control type="image">
						<left>0</left>
						<top>-45</top>
						<width>1920</width>
						<height>45</height>
						<texture>shadow_h.png</texture>
						<colordiffuse>C3FFFFFF</colordiffuse>
					</control>
					<control type="image">
						<left>0</left>
						<top>44</top>
						<width>1920</width>
						<height>45</height>
						<texture flipy="true">shadow_h.png</texture>
						<colordiffuse>C3FFFFFF</colordiffuse>
					</control>
					<control type="image">
						<left>0</left>
						<top>0</top>
						<width>1920</width>
						<height>45</height>
						<texture>darkgrey.png</texture>
						<colordiffuse>$VAR[value_texturecolor]</colordiffuse>
						<include>Animation_HomeGlass2</include>
					</control>
					<control type="list" id="3001">
						<left>0</left>
						<top>4</top>
						<width>1920</width>
						<height>38</height>
						<onup>9900</onup>
						<ondown>151</ondown>
						<orientation>horizontal</orientation>
						<pagecontrol></pagecontrol>
						<scrolltime>300</scrolltime>
						<focusposition>0</focusposition>
						<itemlayout height="38" width="960">
							<control type="image">
								<left>0</left>
								<top>0</top>
								<width>1</width>
								<height>38</height>
								<texture>separator_v.png</texture>
							</control>
							<control type="label">
								<left>0</left>
								<top>1</top>
								<height>38</height>
								<width>960</width>
								<align>center</align>
								<aligny>center</aligny>
								<font>Font_18</font>
								<label>[UPPERCASE]$INFO[ListItem.Label][/UPPERCASE]</label>
								<textcolor>80FFFAF0</textcolor>
							</control>
						</itemlayout>
						<focusedlayout height="38" width="960">
							<control type="image">
								<left>0</left>
								<top>-2</top>
								<width>960</width>
								<height>40</height>
								<texture>settings_button_focus.png</texture>
								<visible>Control.Hasfocus(3001)</visible>
							</control>
							<control type="image">
								<left>0</left>
								<top>0</top>
								<width>1</width>
								<height>38</height>
								<texture>separator_v.png</texture>
							</control>
							<control type="label">
								<left>0</left>
								<top>1</top>
								<height>38</height>
								<width>960</width>
								<align>center</align>
								<aligny>center</aligny>
								<font>Font_18</font>
								<label>[UPPERCASE]$INFO[ListItem.Label][/UPPERCASE]</label>
								<textcolor>FF101010</textcolor>
								<visible>Control.Hasfocus(3001)</visible>
							</control>
							<control type="label">
								<left>0</left>
								<top>1</top>
								<height>38</height>
								<width>960</width>
								<align>center</align>
								<aligny>center</aligny>
								<font>Font_18</font>
								<label>[UPPERCASE]$INFO[ListItem.Label][/UPPERCASE]</label>
								<textcolor>80FFFAF0</textcolor>
								<visible>!Control.Hasfocus(3001)</visible>
							</control>
						</focusedlayout>
						<content>
							<item id="1">
								<!-- Run game -->
								<label>31790</label>
								<onclick>SendClick(3000)</onclick>
							</item>
							<item id="2">
								<!-- Play Video -->
								<label>31793</label>
								<onclick>PlayMedia($INFO[ListItem.Property(gameplayinfo)],1)</onclick>
								<visible>!String.IsEmpty(ListItem.Property(gameplayinfo))</visible>
							</item>
						</content>
					</control>
				</control>
				<control type="button" id="160">
					<onup>SetFocus(151)</onup>
					<ondown>SetFocus(151)</ondown>
					<onleft>SetFocus(151)</onleft>
					<onright>SetFocus(151)</onright>
					<include>InvisibleButton</include>
				</control>
				<control type="image">
					<left>0</left>
					<top>0</top>
					<width>1920</width>
					<height>1080</height>
					<texture>darkgrey.png</texture>
					<animation effect="fade" start="0" end="100" time="200">Visible</animation>
					<animation effect="fade" start="100" end="0" time="400">Hidden</animation>
					<visible>Control.HasFocus(160)</visible>
				</control>
				<control type="image">
					<left>0</left>
					<top>0</top>
					<width>1920</width>
					<height>1080</height>
					<texture>hive_back.png</texture>
					<animation effect="fade" start="0" end="100" time="200">Visible</animation>
					<animation effect="fade" start="100" end="0" time="400">Hidden</animation>
					<visible>Control.HasFocus(160)</visible>
				</control>
				<control type="image">
					<description>Cover image</description>
					<left>-1920</left>
					<top>70</top>
					<width>1920</width>
					<height>960</height>
					<texture background="true">$INFO[Container(151).ListItem.Icon]</texture>
					<aspectratio>keep</aspectratio>
					<fadetime>FanartCrossfadeTime</fadetime>
					<animation effect="slide" start="0,0" end="1920,0" time="400" tween="cubic" easing="inout" condition="Control.HasFocus(160)">Conditional</animation>
					<animation effect="slide" start="0,0" end="0,-38" time="600" delay="1000" tween="cubic" easing="inout" condition="Control.HasFocus(160)">Conditional</animation>
				</control>
				<control type="group">
					<visible>Control.HasFocus(160)</visible>
					<animation effect="slide" start="0,0" end="0,-120" time="600" delay="1000" tween="cubic" easing="inout" condition="Control.HasFocus(160)">Conditional</animation>
					<control type="image">
						<left>0</left>
						<top>1140</top>
						<height>60</height>
						<width>1920</width>
						<texture>darkgrey.png</texture>
						<colordiffuse>$VAR[value_texturecolor]</colordiffuse>
						<include>Animation_HomeGlass2</include>
					</control>
					<control type="label">
						<left>0</left>
						<top>1140</top>
						<height>60</height>
						<width>1920</width>
						<align>center</align>
						<aligny>center</aligny>
						<label>$INFO[Container(151).ListItem.Label]</label>
						<font>Font_24A</font>
						<textcolor>FFFFFAF0</textcolor>
						<scroll>true</scroll>
						<scrollout>false</scrollout>
					</control>
					<control type="image">
						<left>0</left>
						<top>1140</top>
						<height>60</height>
						<width>1920</width>
						<texture>gradient_small.png</texture>
					</control>
				</control>
				<control type="label" id="4000">
					<description>Messages</description>
					<left>15</left>
					<top>840</top>
					<width>1020</width>
					<height>15</height>
					<align>left</align>
					<label></label>
					<textcolor>FFbec0c2</textcolor>
					<font>Font_18A</font>
					<scroll>true</scroll>
				</control>
			</control>
		</control>
	</controls>
</window>
