<?xml version="1.0" encoding="utf-8"?>
<!--  Initial use with Kodi Leia10.5.2 -->
<!-- Matrix 11.0.4/11.1.1/11.3.0 -->
<!-- Nexus 12.3.0/12.5.0 -->
<!-- Omega 13.8.1 -->
<window>
	<defaultcontrol always="true">4000</defaultcontrol>
	<controls>
		<control type="group">	<!-- main group -->
			<include>Animation_Window</include>
			<!-- <control type="image">
				<left>0</left>
				<top>0</top>
				<width>1920</width>
				<height>1080</height>
				<texture>black.png</texture>
				<colordiffuse>D0FFFFFF</colordiffuse>
				<include>Animation_Fade</include>
			</control> -->
			<control type="image">
				<left>0</left>
				<top>0</top>
				<width>1920</width>
				<height>1080</height>
				<texture fallback="black.png">$INFO[Window.Property(ImageFilter)]</texture>
				<include>Animation_VisibleChange</include>
			</control>
			<control type="image">
				<left>0</left>
				<top>0</top>
				<width>1920</width>
				<height>1080</height>
				<animation effect="fade" start="100" end="60" time="0" condition="true">Conditional</animation>
				<aspectratio align="center">scale</aspectratio>
				<texture colordiffuse="$INFO[Window(home).Property(ImageColor)]">diffuseoverlay.jpg</texture>
				<!-- <colordiffuse>D0FFFFFF</colordiffuse> -->
				<!-- <include>Animation_VisibleChange</include> -->
			</control>
			<control type="group">	<!-- left side -->
				<control type="image">
					<width>729</width>
					<height>1080</height>
					<aspectratio aligny="top">scale</aspectratio>
					<fadetime>300</fadetime>
					<texture>$INFO[Window.Property(thumb)]</texture>
				</control>
			</control>
			<control type="button" id="20000">
				<height>0</height>
				<width>0</width>
				<!-- <texturefocus>-</texturefocus> -->
				<left>-5000</left>
				<onfocus>SetFocus(132)</onfocus>
				<onclick>noop</onclick>
				<visible allowhiddenfocus="true">Control.HasFocus(20000)</visible>
			</control>
			<control type="button" id="20001">
				<height>0</height>
				<width>0</width>
				<!-- <texturefocus>-</texturefocus> -->
				<left>-5000</left>
				<onclick>noop</onclick>
				<visible allowhiddenfocus="true">Control.HasFocus(20001)</visible>
			</control>
			<control type="group">
				<control type="group" id="33000">
					<left>825</left>
					<top>22</top>
					<visible>!Control.HasFocus(132)</visible>
					<animation effect="fade" time="250">VisibleChange</animation>
					<control type="image">
						<left>990</left>
						<top>-20</top>
						<width>830</width>
						<height>130</height>
						<aspectratio align="right">keep</aspectratio>
						<texture>moviedb.png</texture>
					</control>
				</control>
				<control type="group">
					<left>825</left>
					<top>68</top>
					<width>1042</width>
					<height>854</height>
					<control type="label">
						<left>-40</left>
						<top>-25</top>
						<height>60</height>
						<width>1050</width>
						<label>$INFO[Window.Property(label)]</label>
						<font>Font_40</font>
						<textcolor>FFFFFAF0</textcolor>
						<scroll>true</scroll>
					</control>
					<control type="image">
						<left>-40</left>
						<top>58</top>
						<width>1042</width>
						<height>1</height>
						<texture>divider.png</texture>
					</control>
					<control type="grouplist" id="4000">
						<!-- AKA, Birthday, Birthplace, Total movies, Movies in library, Homepage, Deathday
				 			G140 Bio and hidden B132
				 			G1500 movie actor roles P150-->
						<left>-80</left>
						<top>65</top>
						<width>2000</width>
						<itemgap>15</itemgap>
						<height>1000</height>
						<scrolltime tween="sine">400</scrolltime>
						<orientation>vertical</orientation>
						<usecontrolcoords>true</usecontrolcoords>
						<control type="label">
							<align>left</align>
							<aligny>center</aligny>
							<left>40</left>
							<top>10</top>
							<width>1000</width>
							<height>25</height>
							<textcolor>FFFFFAF0</textcolor>
							<font>Font_15</font>
							<label>$INFO[Window.Property(AlsoKnownAs),$ADDON[script.extendedinfo 32016]: [COLOR=FFFAFAFA],[/COLOR]]</label>
							<visible>!String.isEmpty(Window.Property(AlsoKnownAs))</visible>
						</control>
						<control type="label">
							<align>left</align>
							<aligny>center</aligny>
							<left>40</left>
							<top>10</top>
							<width>1000</width>
							<height>25</height>
							<textcolor>FFFFFAF0</textcolor>
							<font>Font_15</font>
							<label>$INFO[Window.Property(Birthday),$ADDON[script.extendedinfo 32012]: [COLOR=FFFAFAFA],[/COLOR]] $INFO[Window.Property(Age),$ADDON[script.extendedinfo 32020]: [COLOR=FFFAFAFA],     [/COLOR]]$INFO[Window.Property(Deathday),$ADDON[script.extendedinfo 32013]: [COLOR=FFFAFAFA],[/COLOR]]</label>
							<visible>!String.isEmpty(Window.Property(Birthday))</visible>
						</control>
						<control type="label">
							<align>left</align>
							<aligny>center</aligny>
							<left>40</left>
							<top>10</top>
							<width>1000</width>
							<height>25</height>
							<textcolor>FFFFFAF0</textcolor>
							<font>Font_15</font>
							<label>$INFO[Window.Property(PlaceOfBirth),$ADDON[script.extendedinfo 32014]: [COLOR=FFFAFAFA],[/COLOR]]</label>
							<visible>!String.isEmpty(Window.Property(PlaceOfBirth))</visible>
						</control>
						<control type="label">
							<align>left</align>
							<aligny>center</aligny>
							<left>40</left>
							<top>10</top>
							<width>1000</width>
							<height>25</height>
							<textcolor>FFFFFAF0</textcolor>
							<font>Font_15</font>
							<label>$INFO[Window.Property(TotalMovies),$ADDON[script.extendedinfo 32011]: [COLOR=FFFAFAFA],[/COLOR]     ]$INFO[Window.Property(DBMovies),$ADDON[script.extendedinfo 32021]: [COLOR=FFFAFAFA],[/COLOR]]</label>
							<visible>![String.isEmpty(Window.Property(TotalMovies)) + String.isEmpty(Window.Property(DBMovies))]</visible>
						</control>
						<!-- <control type="label">
							<align>left</align>
							<aligny>center</aligny>
							<left>40</left>
							<top>10</top>
							<width>1000</width>
							<height>25</height>
							<textcolor>FFFFFAF0</textcolor>
							<font>Font_15</font>
							<label>$INFO[Window.Property(DBMovies),$ADDON[script.extendedinfo 32021]: [COLOR=FFFAFAFA],[/COLOR]]</label>
							<visible>!String.isEmpty(Window.Property(DBMovies))</visible>
						</control> -->
						<control type="label">
							<align>left</align>
							<aligny>center</aligny>
							<left>40</left>
							<top>10</top>
							<width>1000</width>
							<height>25</height>
							<textcolor>FFFFFAF0</textcolor>
							<font>Font_15</font>
							<label>$INFO[Window.Property(Homepage),$ADDON[script.extendedinfo 32017]: [COLOR=FFFAFAFA],[/COLOR]]</label>
							<visible>!String.isEmpty(Window.Property(Homepage))</visible>
						</control>
						<!-- <control type="label">
							<align>left</align>
							<aligny>center</aligny>
							<left>40</left>
							<top>0</top>
							<width>1000</width>
							<height>25</height>
							<textcolor>FFFFFAF0</textcolor>
							<font>Font_15</font>
							<label>$INFO[Window.Property(Deathday),$ADDON[script.extendedinfo 32013]: [COLOR=FFFAFAFA],[/COLOR]]</label>
							<visible>!String.isEmpty(Window.Property(Deathday))</visible>
						</control> -->
						<control type="label">
							<align>left</align>
							<aligny>center</aligny>
							<left>40</left>
							<top>10</top>
							<width>1000</width>
							<height>25</height>
							<textcolor>FFFFFAF0</textcolor>
							<font>Font_15</font>
							<scroll>true</scroll>
							<label>$INFO[Window.Property(H/W),$ADDON[script.extendedinfo 32176]: [COLOR=FFFAFAFA],[/COLOR]     ]$INFO[Window.Property(3size),$ADDON[script.extendedinfo 32177]: [COLOR=FFFAFAFA],[/COLOR]     ]$INFO[Window.Property(bra),$ADDON[script.extendedinfo 32181]: [COLOR=FFFAFAFA],[/COLOR]     ]$INFO[Window.Property(cup),$ADDON[script.extendedinfo 32182]: [COLOR=FFFAFAFA],[/COLOR]]</label>
							<visible>![String.isEmpty(Window.Property(H/W)) + String.isEmpty(Window.Property(3size)) + String.isEmpty(Window.Property(cup))]</visible>
						</control>
						<control type="group" id="140">
							<height>255</height>
							<control type="button" id="132">
								<left>0</left>
								<top>0</top>
								<width>1120</width>
								<height>255</height>
								<onup>SetFocus(20000)</onup>
								<ondown>150</ondown>
								<texturefocus border="40" colordiffuse="$INFO[Window(home).Property(ImageColor)]">settings_button_focus.png</texturefocus>
								<texturenofocus border="40" colordiffuse="$INFO[Window(home).Property(ImageColor)]">settings_button.png</texturenofocus>
							<label></label>
							</control>
							<control type="textbox" id="800">
								<left>55</left>
								<top>30</top>
								<width>1010</width>
								<height>188</height>
								<align>left</align>
								<label fallback="19055">$INFO[Window.Property(Biography)]</label>
								<textcolor>FFFFFAF0</textcolor>
								<font>Font_14A</font>
								<autoscroll delay="10000" time="2000" repeat="10000">true</autoscroll>
							</control>
						</control>
						<control type="group" id="1500">  <!-- movie roles -->
							<visible>Integer.IsGreater(Container(150).NumItems,0)</visible>
							<height>540</height>
							<control type="label">
								<top>6</top>
								<left>25</left>
								<width>500</width>
								<height>25</height>
								<aligny>center</aligny>
								<textcolor>FFFFFAF0</textcolor>
								<font>Font_15</font>
								<label>$ADDON[script.extendedinfo 32120]$INFO[Container(150).NumItems, (,)]</label>
							</control>
							<control type="image">
								<left>0</left>
								<top>200</top>
								<width>28</width>
								<height>28</height>
								<texture colordiffuse="$INFO[Window.Property(ImageColor)]" flipx="true">arrow_right.png</texture>
								<animation effect="slide" start="30,0" end="0,0" time="200">VisibleChange</animation>
								<animation effect="slide" start="-150" end="0" delay="640" time="320" tween="cubic">WindowOpen</animation>
								<visible>Container(150).HasPrevious + Control.HasFocus(150)</visible>
							</control>
							<control type="image">
								<left>1883</left>
								<top>200</top>
								<width>28</width>
								<height>28</height>
								<texture colordiffuse="$INFO[Window.Property(ImageColor)]">arrow_right.png</texture>
								<animation effect="slide" start="-30,0" end="0,0" time="200">VisibleChange</animation>
								<animation effect="slide" start="150" end="0" delay="640" time="320" tween="cubic">WindowOpen</animation>
								<visible>Container(150).HasNext + Control.HasFocus(150)</visible>
							</control>
							<control type="panel" id="150"> <!-- Actor movie roles -->
								<top>40</top>
								<left>-45</left>
								<width>1180</width>
								<height>600</height>
								<onleft>150</onleft>
								<onright>150</onright>
								<onup>132</onup>
								<ondown>250</ondown>
								<scrolltime>200</scrolltime>
								<orientation>horizontal</orientation>
								<itemlayout height="400" width="270">
									<control type="group">
										<control type="image">
											<top>0</top>
											<left>50</left>
											<width>280</width>
											<height>380</height>
											<texture border="40" colordiffuse="$INFO[Window(home).Property(ImageColor)]">settings_button.png</texture>
										</control>
										<control type="group">
											<left>77</left>
											<top>18</top>
											<control type="image">
												<top>10</top>
												<width>224</width>
												<height>325</height>
												<texture background="true" fallback="DefaultVideo.png">$INFO[ListItem.Art(thumb)]</texture>
												<aspectratio aligny="center">scale</aspectratio>
												<fadetime>0</fadetime>
												<visible>String.IsEmpty(ListItem.DBID)</visible>
											</control>
											<control type="image">
												<top>10</top>
												<width>224</width>
												<height>325</height>
												<texture background="true" fallback="DefaultVideo.png">$INFO[ListItem.Art(poster)]</texture>
												<aspectratio aligny="center">scale</aspectratio>
												<fadetime>0</fadetime>
												<visible>!String.IsEmpty(ListItem.DBID)</visible>
											</control>
											<control type="image">
												<width>55</width>
												<height>55</height>
												<top>10</top>
												<left>169</left>
												<texture>flags/local.png</texture>
												<visible>!String.IsEmpty(ListItem.DBID)</visible>
											</control>
											<control type="image">
												<top>310</top>
												<width>84</width>
												<height>25</height>
												<texture>black.png</texture>
												<animation effect="fade" end="60" time="0" condition="true">Conditional</animation>
												<aspectratio aligny="center">scale</aspectratio>
												<visible>!String.IsEmpty(ListItem.Year)</visible>
											</control>
											<control type="label">
												<left>5</left>
												<top>310</top>
												<width>84</width>
												<height>25</height>
												<textcolor>FFFFFAF0</textcolor>
												<font>Font_14A</font>
												<aligny>center</aligny>
												<align>left</align>
												<label>$INFO[ListItem.Year]</label>
											</control>
											<control type="image">
												<top>10</top>
												<width>224</width>
												<height>325</height>
												<texture>black.png</texture>
												<animation effect="fade" start="100" end="0" time="200" condition="!Control.HasFocus(150)">Conditional</animation>
												<animation effect="fade" end="30" time="0" condition="true">Conditional</animation>
												<aspectratio aligny="center">scale</aspectratio>
											</control>
											<control type="textbox">
												<width>228</width>
												<height>140</height>
												<left>0</left>
												<top>355</top>
												<align>center</align>
												<textcolor>FFFFFAF0</textcolor>
												<font>Font_14A</font>
												<label>$INFO[ListItem.Label][CR][COLOR FF999999]$INFO[ListItem.Property(Character)][/COLOR]</label>
											</control>
										</control>
									</control>
								</itemlayout>
								<focusedlayout height="400" width="270">
									<control type="group">
										<control type="image">
											<top>0</top>
											<left>50</left>
											<width>280</width>
											<height>380</height>
											<texture border="40" colordiffuse="$INFO[Window(home).Property(ImageColor)]">settings_button.png</texture>
										</control>
										<control type="image">
											<top>0</top>
											<left>50</left>
											<width>280</width>
											<height>380</height>
											<texture border="40" colordiffuse="$INFO[Window(home).Property(ImageColor)]">settings_button_focus.png</texture>
											<animation effect="fade" start="0" end="100" time="160">Focus</animation>
											<animation effect="fade" start="0" end="100" time="0">UnFocus</animation>
										</control>
										<control type="group">
											<left>77</left>
											<top>18</top>
											<control type="image">
												<top>10</top>
												<width>224</width>
												<height>325</height>
												<texture background="true" fallback="DefaultVideo.png">$INFO[ListItem.Art(thumb)]</texture>
												<aspectratio aligny="center">scale</aspectratio>
												<fadetime>0</fadetime>
												<visible>String.IsEmpty(ListItem.DBID)</visible>
											</control>
											<control type="image">
												<top>10</top>
												<width>224</width>
												<height>325</height>
												<texture background="true" fallback="DefaultVideo.png">$INFO[ListItem.Art(poster)</texture>
												<aspectratio aligny="center">scale</aspectratio>
												<fadetime>0</fadetime>
												<visible>!String.IsEmpty(ListItem.DBID)</visible>
											</control>
											<control type="image">
												<width>55</width>
												<height>55</height>
												<top>10</top>
												<left>169</left>
												<texture>flags/local.png</texture>
												<visible>!String.IsEmpty(ListItem.DBID)</visible>
											</control>
											<control type="image">
												<top>310</top>
												<width>84</width>
												<height>25</height>
												<texture>black.png</texture>
												<animation effect="fade" end="60" time="0" condition="true">Conditional</animation>
												<aspectratio aligny="center">scale</aspectratio>
												<visible>!String.IsEmpty(ListItem.Year)</visible>
											</control>
											<control type="label">
												<left>5</left>
												<top>310</top>
												<width>84</width>
												<height>25</height>
												<textcolor>FFFFFAF0</textcolor>
												<font>Font_14A</font>
												<aligny>center</aligny>
												<align>left</align>
												<label>$INFO[ListItem.Year]</label>
											</control>
											<control type="textbox">
												<width>228</width>
												<height>140</height>
												<left>0</left>
												<top>355</top>
												<align>center</align>
												<!-- <textcolor>FFFFFAF0</textcolor> -->
												<font>Font_14A</font>
												<textcolor>FFF0F0F0</textcolor>
												<label>$INFO[ListItem.Label][CR][COLOR FF999999]$INFO[ListItem.Property(Character)][/COLOR]</label>
											</control>
										</control>
									</control>
								</focusedlayout>
							</control>
						</control>
						<control type="group" id="2500"> <!-- Actor tv show roles -->
							<height>540</height>
							<visible>Integer.IsGreater(Container(250).NumItems,0)</visible>
							<control type="label">
								<top>6</top>
								<left>25</left>
								<width>500</width>
								<height>25</height>
								<aligny>center</aligny>
								<textcolor>FFFFFAF0</textcolor>
								<font>Font_15</font>
								<label>$ADDON[script.extendedinfo 32121]$INFO[Container(250).NumItems, (,)]</label>
							</control>
							<control type="image">
								<left>0</left>
								<top>200</top>
								<width>28</width>
								<height>28</height>
								<texture colordiffuse="$INFO[Window.Property(ImageColor)]" flipx="true">arrow_right.png</texture>
								<animation effect="slide" start="30,0" end="0,0" time="200">VisibleChange</animation>
								<animation effect="slide" start="-150" end="0" delay="640" time="320" tween="cubic">WindowOpen</animation>
								<visible>Container(250).HasPrevious + Control.HasFocus(250)</visible>
							</control>
							<control type="image">
								<left>1883</left>
								<top>200</top>
								<width>28</width>
								<height>28</height>
								<texture colordiffuse="$INFO[Window.Property(ImageColor)]">arrow_right.png</texture>
								<animation effect="slide" start="-30,0" end="0,0" time="200">VisibleChange</animation>
								<animation effect="slide" start="150" end="0" delay="640" time="320" tween="cubic">WindowOpen</animation>
								<visible>Container(250).HasNext + Control.HasFocus(250)</visible>
							</control>
							<control type="panel" id="250"> <!-- Actor tv show roles -->
								<top>40</top>
								<left>-45</left>
								<width>1180</width>
								<height>600</height>
								<onleft>250</onleft>
								<onright>250</onright>
								<onup>150</onup>
								<ondown>550</ondown>
								<scrolltime>200</scrolltime>
								<orientation>horizontal</orientation>
								<itemlayout height="400" width="270">
									<control type="group">
										<control type="image">
											<top>0</top>
											<left>50</left>
											<width>280</width>
											<height>380</height>
											<texture border="40" colordiffuse="$INFO[Window(home).Property(ImageColor)]">settings_button.png</texture>
										</control>
										<control type="group">
											<left>77</left>
											<top>18</top>
											<control type="image">
												<top>10</top>
												<width>224</width>
												<height>325</height>
												<texture background="true" fallback="DefaultVideo.png">$INFO[ListItem.Art(thumb)]</texture>
												<aspectratio aligny="center">scale</aspectratio>
												<fadetime>0</fadetime>
												<visible>String.IsEmpty(ListItem.DBID)</visible>
											</control>
											<control type="image">
												<top>10</top>
												<width>224</width>
												<height>325</height>
												<texture background="true" fallback="DefaultVideo.png">$INFO[ListItem.Art(poster)]</texture>
												<aspectratio aligny="center">scale</aspectratio>
												<fadetime>0</fadetime>
												<visible>!String.IsEmpty(ListItem.DBID)</visible>
											</control>
											<control type="image">
												<width>55</width>
												<height>55</height>
												<top>10</top>
												<left>169</left>
												<texture>flags/local.png</texture>
												<visible>!String.IsEmpty(ListItem.DBID)</visible>
											</control>
											<control type="image">
												<top>310</top>
												<width>84</width>
												<height>25</height>
												<texture>black.png</texture>
												<animation effect="fade" end="60" time="0" condition="true">Conditional</animation>
												<aspectratio aligny="center">scale</aspectratio>
												<visible>!String.IsEmpty(ListItem.Year)</visible>
											</control>
											<control type="label">
												<left>5</left>
												<top>310</top>
												<width>84</width>
												<height>25</height>
												<textcolor>FFFFFAF0</textcolor>
												<font>Font_14A</font>
												<aligny>center</aligny>
												<align>left</align>
												<label>$INFO[ListItem.Year]</label>
											</control>
											<control type="image">
												<top>10</top>
												<width>224</width>
												<height>325</height>
												<texture>black.png</texture>
												<animation effect="fade" start="100" end="0" time="200" condition="!Control.HasFocus(250)">Conditional</animation>
												<animation effect="fade" end="30" time="0" condition="true">Conditional</animation>
												<aspectratio aligny="center">scale</aspectratio>
											</control>
											<control type="textbox">
												<width>228</width>
												<height>140</height>
												<left>0</left>
												<top>355</top>
												<align>center</align>
												<textcolor>FFFFFAF0</textcolor>
												<font>Font_14A</font>
												<label>$INFO[ListItem.Label][CR][COLOR FF999999]$INFO[ListItem.Property(Character)][/COLOR]</label>
											</control>
										</control>
									</control>
								</itemlayout>
								<focusedlayout height="400" width="270">
									<control type="group">
										<control type="image">
											<top>0</top>
											<left>50</left>
											<width>280</width>
											<height>380</height>
											<texture border="40" colordiffuse="$INFO[Window(home).Property(ImageColor)]">settings_button.png</texture>
										</control>
										<control type="image">
											<top>0</top>
											<left>50</left>
											<width>280</width>
											<height>380</height>
											<texture border="40" colordiffuse="$INFO[Window(home).Property(ImageColor)]">settings_button_focus.png</texture>
											<animation effect="fade" start="0" end="100" time="160">Focus</animation>
											<animation effect="fade" start="0" end="100" time="0">UnFocus</animation>
										</control>
										<control type="group">
											<left>77</left>
											<top>18</top>
											<control type="image">
												<top>10</top>
												<width>224</width>
												<height>325</height>
												<texture background="true" fallback="DefaultVideo.png">$INFO[ListItem.Art(thumb)]</texture>
												<aspectratio aligny="center">scale</aspectratio>
												<fadetime>0</fadetime>
												<visible>String.IsEmpty(ListItem.DBID)</visible>
											</control>
											<control type="image">
												<top>10</top>
												<width>224</width>
												<height>325</height>
												<texture background="true" fallback="DefaultVideo.png">$INFO[ListItem.Art(poster)]</texture>
												<aspectratio aligny="center">scale</aspectratio>
												<fadetime>0</fadetime>
												<visible>!String.IsEmpty(ListItem.DBID)</visible>
											</control>
											<control type="image">
												<width>55</width>
												<height>55</height>
												<top>10</top>
												<left>169</left>
												<texture>flags/local.png</texture>
												<visible>!String.IsEmpty(ListItem.DBID)</visible>
											</control>
											<control type="image">
												<top>310</top>
												<width>84</width>
												<height>25</height>
												<texture>black.png</texture>
												<animation effect="fade" end="60" time="0" condition="true">Conditional</animation>
												<aspectratio aligny="center">scale</aspectratio>
												<visible>!String.IsEmpty(ListItem.Year)</visible>
											</control>
											<control type="label">
												<left>5</left>
												<top>310</top>
												<width>84</width>
												<height>25</height>
												<textcolor>FFFFFAF0</textcolor>
												<font>Font_14A</font>
												<aligny>center</aligny>
												<align>left</align>
												<label>$INFO[ListItem.Year]</label>
											</control>
											<control type="textbox">
												<width>228</width>
												<height>140</height>
												<left>0</left>
												<top>355</top>
												<align>center</align>
												<font>Font_14A</font>
												<textcolor>FFF0F0F0</textcolor>
												<label>$INFO[ListItem.Label][CR][COLOR FF999999]$INFO[ListItem.Property(Character)][/COLOR]</label>
											</control>
										</control>
									</control>
								</focusedlayout>
							</control>
						</control>
						<control type="group" id="5500"> <!-- Actor movie crew roles -->
							<visible>Integer.IsGreater(Container(550).NumItems,0)</visible>
							<height>540</height>
							<control type="label">
								<top>6</top>
								<left>25</left>
								<width>500</width>
								<height>25</height>
								<aligny>center</aligny>
								<textcolor>FFFFFAF0</textcolor>
								<font>Font_15</font>
								<label>$ADDON[script.extendedinfo 32122]$INFO[Container(550).NumItems, (,)]</label>
							</control>
							<control type="image">
								<left>0</left>
								<top>200</top>
								<width>28</width>
								<height>28</height>
								<texture colordiffuse="$INFO[Window.Property(ImageColor)]" flipx="true">arrow_right.png</texture>
								<animation effect="slide" start="30,0" end="0,0" time="200">VisibleChange</animation>
								<animation effect="slide" start="-150" end="0" delay="640" time="320" tween="cubic">WindowOpen</animation>
								<visible>Container(550).HasPrevious + Control.HasFocus(550)</visible>
							</control>
							<control type="image">
								<left>1883</left>
								<top>200</top>
								<width>28</width>
								<height>28</height>
								<texture colordiffuse="$INFO[Window.Property(ImageColor)]">arrow_right.png</texture>
								<animation effect="slide" start="-30,0" end="0,0" time="200">VisibleChange</animation>
								<animation effect="slide" start="150" end="0" delay="640" time="320" tween="cubic">WindowOpen</animation>
								<visible>Container(550).HasNext + Control.HasFocus(550)</visible>
							</control>
							<control type="panel" id="550"> <!-- Actor movie crew roles -->
								<top>40</top>
								<left>-45</left>
								<width>1180</width>
								<height>600</height>
								<onleft>550</onleft>
								<onright>550</onright>
								<onup>250</onup>
								<ondown>650</ondown>
								<scrolltime>200</scrolltime>
								<orientation>horizontal</orientation>
								<itemlayout height="400" width="270">
									<control type="group">
										<control type="image">
											<top>0</top>
											<left>50</left>
											<width>280</width>
											<height>380</height>
											<texture border="40" colordiffuse="$INFO[Window(home).Property(ImageColor)]">settings_button.png</texture>
										</control>
										<control type="group">
											<left>77</left>
											<top>18</top>
											<control type="image">
												<top>10</top>
												<width>224</width>
												<height>325</height>
												<texture background="true" fallback="DefaultVideo.png">$INFO[ListItem.Art(thumb)]</texture>
												<aspectratio aligny="center">scale</aspectratio>
												<fadetime>0</fadetime>
												<visible>String.IsEmpty(ListItem.DBID)</visible>
											</control>
											<control type="image">
												<top>10</top>
												<width>224</width>
												<height>325</height>
												<texture background="true" fallback="DefaultVideo.png">$INFO[ListItem.Art(poster)]</texture>
												<aspectratio aligny="center">scale</aspectratio>
												<fadetime>0</fadetime>
												<visible>!String.IsEmpty(ListItem.DBID)</visible>
											</control>
											<control type="image">
												<width>55</width>
												<height>55</height>
												<top>10</top>
												<left>169</left>
												<texture>flags/local.png</texture>
												<visible>!String.IsEmpty(ListItem.DBID)</visible>
											</control>
											<control type="image">
												<top>310</top>
												<width>84</width>
												<height>25</height>
												<texture>black.png</texture>
												<animation effect="fade" end="60" time="0" condition="true">Conditional</animation>
												<aspectratio aligny="center">scale</aspectratio>
												<visible>!String.IsEmpty(ListItem.Year)</visible>
											</control>
											<control type="label">
												<left>5</left>
												<top>310</top>
												<width>84</width>
												<height>25</height>
												<textcolor>FFFFFAF0</textcolor>
												<font>Font_14A</font>
												<aligny>center</aligny>
												<align>left</align>
												<label>$INFO[ListItem.Year]</label>
											</control>
											<control type="image">
												<top>10</top>
												<width>224</width>
												<height>325</height>
												<texture>black.png</texture>
												<animation effect="fade" start="100" end="0" time="0" condition="!Control.HasFocus(550)">Conditional</animation>
												<animation effect="fade" end="30" time="0" condition="true">Conditional</animation>
												<aspectratio aligny="center">scale</aspectratio>
											</control>
											<control type="textbox">
												<width>228</width>
												<height>140</height>
												<left>0</left>
												<top>355</top>
												<align>center</align>
												<textcolor>FFFFFAF0</textcolor>
												<font>Font_14A</font>
												<label>$INFO[ListItem.Label][CR][COLOR FF999999]$INFO[ListItem.Property(Job)][/COLOR]</label>
											</control>
										</control>
									</control>
								</itemlayout>
								<focusedlayout height="400" width="270">
									<control type="group">
										<control type="image">
											<top>0</top>
											<left>50</left>
											<width>280</width>
											<height>380</height>
											<texture border="40" colordiffuse="$INFO[Window(home).Property(ImageColor)]">settings_button.png</texture>
										</control>
										<control type="image">
											<top>0</top>
											<left>50</left>
											<width>280</width>
											<height>380</height>
											<texture border="40" colordiffuse="$INFO[Window(home).Property(ImageColor)]">settings_button_focus.png</texture>
											<animation effect="fade" start="0" end="100" time="160">Focus</animation>
											<animation effect="fade" start="0" end="100" time="0">UnFocus</animation>
										</control>
										<control type="group">
											<left>77</left>
											<top>18</top>
											<control type="image">
												<top>10</top>
												<width>224</width>
												<height>325</height>
												<texture background="true" fallback="DefaultVideo.png">$INFO[ListItem.Art(thumb)]</texture>
												<aspectratio aligny="center">scale</aspectratio>
												<fadetime>0</fadetime>
												<visible>String.IsEmpty(ListItem.DBID)</visible>
											</control>
											<control type="image">
												<top>10</top>
												<width>224</width>
												<height>325</height>
												<texture background="true" fallback="DefaultVideo.png">$INFO[ListItem.Art(poster)]</texture>
												<aspectratio aligny="center">scale</aspectratio>
												<fadetime>0</fadetime>
												<visible>!String.IsEmpty(ListItem.DBID)</visible>
											</control>
											<control type="image">
												<width>55</width>
												<height>55</height>
												<top>10</top>
												<left>169</left>
												<texture>flags/local.png</texture>
												<visible>!String.IsEmpty(ListItem.DBID)</visible>
											</control>
											<control type="image">
												<top>310</top>
												<width>84</width>
												<height>25</height>
												<texture>black.png</texture>
												<animation effect="fade" end="60" time="0" condition="true">Conditional</animation>
												<aspectratio aligny="center">scale</aspectratio>
												<visible>!String.IsEmpty(ListItem.Year)</visible>
											</control>
											<control type="label">
												<left>5</left>
												<top>310</top>
												<width>84</width>
												<height>25</height>
												<textcolor>FFFFFAF0</textcolor>
												<font>Font_14A</font>
												<aligny>center</aligny>
												<align>left</align>
												<label>$INFO[ListItem.Year]</label>
											</control>
											<control type="textbox">
												<width>228</width>
												<height>140</height>
												<left>0</left>
												<top>355</top>
												<align>center</align>
												<!-- <textcolor>FFFFFAF0</textcolor> -->
												<font>Font_14A</font>
												<textcolor>FFF0F0F0</textcolor>
												<label>$INFO[ListItem.Label][CR][COLOR FF999999]$INFO[ListItem.Property(Job)][/COLOR]</label>
											</control>
										</control>
									</control>
								</focusedlayout>
							</control>
						</control>
						<control type="group" id="6500"> <!-- Actor tv show crew roles -->
							<height>540</height>
							<visible>Integer.IsGreater(Container(650).NumItems,0)</visible>
							<control type="label">
								<top>6</top>
								<left>25</left>
								<width>500</width>
								<height>25</height>
								<aligny>center</aligny>
								<textcolor>FFFFFAF0</textcolor>
								<font>Font_15</font>
								<label>$ADDON[script.extendedinfo 32123]$INFO[Container(650).NumItems, (,)]</label>
							</control>
							<control type="image">
								<left>0</left>
								<top>200</top>
								<width>28</width>
								<height>28</height>
								<texture colordiffuse="$INFO[Window.Property(ImageColor)]" flipx="true">arrow_right.png</texture>
								<animation effect="slide" start="30,0" end="0,0" time="200">VisibleChange</animation>
								<animation effect="slide" start="-150" end="0" delay="640" time="320" tween="cubic">WindowOpen</animation>
								<visible>Container(650).HasPrevious + Control.HasFocus(650)</visible>
							</control>
							<control type="image">
								<left>1883</left>
								<top>200</top>
								<width>28</width>
								<height>28</height>
								<texture colordiffuse="$INFO[Window.Property(ImageColor)]">arrow_right.png</texture>
								<animation effect="slide" start="-30,0" end="0,0" time="200">VisibleChange</animation>
								<animation effect="slide" start="150" end="0" delay="640" time="320" tween="cubic">WindowOpen</animation>
								<visible>Container(650).HasNext + Control.HasFocus(650)</visible>
							</control>
							<control type="panel" id="650"> <!-- Actor tv show crew roles -->
								<top>40</top>
								<left>-45</left>
								<width>1180</width>
								<height>600</height>
								<onleft>650</onleft>
								<onright>650</onright>
								<onup>550</onup>
								<ondown>350</ondown>
								<scrolltime>200</scrolltime>
								<orientation>horizontal</orientation>
								<itemlayout height="400" width="270">
									<control type="group">
										<control type="image">
											<top>0</top>
											<left>50</left>
											<width>280</width>
											<height>380</height>
											<texture border="40" colordiffuse="$INFO[Window(home).Property(ImageColor)]">settings_button.png</texture>
										</control>
										<control type="group">
											<left>77</left>
											<top>18</top>
											<control type="image">
												<top>10</top>
												<width>224</width>
												<height>325</height>
												<texture background="true" fallback="DefaultVideo.png">$INFO[ListItem.Art(thumb)]</texture>
												<aspectratio aligny="center">scale</aspectratio>
												<fadetime>0</fadetime>
												<visible>String.IsEmpty(ListItem.DBID)</visible>
											</control>
											<control type="image">
												<top>10</top>
												<width>224</width>
												<height>325</height>
												<texture background="true" fallback="DefaultVideo.png">$INFO[ListItem.Art(poster)]</texture>
												<aspectratio aligny="center">scale</aspectratio>
												<fadetime>0</fadetime>
												<visible>!String.IsEmpty(ListItem.DBID)</visible>
											</control>
											<control type="image">
												<width>55</width>
												<height>55</height>
												<top>10</top>
												<left>169</left>
												<texture>flags/local.png</texture>
												<visible>!String.IsEmpty(ListItem.DBID)</visible>
											</control>
											<control type="image">
												<top>310</top>
												<width>84</width>
												<height>25</height>
												<texture>black.png</texture>
												<animation effect="fade" end="60" time="0" condition="true">Conditional</animation>
												<aspectratio aligny="center">scale</aspectratio>
												<visible>!String.IsEmpty(ListItem.Year)</visible>
											</control>
											<control type="label">
												<left>5</left>
												<top>310</top>
												<width>84</width>
												<height>25</height>
												<textcolor>FFFFFAF0</textcolor>
												<font>Font_14A</font>
												<aligny>center</aligny>
												<align>left</align>
												<label>$INFO[ListItem.Year]</label>
											</control>
											<control type="image">
												<top>10</top>
												<width>224</width>
												<height>325</height>
												<texture>black.png</texture>
												<animation effect="fade" start="100" end="0" time="0" condition="!Control.HasFocus(650)">Conditional</animation>
												<animation effect="fade" end="30" time="0" condition="true">Conditional</animation>
												<aspectratio aligny="center">scale</aspectratio>
											</control>
											<control type="textbox">
												<width>228</width>
												<height>140</height>
												<left>0</left>
												<top>340</top>
												<align>center</align>
												<textcolor>FFFFFAF0</textcolor>
												<font>Font_14A</font>
												<label>$INFO[ListItem.Label][CR][COLOR FF999999]$INFO[ListItem.Property(Job)][/COLOR]</label>
											</control>
										</control>
									</control>
								</itemlayout>
								<focusedlayout height="400" width="270">
									<control type="group">
										<control type="image">
											<top>0</top>
											<left>50</left>
											<width>280</width>
											<height>380</height>
											<texture border="40" colordiffuse="$INFO[Window(home).Property(ImageColor)]">settings_button.png</texture>
										</control>
										<control type="image">
											<top>0</top>
											<left>50</left>
											<width>280</width>
											<height>380</height>
											<texture border="40" colordiffuse="$INFO[Window(home).Property(ImageColor)]">settings_button_focus.png</texture>
											<animation effect="fade" start="0" end="100" time="160">Focus</animation>
											<animation effect="fade" start="0" end="100" time="0">UnFocus</animation>
										</control>
										<control type="group">
											<left>77</left>
											<top>18</top>
											<control type="image">
												<top>10</top>
												<width>224</width>
												<height>325</height>
												<texture background="true" fallback="DefaultVideo.png">$INFO[ListItem.Art(thumb)]</texture>
												<aspectratio aligny="center">scale</aspectratio>
												<fadetime>0</fadetime>
												<visible>String.IsEmpty(ListItem.DBID)</visible>
											</control>
											<control type="image">
												<top>10</top>
												<width>224</width>
												<height>325</height>
												<texture background="true" fallback="DefaultVideo.png">$INFO[ListItem.Art(poster)]</texture>
												<aspectratio aligny="center">scale</aspectratio>
												<fadetime>0</fadetime>
												<visible>!String.IsEmpty(ListItem.DBID)</visible>
											</control>
											<control type="image">
												<width>55</width>
												<height>55</height>
												<top>10</top>
												<left>169</left>
												<texture>flags/local.png</texture>
												<visible>!String.IsEmpty(ListItem.DBID)</visible>
											</control>
											<control type="image">
												<top>310</top>
												<width>84</width>
												<height>25</height>
												<texture>black.png</texture>
												<animation effect="fade" end="60" time="0" condition="true">Conditional</animation>
												<aspectratio aligny="center">scale</aspectratio>
												<visible>!String.IsEmpty(ListItem.Year)</visible>
											</control>
											<control type="label">
												<left>5</left>
												<top>310</top>
												<width>84</width>
												<height>25</height>
												<textcolor>FFFFFAF0</textcolor>
												<font>Font_14A</font>
												<aligny>center</aligny>
												<align>left</align>
												<label>$INFO[ListItem.Year]</label>
											</control>
											<control type="textbox">
												<width>228</width>
												<height>140</height>
												<left>0</left>
												<top>340</top>
												<align>center</align>
												<!-- <textcolor>FFFFFAF0</textcolor> -->
												<font>Font_14A</font>
												<textcolor>FFF0F0F0</textcolor>
												<label>$INFO[ListItem.Label][CR][COLOR FF999999]$INFO[ListItem.Property(Job)][/COLOR]</label>
											</control>
										</control>
									</control>
								</focusedlayout>
							</control>
						</control>
						<control type="group" id="3500">  <!-- Base youtube videos -->
							<visible>Integer.IsGreater(Container(350).NumItems,0)</visible>
							<height>540</height>
							<control type="label">
								<top>6</top>
								<left>25</left>
								<width>500</width>
								<height>25</height>
								<aligny>center</aligny>
								<textcolor>FFFFFAF0</textcolor>
								<font>Font_15</font>
								<label>$ADDON[script.extendedinfo 32118]$INFO[Container(350).NumItems, (,)]</label>
							</control>
							<control type="image">
								<left>0</left>
								<top>150</top>
								<width>28</width>
								<height>28</height>
								<texture colordiffuse="$INFO[Window.Property(ImageColor)]" flipx="true">arrow_right.png</texture>
								<animation effect="slide" start="30,0" end="0,0" time="200">VisibleChange</animation>
								<animation effect="slide" start="-150" end="0" delay="640" time="320" tween="cubic">WindowOpen</animation>
								<visible>Container(350).HasPrevious + Control.HasFocus(350)</visible>
							</control>
							<control type="image">
								<left>1883</left>
								<top>150</top>
								<width>28</width>
								<height>28</height>
								<texture colordiffuse="$INFO[Window.Property(ImageColor)]">arrow_right.png</texture>
								<animation effect="slide" start="-30,0" end="0,0" time="200">VisibleChange</animation>
								<animation effect="slide" start="150" end="0" delay="640" time="320" tween="cubic">WindowOpen</animation>
								<visible>Container(350).HasNext + Control.HasFocus(350)</visible>
							</control>
							<control type="panel" id="350"> <!-- Base youtube videos -->
								<left>-45</left>
								<top>40</top>
								<width>1180</width>
								<height>600</height>  <!-- 700 -->
								<onleft>350</onleft>
								<onright>350</onright>
								<onup>650</onup>
								<ondown>450</ondown>
								<pagecontrol>60</pagecontrol>
								<scrolltime>300</scrolltime>
								<orientation>horizontal</orientation>
								<preloaditems>2</preloaditems>
								<itemlayout height="400" width="380">
									<control type="image">
										<top>0</top>
										<left>50</left>
										<width>373</width>
										<height>260</height>
										<texture border="40" colordiffuse="$INFO[Window(home).Property(ImageColor)]">settings_button.png</texture>
									</control>
									<control type="group">
										<left>77</left>
										<top>18</top>
										<control type="image">
											<top>10</top>
											<width>320</width>
											<height>200</height>
											<texture background="true" fallback="DefaultVideo.png">$INFO[ListItem.Art(thumb)]</texture>
											<aspectratio aligny="center">scale</aspectratio>
											<fadetime>0</fadetime>
										</control>
										<control type="textbox">
											<width>323</width>
											<height>100</height>
											<left>0</left>
											<top>240</top>
											<align>center</align>
											<textcolor>FFFFFAF0</textcolor>
											<font>Font_14A</font>
											<info>ListItem.Label</info>
										</control>
									</control>
								</itemlayout>
								<focusedlayout height="400" width="380">
									<control type="image">
										<top>0</top>
										<left>50</left>
										<width>373</width>
										<height>260</height>
										<texture border="40" colordiffuse="$INFO[Window(home).Property(ImageColor)]">settings_button.png</texture>
									</control>
									<control type="image">
										<top>0</top>
										<left>50</left>
										<width>373</width>
										<animation effect="fade" start="0" end="100" time="160">Focus</animation>
										<animation effect="fade" start="0" end="100" time="0">UnFocus</animation>
										<height>260</height>
										<texture border="40" colordiffuse="$INFO[Window(home).Property(ImageColor)]">settings_button_focus.png</texture>
									</control>
									<control type="group">
										<left>77</left>
										<top>18</top>
										<control type="image">
											<top>10</top>
											<width>320</width>
											<height>200</height>
											<texture background="true" fallback="DefaultVideo.png">$INFO[ListItem.Art(thumb)]</texture>
											<aspectratio aligny="center">scale</aspectratio>
											<fadetime>0</fadetime>
										</control>
										<control type="textbox">
											<width>323</width>
											<height>100</height>
											<left>0</left>
											<top>240</top>
											<align>center</align>
											<!-- <textcolor>FFFFFAF0</textcolor> -->
											<font>Font_14A</font>
											<textcolor>FFF0F0F0</textcolor>
											<info>ListItem.Label</info>
											<autoscroll delay="3000" time="1000" repeat="1000"/>
										</control>
									</control>
								</focusedlayout>
							</control>
						</control>
						<control type="group" id="4500"> <!-- Actors images -->
							<height>540</height>
							<visible>Integer.IsGreater(Container(450).NumItems,0)</visible>
							<control type="label">
								<top>6</top>
								<left>25</left>
								<width>500</width>
								<height>25</height>
								<aligny>center</aligny>
								<textcolor>FFFFFAF0</textcolor>
								<font>Font_15</font>
								<label>$ADDON[script.extendedinfo 32119]$INFO[Container(450).NumItems, (,)]</label>
							</control>
							<control type="image">
								<left>0</left>
								<top>200</top>
								<width>28</width>
								<height>28</height>
								<texture colordiffuse="$INFO[Window.Property(ImageColor)]" flipx="true">arrow_right.png</texture>
								<animation effect="slide" start="30,0" end="0,0" time="200">VisibleChange</animation>
								<animation effect="slide" start="-150" end="0" delay="640" time="320" tween="cubic">WindowOpen</animation>
								<visible>Container(450).HasPrevious + Control.HasFocus(450)</visible>
							</control>
							<control type="image">
								<left>1883</left>
								<top>200</top>
								<width>28</width>
								<height>28</height>
								<texture colordiffuse="$INFO[Window.Property(ImageColor)]">arrow_right.png</texture>
								<animation effect="slide" start="-30,0" end="0,0" time="200">VisibleChange</animation>
								<animation effect="slide" start="150" end="0" delay="640" time="320" tween="cubic">WindowOpen</animation>
								<visible>Container(450).HasNext + Control.HasFocus(450)</visible>
							</control>
							<control type="panel" id="450"> <!-- Actors images -->
								<top>40</top>
								<left>-45</left>
								<width>1180</width>
								<height>600</height>
								<onleft>450</onleft>
								<onright>450</onright>
								<onup>350</onup>
								<ondown>750</ondown>
								<scrolltime>200</scrolltime>
								<orientation>horizontal</orientation>
								<itemlayout height="400" width="270">
									<control type="group">
										<control type="image">
											<top>0</top>
											<left>50</left>
											<width>280</width>
											<height>380</height>
											<texture border="40" colordiffuse="$INFO[Window(home).Property(ImageColor)]">settings_button.png</texture>
										</control>
										<control type="image">
											<left>77</left>
											<top>28</top>
											<width>224</width>
											<height>325</height>
											<texture background="true" fallback="DefaultVideo.png">$INFO[ListItem.Art(thumb)]</texture>
											<aspectratio aligny="center">scale</aspectratio>
											<fadetime>0</fadetime>
										</control>
									</control>
								</itemlayout>
								<focusedlayout height="400" width="270">
									<control type="group">
										<control type="image">
											<top>0</top>
											<left>50</left>
											<width>280</width>
											<height>380</height>
											<texture border="40" colordiffuse="$INFO[Window(home).Property(ImageColor)]">settings_button.png</texture>
										</control>
										<control type="image">
											<top>0</top>
											<left>50</left>
											<width>280</width>
											<height>380</height>
											<texture border="40" colordiffuse="$INFO[Window(home).Property(ImageColor)]">settings_button_focus.png</texture>
											<animation effect="fade" start="0" end="100" time="160">Focus</animation>
											<animation effect="fade" start="0" end="100" time="0">UnFocus</animation>
										</control>
										<control type="group">
											<left>77</left>
											<top>18</top>
											<control type="image">
												<top>10</top>
												<width>224</width>
												<height>325</height>
												<texture background="true" fallback="DefaultVideo.png">$INFO[ListItem.Art(thumb)]</texture>
												<aspectratio aligny="center">scale</aspectratio>
												<fadetime>0</fadetime>
											</control>
										</control>
									</control>
								</focusedlayout>
							</control>
						</control>
						<control type="group" id="7500"> <!-- Actors tagged images (fanart) -->
							<height>540</height>
							<visible>Integer.IsGreater(Container(750).NumItems,0)</visible>
							<control type="label">
								<left>25</left>
								<top>6</top>
								<width>500</width>
								<height>25</height>
								<aligny>center</aligny>
								<textcolor>FFFFFAF0</textcolor>
								<font>Font_15</font>
								<label>$LOCALIZE[20445]$INFO[Container(750).NumItems, (,)]</label>
							</control>
							<control type="image">
								<left>0</left>
								<top>200</top>
								<width>28</width>
								<height>28</height>
								<texture colordiffuse="$INFO[Window.Property(ImageColor)]" flipx="true">arrow_right.png</texture>
								<animation effect="slide" start="30,0" end="0,0" time="200">VisibleChange</animation>
								<animation effect="slide" start="-150" end="0" delay="640" time="320" tween="cubic">WindowOpen</animation>
								<visible>Container(750).HasPrevious + Control.HasFocus(750)</visible>
							</control>
							<control type="image">
								<left>1883</left>
								<top>200</top>
								<width>28</width>
								<height>28</height>
								<texture colordiffuse="$INFO[Window.Property(ImageColor)]">arrow_right.png</texture>
								<animation effect="slide" start="-30,0" end="0,0" time="200">VisibleChange</animation>
								<animation effect="slide" start="150" end="0" delay="640" time="320" tween="cubic">WindowOpen</animation>
								<visible>Container(750).HasNext + Control.HasFocus(750)</visible>
							</control>
							<control type="panel" id="750"> <!-- Actors tagged images (fanart/actor tagged) -->
								<top>40</top>
								<left>-45</left>
								<width>1180</width>
								<height>600</height>
								<onleft>750</onleft>
								<onright>750</onright>
								<onup>450</onup>
								<ondown>SetFocus(20001)</ondown>
								<scrolltime>200</scrolltime>
								<orientation>horizontal</orientation>
								<itemlayout height="400" width="665">
									<control type="group">
										<control type="image">
											<top>0</top>
											<left>50</left>
											<width>560</width>
											<height>380</height>
											<texture border="40" colordiffuse="$INFO[Window(home).Property(ImageColor)]">settings_button.png</texture>
										</control>
										<control type="image">
											<left>77</left>
											<top>28</top>
											<width>505</width>
											<height>325</height>
											<texture background="true" fallback="DefaultVideo.png">$INFO[ListItem.Art(thumb)]</texture>
											<aspectratio aligny="center">scale</aspectratio>
										</control>
										<control type="label">
											<left>77</left>
											<top>365</top>
											<height>60</height>
											<width>505</width>
											<label>$INFO[ListItem.Label]</label>
											<textcolor>FFFFFAF0</textcolor>
											<font>Font_14A</font>
											<align>center</align>
											<aligny>center</aligny>
											<scroll>true</scroll>
										</control>
									</control>
								</itemlayout>
								<focusedlayout height="400" width="665">
									<control type="group">
										<control type="image">
											<top>0</top>
											<left>50</left>
											<width>560</width>
											<height>380</height>
											<texture border="40" colordiffuse="$INFO[Window(home).Property(ImageColor)]">settings_button.png</texture>
										</control>
										<control type="image">
											<top>0</top>
											<left>50</left>
											<width>560</width>
											<height>380</height>
											<texture border="40" colordiffuse="$INFO[Window(home).Property(ImageColor)]">settings_button_focus.png</texture>
											<animation effect="fade" start="0" end="100" time="160">Focus</animation>
											<animation effect="fade" start="0" end="100" time="0">UnFocus</animation>
										</control>
										<control type="image">
											<left>77</left>
											<top>28</top>
											<width>505</width>
											<height>325</height>
											<texture background="true" fallback="DefaultVideo.png">$INFO[ListItem.Art(thumb)]</texture>
											<aspectratio aligny="center">scale</aspectratio>
										</control>
										<control type="label">
											<left>77</left>
											<top>365</top>
											<height>60</height>
											<width>505</width>
											<label>$INFO[ListItem.Label]</label>
											<textcolor>FFFFFAF0</textcolor>
											<font>Font_14A</font>
											<align>center</align>
											<aligny>center</aligny>
											<scroll>true</scroll>
										</control>
									</control>
								</focusedlayout>
							</control>
						</control>
					</control>
				</control>
			</control>
		</control>
	</controls>
</window>
