<?xml version="1.0" encoding="UTF-8"?>
<!-- Aeon MQ 5 -->
<!-- Jarvis 8.1.15 -->
<!-- Krypton 9.1.16/9.1.19/9.2.1 window IDs 2901/9.2.2/9.2.3 -->
<!-- Leia 10.2.8/10.3.0/10.4.0 -->
<!-- Matrix 11.0.1/11.0.2/11.1.1/11.3.0 -->
<!-- Nexus 12.3.0 -->

<window>
	<defaultcontrol always="true">100</defaultcontrol>
	<onunload>Skin.Reset(customosd)</onunload>
	<controls>
		<control type="group">	<!-- Enable/disable OSD menu list content items -->
			<top>0</top>
			<include>Animation_TopPopup</include>
			<visible>Skin.HasSetting(customosd)</visible>
			<include>Dialogs_Bar</include>
			<control type="image">
				<!-- ativado azul -->
				<left>75</left>
				<top>8</top>
				<width>60</width>
				<height>28</height>
				<texture>grey.png</texture>
				<colordiffuse>FF007399</colordiffuse>
			</control>
			<control type="label">
				<left>150</left>
				<top>6</top>
				<width>375</width>
				<align>left</align>
				<font>Font_18A</font>
				<textcolor>FFFFFAF0</textcolor>
				<label>31426</label>
				<scroll>true</scroll>
				<scrollout>false</scrollout>
			</control>
			<control type="image">
				<!-- desativado vermelho -->
				<left>375</left>
				<top>8</top>
				<width>60</width>
				<height>28</height>
				<texture>grey.png</texture>
				<colordiffuse>FFB20000</colordiffuse>
			</control>
			<control type="label">
				<left>450</left>
				<top>6</top>
				<width>375</width>
				<align>left</align>
				<font>Font_18A</font>
				<textcolor>FFFFFAF0</textcolor>
				<label>31427</label>
				<scroll>true</scroll>
				<scrollout>false</scrollout>
			</control>
		</control>
		<control type="group">	<!-- Top title/tag display -->
			<animation effect="slide" time="400" start="0,-375" end="0,0" easing="out" tween="cubic">WindowOpen</animation>
			<animation effect="slide" time="400" start="0,-375" end="0,0" easing="out" tween="cubic">Visible</animation>
			<animation effect="slide" time="400" start="0,0" end="0,-375" easing="in" tween="cubic">WindowClose</animation>
			<animation effect="slide" time="400" start="0,0" end="0,-375" easing="in" tween="cubic">Hidden</animation>
			<visible>![Window.IsVisible(osdvideosettings) | Window.IsVisible(osdaudiosettings) | Window.IsVisible(osdsubtitlesettings) | Window.IsVisible(osdcmssettings) | Window.IsVisible(videobookmarks) | Window.IsActive(fullscreeninfo) | Skin.HasSetting(novideofurnituretemp) | Skin.HasSetting(customosd)]</visible>
			<control type="image">
				<left>0</left>
				<top>0</top>
				<height>450</height>
				<width>1920</width>
				<texture flipy="true">shadow_mask.png</texture>
				<colordiffuse>95000000</colordiffuse>
			</control>
			<control type="label">
				<!-- Title -->
				<left>45</left>
				<top>12</top>
				<width>1650</width>
				<height>60</height>
				<font>Font_40</font>
				<label>$VAR[value_videoosdtitle]</label>
				<textcolor>FFFFFAF0</textcolor>
				<scroll>true</scroll>
				<shadowcolor>grey</shadowcolor>
			</control>
			<control type="label">
				<left>45</left>
				<top>82</top>
				<width>1650</width>
				<height>38</height>
				<font>Font_18A</font>
				<label>$VAR[value_videoosdtag]</label>
				<textcolor>90FFFFFF</textcolor>
				<scroll>true</scroll>
				<shadowcolor>grey</shadowcolor>
			</control>
		</control>
		<control type="group">	<!-- bottom group -->
			<top>780</top>
			<animation type="WindowOpen" reversible="false">
				<effect type="slide" time="400" start="0,300" end="0,0" easing="out" tween="cubic"/>
			</animation>
			<animation type="Visible" reversible="false">
				<effect type="slide" time="400" start="0,300" end="0,0" easing="out" tween="cubic"/>
			</animation>
			<animation type="Conditional" condition="Player.Forwarding | Player.Rewinding | Player.Seeking" reversible="false">
				<effect type="fade" start="99" end="100" time="200"/>
			</animation>
			<animation effect="slide" time="400" start="0,0" end="0,300" easing="in" tween="cubic">WindowClose</animation>
			<animation effect="slide" time="400" start="0,0" end="0,300" easing="in" tween="cubic">Hidden</animation>
			<visible>![Window.IsVisible(osdvideosettings) | Window.IsVisible(osdaudiosettings) | Window.IsVisible(osdsubtitlesettings) | Window.IsVisible(osdcmssettings) | Window.IsVisible(videobookmarks) | Window.IsVisible(sliderdialog) | Skin.HasSetting(novideofurnituretemp)]</visible>
			<!-- Seek Widget + add support for player tempo-->
			<control type="group">	<!-- forwarding/tempo left group -->
				<left>-750</left>
				<top>57</top>
				<width>748</width>
				<height>42</height>
				<animation effect="slide" end="300,0" time="200" condition="Player.Forwarding2x">Conditional</animation>
				<animation effect="slide" end="412,0" time="200" condition="Player.Forwarding4x">Conditional</animation>
				<animation effect="slide" end="525,0" time="200" condition="Player.Forwarding8x">Conditional</animation>
				<animation effect="slide" end="638,0" time="200" condition="Player.Forwarding16x">Conditional</animation>
				<animation effect="slide" end="748,0" time="200" condition="Player.Forwarding32x">Conditional</animation>
				<animation effect="slide" end="308,0" time="200" condition="Player.IsTempo">Conditional</animation>
				<control type="image">
					<left>0</left>
					<top>0</top>
					<width>748</width>
					<height>42</height>
					<texture flipy="true">osd_button_reverse.png</texture>
				</control>
				<control type="label">
					<include>Objects_OSDSeekForward</include>
					<label>$VAR[value_seekforward]</label>
				</control>
			</control>
			<control type="group">	<!-- rewind right group -->
				<left>1920</left>
				<top>57</top>
				<width>748</width>
				<height>42</height>
				<animation effect="slide" end="-300,0" time="200" condition="Player.Rewinding2x">Conditional</animation>
				<animation effect="slide" end="-412,0" time="200" condition="Player.Rewinding4x">Conditional</animation>
				<animation effect="slide" end="-525,0" time="200" condition="Player.Rewinding8x">Conditional</animation>
				<animation effect="slide" end="-638,0" time="200" condition="Player.Rewinding16x">Conditional</animation>
				<animation effect="slide" end="-748,0" time="200" condition="Player.Rewinding32x">Conditional</animation>
				<control type="image">
					<left>0</left>
					<top>0</top>
					<width>748</width>
					<height>42</height>
					<texture flipy="true" flipx="true">osd_button_reverse.png</texture>
				</control>
				<control type="label">
					<include>Objects_OSDSeekReverse</include>
					<label>$VAR[value_seekreverse]</label>
				</control>
			</control>
			<control type="image">
				<!-- Barra de fundo -->
				<left>0</left>
				<top>54</top>
				<width>1920</width>
				<height>45</height>
				<texture>shadow_h.png</texture>
				<colordiffuse>C3FFFFFF</colordiffuse>
			</control>
			<control type="image">
				<left>0</left>
				<top>98</top>
				<height>202</height>
				<width>1920</width>
				<texture>darkgrey.png</texture>
				<colordiffuse>$VAR[value_texturecolor]</colordiffuse>
				<include>Animation_HomeGlass2</include>
			</control>
			<control type="button" id="4205">	<!-- furniture options -->
				<include>InvisibleButton</include>
				<onfocus>SetFocus(100)</onfocus>
				<onfocus condition="String.Contains(skin.string(videofurniture),full)">Skin.SetString(videofurniture,partial)</onfocus>
				<onfocus condition="String.Contains(skin.string(videofurniture),partial)">Skin.SetString(videofurniture,hide)</onfocus>
				<onfocus condition="String.Contains(skin.string(videofurniture),hide)">Skin.SetString(videofurniture,full)</onfocus>
			</control>
			<!-- Menu Content VideoOSD_Content -->
			<include condition="!Skin.HasSetting(videoosdfixedlist)">VideoOSDWrapList</include>
			<include condition="Skin.HasSetting(videoosdfixedlist)">VideoOSDFixedList</include>
			<control type="label">
					<!-- menu icons label -->
					<left>480</left>
					<top>249</top>
					<width>960</width>
					<height>38</height>
					<align>center</align>
					<font>Font_18</font>
					<label>$VAR[value_osdvideo_title]</label>
					<textcolor>FFFFFAF0</textcolor>
				</control>
			<control type="group">	<!-- progress bars seek slider and labels for live tv -->
				<visible>VideoPlayer.Content(liveTV)</visible>
				<control type="group"><!-- dual bar TS + EPG -->
					<visible>Player.SeekEnabled + VideoPlayer.HasEPG</visible>
					<control type="progress"><!-- TS progress top bar -->
						<left>45</left>
						<top>110</top>
						<width>1830</width>
						<height>19</height>
						<info2>PVR.TimeshiftProgressBufferStart</info2>
						<info>PVR.TimeshiftProgressBufferEnd</info>
						<midtexture>progress_mid50.png</midtexture>
					</control>
					<!-- <control type="progress">
						<left>45</left>
						<top>129</top>
						<width>1830</width>
						<height>19</height>
						<info2>PVR.TimeshiftProgressPlayPos</info2>
						<info>PVR.TimeshiftProgressEpgEnd</info>
						<texturebg>progress_mid50.png</texturebg>
					`</control> -->
					<control type="progress"><!-- EPG left side bar -->
						<left>45</left>
						<top>129</top><!-- bottom bar -->
						<width>1830</width>
						<height>19</height>
						<info2>PVR.TimeshiftProgressEpgStart</info2>
						<info>PVR.TimeshiftProgressPlayPos</info>
						<!-- <midtexture>progress_mid50.png</midtexture> -->
						<!-- <texturebg colordiffuse="60FFFFFF">>progress_mid50.png</texturebg> -->
					</control>
					<control type="label">
						<left>135</left>
						<top>116</top>
						<width>1650</width>
						<height>45</height>
						<align>center</align>
						<aligny>center</aligny>
						<font>Font_17A</font>
						<textcolor>FFFFFAF0</textcolor>
						<shadowcolor>grey</shadowcolor>
						<label>[B]$VAR[value_osd_timeduration][/B]</label>
						<visible>!Control.HasFocus(888)</visible>
					</control>
				</control>
				<control type="group"><!--  TS only -->
					<visible>Player.SeekEnabled + !VideoPlayer.HasEPG</visible>
					<control type="progress"><!-- TS progress -->
						<left>45</left>
						<top>110</top><!-- full bar -->
						<width>1830</width>
						<height>38</height>
						<info2>PVR.TimeshiftProgressBufferStart</info2>
						<info>PVR.TimeshiftProgressBufferEnd</info>
						<midtexture>progress_mid50.png</midtexture>
					</control>
				</control>
				<control type="group"><!--  EPG only -->
					<visible>!Player.SeekEnabled + VideoPlayer.HasEPG</visible>
					<control type="progress"><!-- EPG progress -->
						<left>45</left>
						<top>110</top><!-- full bar -->
						<width>1830</width>
						<height>38</height>
						<info>PVR.EPGEventProgress</info>
						<midtexture>progress_mid50.png</midtexture>
					</control>
				</control>
				<control type="slider" id="888">
					<left>58</left>
					<top>112</top>
					<width>1803</width>
					<height>32</height>
					<onup>Dialog.Close(VideoOSD)</onup>
					<ondown>100</ondown>
					<action>PVR.SeekPercentage</action>
					<texturesliderbar>sliderback_large.png</texturesliderbar>
					<textureslidernib/>
					<textureslidernibfocus>progress_mid.png</textureslidernibfocus>
					<animation effect="fade" time="200">VisibleChange</animation>
				</control>
			</control>
			<control type="group">	<!--  cache and progress (!LiveTV) -->
				<visible>!VideoPlayer.Content(liveTV)</visible>
				<control type="progress">
					<left>45</left>
					<top>110</top>
					<width>1830</width>
					<height>38</height>
					<info>Player.ProgressCache</info>
					<midtexture>progress_mid50.png</midtexture>
					<visible>!VideoPlayer.Content(livetv)</visible>
				</control>
				<control type="progress">
					<left>45</left>
					<top>110</top>
					<width>1830</width>
					<height>38</height>
					<info>Player.Progress</info>
					<texturebg>progress_back50.png</texturebg>
					<visible>!VideoPlayer.HasEpg + !Player.ChannelPreviewActive</visible>
				</control>
				<control type="slider" id="888">
					<left>58</left>
					<top>112</top>
					<width>1803</width>
					<height>32</height>
					<onup>Dialog.Close(VideoOSD)</onup>
					<ondown>100</ondown>
					<action>seek</action>
					<texturesliderbar>sliderback_large.png</texturesliderbar>
					<textureslidernib/>
					<textureslidernibfocus>progress_mid.png</textureslidernibfocus>
					<animation effect="fade" time="200">VisibleChange</animation>
				</control>
				<control type="ranges" id="889">
					<left>58</left>
					<top>112</top>
					<width>1803</width>
					<height>45</height>
					<info>Player.Chapters</info>
					<righttexture>progress_mid.png</righttexture>
					<animation effect="fade" time="200">VisibleChange</animation>
				</control>
				<control type="label">
					<left>135</left>
					<top>106</top>
					<width>1650</width>
					<height>45</height>
					<align>center</align>
					<aligny>center</aligny>
					<font>Font_17A</font>
					<textcolor>FFFFFAF0</textcolor>
					<shadowcolor>grey</shadowcolor>
					<label>[B]$VAR[value_osd_timeduration][/B]</label>
					<visible>!Control.HasFocus(888) + !VideoPlayer.Content(liveTV)</visible>
				</control>
			</control>
			<control type="group"><!-- current / finish time labels) -->
				<include>Animation_Fade</include>
				<visible>!Skin.HasSetting(customosd)</visible>
				<control type="label">
					<!-- hora atual -->
					<left>45</left>
					<top>195</top>
					<width>450</width>
					<height>38</height>
					<font>Font_18A</font>
					<textcolor>90FFFFFF</textcolor>
					<label>31310</label>
				</control>
				<control type="label">
					<left>45</left>
					<top>232</top>
					<width>450</width>
					<height>38</height>
					<font>Font_32</font>
					<textcolor>FFFFFAF0</textcolor>
					<label>$INFO[System.Time]</label>
				</control>
				<control type="label"><!-- program or file end time -->
					<left>1425</left>
					<top>195</top>
					<width>450</width>
					<height>38</height>
					<align>right</align>
					<font>Font_18A</font>
					<textcolor>90FFFFFF</textcolor>
					<label>31311</label>
					<visible>!VideoPlayer.Content(LiveTV) | [VideoPlayer.Content(LiveTV) + VideoPlayer.HasEPG]</visible>
				</control>
				<control type="label">
					<left>1425</left>
					<top>232</top>
					<width>450</width>
					<height>38</height>
					<align>right</align>
					<font>Font_32</font>
					<textcolor>FFFFFAF0</textcolor>
					<label>$INFO[Player.FinishTime]</label>
					<visible>!VideoPlayer.Content(LiveTV)</visible>
				</control>
				<control type="label">
					<left>1425</left>
					<top>232</top>
					<width>450</width>
					<height>38</height>
					<align>right</align>
					<font>Font_32</font>
					<textcolor>FFFFFAF0</textcolor>
					<label>$INFO[PVR.EpgEventFinishTime]</label>
					<visible>VideoPlayer.Content(LiveTV) + VideoPlayer.HasEPG</visible>
				</control>
				<control type="label">
					<left>970</left>
					<top>232</top>
					<width>450</width>
					<height>38</height>
					<align>right</align>
					<font>Font_32</font>
					<textcolor>FFFFFAF0</textcolor>
					<label>$LOCALIZE[31680]</label>
					<visible>PVR.IsTimeshift</visible>
				</control>
			</control>
			<control type="image">
				<left>0</left>
				<top>172</top>
				<height>135</height>
				<width>1920</width>
				<texture>gradient_small.png</texture>
			</control>
			<control type="image">
				<left>0</left>
				<top>98</top>
				<height>195</height>
				<width>1920</width>
				<colordiffuse>99FFFFFF</colordiffuse>
				<texture>osd_glass.png</texture>
			</control>
		</control>
		<include>BGBlack</include>
	</controls>
</window>
