<?xml version="1.0" encoding="UTF-8"?>
<!-- Aeon MQ 5 Isengard 7.1.10 -->
<!-- Krypton 9.1.16/9.1.19/9.2.1 window IDs 2005/9.2.2 -->
<!-- Leia 10.3.0/10.5.0 -->
<window>
	<controls>
		<control type="group" id="1">
			<left>0</left>
			<top>0</top>
			<width>1920</width>
			<height>240</height>
			<animation effect="slide" time="400" start="0,-255" end="0,0" easing="out" tween="cubic">Visible</animation>
			<animation effect="slide" time="400" start="0,0" end="0,-255" easing="in" tween="cubic">Hidden</animation>
			<visible>String.IsEmpty(Player.SeekNumeric) + ![ Window.IsVisible(seekbar) | Window.IsVisible(osdvideosettings) | Window.IsVisible(osdaudiosettings) | Window.IsActive(fullscreeninfo) | Window.IsActive(videoosd) | Skin.HasSetting(customosd)]</visible>
			<control type="image">
				<left>0</left>
				<top>0</top>
				<height>240</height>
				<width>1920</width>
				<texture flipy="true">shadow_mask.png</texture>
				<colordiffuse>75000000</colordiffuse>
			</control>
			<control type="label" id="10">
				<left>45</left>
				<top>15</top>
				<width>1875</width>
				<height>30</height>
				<align>left</align>
				<aligny>center</aligny>
				<font>Font_18</font>
				<label></label>
			</control>
			<control type="label" id="11">
				<left>45</left>
				<top>60</top>
				<width>1875</width>
				<height>30</height>
				<align>left</align>
				<aligny>center</aligny>
				<font>Font_18</font>
				<label></label>
			</control>
			<control type="label" id="12">
				<left>45</left>
				<top>105</top>
				<width>1875</width>
				<height>30</height>
				<align>left</align>
				<aligny>center</aligny>
				<font>Font_18</font>
				<label></label>
			</control>
		</control>
		<control type="group" id="2">
			<left>0</left>
			<top>0</top>
			<width>1920</width>
			<height>240</height>
			<animation effect="slide" time="400" start="0,-255" end="0,0" easing="out" tween="cubic">Visible</animation>
			<animation effect="slide" time="400" start="0,0" end="0,-255" easing="in" tween="cubic">Hidden</animation>
			<visible>![String.IsEmpty(Player.SeekNumeric) + String.IsEmpty(PVR.ChannelNumberInput)] + ![ Window.IsVisible(seekbar) | Window.IsVisible(osdvideosettings) | Window.IsVisible(osdaudiosettings) | Window.IsActive(videoosd) | Skin.HasSetting(customosd)]</visible>
			<control type="image">
				<left>0</left>
				<top>0</top>
				<height>240</height>
				<width>1920</width>
				<texture flipy="true">shadow_mask.png</texture>
				<colordiffuse>75000000</colordiffuse>
			</control>
			<control type="label" id="1">
				<left>45</left>
				<top>150</top>
				<width>1875</width>
				<height>50</height>
				<align>left</align>
				<aligny>center</aligny>
				<font>Font_23</font>
				<label>$LOCALIZE[13386] (hh:mm:ss)</label>
				<visible>!String.IsEmpty(Player.SeekNumeric)</visible>
			</control>
			<control type="label" id="1">
				<left>45</left>
				<top>150</top>
				<width>1875</width>
				<height>50</height>
				<align>left</align>
				<aligny>center</aligny>
				<font>Font_23</font>
				<label>$LOCALIZE[19204]</label>
				<visible>!String.IsEmpty(PVR.ChannelNumberInput)</visible>
			</control>
			<control type="label" id="1">
				<left>45</left>
				<top>205</top>
				<width>1875</width>
				<height>30</height>
				<align>left</align>
				<aligny>center</aligny>
				<font>Font_23</font>
				<label>$INFO[Player.SeekNumeric]</label>
				<visible>!String.IsEmpty(Player.SeekNumeric)</visible>
			</control>
			<control type="label" id="1">
				<left>45</left>
				<top>205</top>
				<width>1875</width>
				<height>30</height>
				<align>left</align>
				<aligny>center</aligny>
				<font>Font_23</font>
				<label>$INFO[PVR.ChannelNumberInput]</label>
				<visible>!String.IsEmpty(PVR.ChannelNumberInput)</visible>
			</control>
		</control>
		<!-- Buffering Dialog -->
		<control type="label" id="24">
			<description>buffering label</description>
			<label>$LOCALIZE[15107] $INFO[Player.CacheLevel]%</label>
			<left>748</left>
			<top>495</top>
			<width>422</width>
			<height>27</height>
			<aligny>center</aligny>
			<align>center</align>
			<font>Font_23</font>
			<textcolor>80FFFAF0</textcolor>
			<include>Animation_Fade</include>
			<visible>Player.Caching</visible>
		</control>
	</controls>
</window>
