<?xml version="1.0" encoding="UTF-8"?>
<!-- Aeon MQ 5 Helix 6.1.0  -->
<!-- Isengard 7.1.11/7.1.12 -->
<!-- Jarvis 8.1.13/8.1.14 -->
<!-- Krypton 9.1.16/9.1.17/9.1.19/9.2.1 window IDs-->
<!-- Leia 1`0.2.5/10.3.0/10.4.0/10.5.0/10.5.1/10.5.2/10.6.1/10.6.2 -->
<!-- Matrix 11.1.1/11.2.0 -->
<!-- Nexus 2.3.0 -->
<!-- Omega 13.7.0 -->
<includes>
	<!--##################################################################################   VISTA LOW LIST - ID 70   ##################################################################################-->
	<!-- Flags bar inherited from MyMusicNav -->
	<!-- ##########           INCLUDES USED LATER IN THIS FILE              ########## -->
	<include name="MidListDisc">
		<description>USED FOR DISC COLLECTION DISPLAY (ADJUST DISC SIZE HERE)</description>
		<width>375</width>
		<height>375</height>
		<fadetime>FanartCrossFadeTime</fadetime>
		<aspectratio align="center" aligny="center">keep</aspectratio>
		<animation effect="rotate" start="0" end="-360" center="auto" time="40000" delay="5000" loop="true" reversible="false" condition="!Player.HasVideo">Conditional</animation>
		<include>Animation_ViewsCDart</include>
	</include>
	<include name="MidListMiniDisc">
		<description>USED FOR DISC COLLECTION MINI DISC DISPLAY (ADJUST DISC SIZE HERE)</description>
		<width>90</width>
		<height>90</height>
		<fadetime>FanartCrossFadeTime</fadetime>
		<aspectratio align="center" aligny="center">keep</aspectratio>
		<animation effect="rotate" start="0" end="-360" center="auto" time="40000" delay="5000" loop="true" reversible="false" condition="!Player.HasVideo">Conditional</animation>
		<include>Animation_ViewsCDart</include>
	</include>
	<include name="MidListInfoTitle">
		<left>0</left>
		<height>33</height>
		<width>150</width>
		<font>Font_17A</font>
		<aligny>center</aligny>
		<align>left</align>
		<textcolor>$VAR[value_headercolor]</textcolor>
		<textoffsetx>0</textoffsetx>
		<textoffsety>0</textoffsety>
	</include>
	<include name="MidListInfo">
		<left>-280</left>
		<height>33</height>
		<width>280</width>
		<font>Font_17A</font>
		<aligny>center</aligny>
		<align>right</align>
		<textcolor>FFFFFFFF</textcolor>
		<textoffsetx>0</textoffsetx>
		<textoffsety>0</textoffsety>
		<scroll>true</scroll>
		<scrollspeed>30</scrollspeed>
	</include>
	<!-- ##########       END INCLUDES USED LATER IN THIS FILE       ########## -->
	<include name="ViewMidList">
		<control type="group">
			<!-- default group Note:  all views are in Posy 45 scope -->
			<animation effect="fade" time="400">VisibleChange</animation>
			<visible>Control.IsVisible(70)</visible>
			<control type="button" id="9915">
				<include>InvisibleButton</include>
				<onup>70</onup>
				<ondown>70</ondown>
				<onleft>9920</onleft>
				<onright>70</onright>
			</control>
			<control type="image">
				<left>45</left>
				<top>21</top>
				<width>1826</width>
				<height>58</height>
				<texture>black.png</texture>
				<colordiffuse>00000000</colordiffuse>
			</control>
			<!-- ##########       BACKGROUND SHADING AND BEVELS       ########## -->
			<control type="image">
				<description>SHADING OF ENTIRE WINDOW (EXCEPT FOOTER ICONS)</description>
				<left>0</left>
				<top>-45</top>
				<width>1920</width>
				<height>1020</height>
				<texture>darkgrey.png</texture>
				<colordiffuse>C3DDDDDD</colordiffuse>
				<animation effect="fade" end="85" condition="true">Conditional</animation>
			</control>
			<control type="image">
				<description>GRADIENT ABOVE ENTIRE WINDOW</description>
				<left>0</left>
				<top>-45</top>
				<width>1920</width>
				<height>120</height>
				<texture flipy="true">gradient_small.png</texture>
				<colordiffuse>E9FFFFFF</colordiffuse>
				<include>Animation_Fade</include>
			</control>
			<control type="image">
				<description>SHADOW/BEVEL ALONG BOTTOM</description>
				<left>0</left>
				<top>933</top>
				<width>1928</width>
				<height>45</height>
				<texture>shadow_h.png</texture>
				<colordiffuse>C3FFFFFF</colordiffuse>
				<include>Animation_Fade</include>
			</control>
			<control type="image">
				<description>DARKER SHADOW BEHIND ITEM LIST</description>
				<left>465</left>
				<top>198</top>
				<width>900</width>
				<height>555</height>
				<texture>darkgrey.png</texture>
				<colordiffuse>C3DDDDDD</colordiffuse>
				<animation effect="fade" end="85" condition="true">Conditional</animation>
			</control>
			<control type="image">
				<description>SHADOW/BEVEL ALONG TOP OF LIST ITEMS</description>
				<left>465</left>
				<top>198</top>
				<width>900</width>
				<height>45</height>
				<texture flipy="true">shadow_h.png</texture>
				<colordiffuse>C3FFFFFF</colordiffuse>
				<include>Animation_Fade</include>
			</control>
			<control type="image">
				<description>SHADOW/BEVEL ALONG BOTTOM OF LIST ITEMS</description>
				<left>465</left>
				<top>708</top>
				<width>900</width>
				<height>45</height>
				<texture>shadow_h.png</texture>
				<colordiffuse>C3FFFFFF</colordiffuse>
				<include>Animation_Fade</include>
			</control>
			<control type="image">
				<description>SEPERATING SHADOW IMAGE TO LEFT OF ITEM LIST (LEFT COLUMN)</description>
				<left>465</left>
				<top>198</top>
				<width>45</width>
				<height>555</height>
				<texture>shadow.png</texture>
				<colordiffuse>C3FFFFFF</colordiffuse>
			</control>
			<control type="image">
				<description>SEPERATING SHADOW IMAGE TO RIGHT OF ITEM LIST (RIGHT COLUMN)</description>
				<left>1320</left>
				<top>198</top>
				<width>45</width>
				<height>555</height>
				<texture flipx="true">shadow.png</texture>
				<colordiffuse>C3FFFFFF</colordiffuse>
			</control>
			<!-- ##########        END BACKGROUND SHADING AND BEVELS         ########## -->
			<!-- ##########         INFO PANEL SLIDE OUT (RIGHT COLUMN)          ########## -->
			<control type="group">
				<animation effect="slide" time="500" start="0,600" end="0,0" tween="cubic" easing="out">WindowOpen</animation>
				<animation effect="slide" time="500" start="0,600" end="0,0" tween="cubic" easing="out">Visible</animation>
				<animation effect="fade" time="200" start="100" end="0">Hidden</animation>
				<control type="group">  <!-- MUSIC ClearLogo normally on right slide left when showing bio -->
					<animation effect="slide" time="600" start="0,0" end="-600,0" tween="cubic" easing="inout" condition="[Control.HasFocus(9915) | Window.IsActive(videos) + Skin.HasSetting(midlistplotvideo) | [Window.IsActive(musicplaylist) | Window.IsActive(music)] + Skin.HasSetting(midlistplotaudio)] + !String.IsEmpty(Control.GetLabel(7011))">Conditional</animation>
					<animation effect="slide" time="400" start="-600,0" end="0,0" tween="cubic" easing="inout">Hidden</animation>
					<control type="image">
						<description>MUSIC CLEARLOGO - listitem</description>
						<left>1440</left>
						<top>750</top>
						<width>450</width>
						<height>195</height>
						<texture background="true" fallback="transparent.png">$INFO[ListItem.Art(artist.clearlogo)]</texture>
						<aspectratio align="right" aligny="bottom">keep</aspectratio>
						<fadetime>FanartCrossFadeTime</fadetime>
						<visible>[Window.IsVisible(music) | [Window.IsVisible(musicplaylist) + !Player.HasAudio]] + [String.IsEqual(ListItem.DBType,album) | String.IsEqual(ListItem.DBType,song)]</visible>
					</control>
					<control type="image">
						<description>MUSIC CLEARLOGO - listitem</description>
						<left>1440</left>
						<top>750</top>
						<width>450</width>
						<height>195</height>
						<texture background="true" fallback="transparent.png">$INFO[ListItem.Art(clearlogo)]</texture>
						<aspectratio align="right" aligny="bottom">keep</aspectratio>
						<fadetime>FanartCrossFadeTime</fadetime>
						<visible>[Window.IsVisible(music) | [Window.IsVisible(musicplaylist) + !Player.HasAudio]] + String.IsEqual(ListItem.DBType,artist)</visible>
					</control>
					<control type="image">
						<description>MUSIC CLEARLOGO - music player and video player</description>
						<left>1440</left>
						<top>750</top>
						<width>450</width>
						<height>195</height>
						<texture background="true" fallback="transparent.png">$INFO[Player.Art(artist.clearlogo)]</texture>
						<aspectratio align="right" aligny="bottom">keep</aspectratio>
						<fadetime>FanartCrossFadeTime</fadetime>
						<visible>[Window.IsVisible(musicplaylist) + Player.HasAudio] | [Window.IsVisible(videoplaylist) + Player.HasAudio]</visible>
					</control>
				</control>
				<control type="group">  <!-- MUSIC and VIDEO text data slide out  -->
					<description>INFO PANEL SLIDE OUT (also viz when midlistplot always enabled in top menu) only show if data exist (7011)</description>
					<animation effect="slide" time="600" start="555,0" end="0,0" tween="cubic" easing="inout">Visible</animation>
					<animation effect="slide" time="400" start="0,0" end="555,0" tween="cubic" easing="inout">Hidden</animation>
					<visible>Control.HasFocus(9915) | [Window.IsActive(videos) | Window.IsActive(videoplaylist)] + Skin.HasSetting(midlistplotvideo) + !String.IsEmpty(Control.GetLabel(7011)) | [Window.IsActive(musicplaylist) | Window.IsActive(music)] + Skin.HasSetting(midlistplotaudio) + !String.IsEmpty(Control.GetLabel(7011))</visible>
					<control type="image">
						<description>INFO PANEL SHADOW/BEVEL EFFECT</description>
						<left>1401</left>
						<top>-105</top>
						<width>45</width>
						<height>1080</height>
						<texture>shadow.png</texture>
						<colordiffuse>C3DDDDDD</colordiffuse>
					</control>
					<control type="image">
						<description>INFO PANEL BACKGROUND SHADING</description>
						<left>1402</left>
						<top>-105</top>
						<width>518</width>
						<height>1080</height>
						<texture>darkgrey.png</texture>
						<colordiffuse>C3BBBBBB</colordiffuse>
						<animation effect="fade" end="85" condition="true">Conditional</animation>
						<include>Animation_Fade</include>
					</control>
					<control type="label">
						<description>INFO PANEL PLOT TITLE (listitem movie tv show season episode set)</description>
						<left>1432</left>
						<top>15</top>
						<height>33</height>
						<width>232</width>
						<font>Font_17A</font>
						<textcolor>$VAR[value_headercolor]</textcolor>
						<label>$LOCALIZE[207]</label>
						<visible>[Window.IsVisible(videos) | [Window.IsVisible(videoplaylist ) + !Player.HasVideo]] + [String.IsEqual(ListItem.DBType,movie) | String.IsEqual(ListItem.DBType,tvshow) | String.IsEqual(ListItem.DBType,season) | String.IsEqual(ListItem.DBType,episode) | String.IsEqual(ListItem.DBType,set) | [Container.Content(episodes) + !String.IsEmpty(ListItem.Plot)]]</visible>
					</control>
					<control type="label">
						<description>INFO PANEL PLOT TITLE (now playing movie or episode)</description>
						<left>1432</left>
						<top>-20</top>
						<height>66</height>
						<width>440</width>
						<font>Font_17A</font>
						<textcolor>$VAR[value_headercolor]</textcolor>
						<label>[UPPERCASE]$LOCALIZE[31582][/UPPERCASE] $INFO[Videoplayer.Title][CR]$LOCALIZE[207]</label>
						<visible>[Window.IsVisible(videoplaylist )+ Player.HasVideo] + [VideoPlayer.Content(movies) | VideoPlayer.Content(episodes) | [VideoPlayer.Content(files) + !String.IsEmpty(VideoPlayer.Plot)]]</visible>
					</control>
					<control type="label">
						<description>INFO PANEL ARTIST BIO TITLE (listitem)</description>
						<left>1432</left>
						<top>15</top>
						<height>33</height>
						<width>232</width>
						<font>Font_17A</font>
						<textcolor>$VAR[value_headercolor]</textcolor>
						<label>$LOCALIZE[21887]</label>
						<visible>String.IsEqual(ListItem.DBType,artist) | String.IsEqual(ListItem.DBType,actor)</visible>
					</control>
					<control type="label">
						<description>INFO PANEL REVIEW TITLE - listitem mv album song</description>
						<left>1432</left>
						<top>8</top>
						<height>33</height>
						<width>232</width>
						<font>Font_17A</font>
						<textcolor>$VAR[value_headercolor]</textcolor>
						<label>[CAPITALIZE][LOWERCASE]$LOCALIZE[31753][/LOWERCASE][/CAPITALIZE]</label>
						<visible>[String.IsEqual(ListItem.DBType,song) | String.IsEqual(ListItem.DBType,musicvideo) | String.IsEqual(ListItem.DBType,album)] + [Window.IsVisible(music) | Window.IsVisible(videos) | [Window.IsVisible(musicplaylist) + !Player.HasAudio] | [Window.IsVisible(videoplaylist) + !Player.HasVideo]]</visible>
					</control>
					<control type="label">
						<description>INFO PANEL NOW PLAYING REVIEW TITLE - music player/video player</description>
						<left>1432</left>
						<top>-20</top>
						<height>66</height>
						<width>440</width>
						<aligny>center</aligny>
						<font>Font_17A</font>
						<textcolor>$VAR[value_headercolor]</textcolor>
						<label>[UPPERCASE]$LOCALIZE[31582][/UPPERCASE] $INFO[Videoplayer.Title][CR][CAPITALIZE][LOWERCASE]$LOCALIZE[31753][/LOWERCASE][/CAPITALIZE]</label>
						<visible>[Window.IsVisible(musicplaylist) + Player.HasAudio] | [[Window.IsVisible(videoplaylist) | Window.IsVisible(musicplaylist)] + Player.HasVideo + VideoPlayer.Content(musicvideos)]</visible>
					</control>
					<control type="image">
						<description>LINE ABOVE PLOT DISPLAY</description>
						<left>1418</left>
						<top>56</top>
						<width>488</width>
						<height>1</height>
						<texture>line.png</texture>
					</control>
					<control type="textbox">
						<description>INFO PANEL PLOT DISPLAY</description>
						<left>1432</left>
						<top>75</top>
						<width>458</width>
						<height>195</height>
						<align>left</align>
						<font>Font_17A</font>
						<label>$VAR[value_plot]</label>
						<autoscroll delay="15000" time="3000" repeat="15000"></autoscroll>
					</control>
					<control type="image">
						<description>LINE BELOW PLOT DISPLAY</description>
						<left>1418</left>
						<top>273</top>
						<width>488</width>
						<height>1</height>
						<texture>line.png</texture>
					</control>
				</control>
			</control>
			<!-- ##########         END INFO PANEL SLIDE OUT (RIGHT COLUMN)          ########## -->
			<!-- ##########          CLEARART/FANART DISPLAY (RIGHT COLUMN DEFAULT - not genre or files)          ########## -->
			<control type="group">
				<description>CLEARART/FANART GROUP</description>
				<animation effect="slide" time="600" start="555,0" end="0,0" tween="cubic" easing="inout">Visible</animation>
				<animation effect="slide" time="400" start="0,0" end="555,0" tween="cubic" easing="inout">Hidden</animation>
				<visible>!Control.HasFocus(9915) + ![Container.content(genres) | Container.Content(roles) | Container.Content(sources)]</visible>
				<control type="image">
					<description>CLEARART DISPLAY VIDEO 1000x562 / 500x281 - listitem</description>
					<left>1402</left>
					<top>13</top>
					<width>480</width>
					<height>270</height>
					<texture background="true">$INFO[ListItem.Art(clearart)]</texture>
					<aspectratio align="center" aligny="bottom">keep</aspectratio>
					<fadetime>FanartCrossFadeTime</fadetime>
					<visible>!Skin.HasSetting(noartmidlistvideo) + [[Window.IsActive(videos) | [Window.IsActive(videoplaylist) + !Player.HasVideo]] + !Skin.HasSetting(midlistplotvideo)]</visible>
				</control>
				<control type="image">
					<description>CLEARART DISPLAY MUSIC - listitem</description>
					<left>1483</left>
					<top>92</top>
					<width>310</width>
					<height>195</height>
					<texture background="true">$INFO[ListItem.Art(clearart)]</texture>
					<aspectratio align="center" aligny="bottom">keep</aspectratio>
					<fadetime>FanartCrossFadeTime</fadetime>
					<visible>[Window.IsActive(music) | [Window.IsActive(musicplaylist) + !Player.HasAudio]] + !Skin.HasSetting(midlistplotaudio)</visible>
				</control>
				<control type="image">
					<description>CLEARART DISPLAY MUSIC - player</description>
					<left>1483</left>
					<top>92</top>
					<width>310</width>
					<height>195</height>
					<texture background="true">$INFO[Player.Art(artist.clearart)]</texture>
					<aspectratio align="center" aligny="bottom">keep</aspectratio>
					<fadetime>FanartCrossFadeTime</fadetime>
					<visible>!Skin.HasSetting(midlistplotaudio) + [[Window.IsActive(musicplaylist) + Player.HasAudio] | [Window.IsActive(videoplaylist) + Player.HasVideo + VideoPlayer.Content(musicvideos)]]</visible>
				</control>
				<control type="image">
					<description>CLEARART DISPLAY FOR TV SEASONS</description>
					<left>1402</left>
					<top>13</top>
					<width>480</width>
					<height>270</height>
					<texture background="true">$INFO[ListItem.Art(tvshow.clearart)]</texture>
					<aspectratio align="center" aligny="bottom">keep</aspectratio>
					<fadetime>FanartCrossFadeTime</fadetime>
					<visible>!Skin.HasSetting(noartmidlistvideo) + [[Window.IsActive(videos) | Window.IsActive(videoplaylist)] + !Skin.HasSetting(midlistplotvideo)]</visible>
				</control>
				<control type="image">
					<description>MOVIE  THUMB(LANDSCAPE) IF NO CLEAR ART 1000x562</description>
					<left>1402</left>
					<top>13</top>
					<width>480</width>
					<height>270</height>
					<aspectratio align="center" aligny="center">keep</aspectratio>
					<animation effect="rotate" end="-15" center="auto" time="3000" loop="false" reversible="false" condition="true">Conditional</animation>
					<texture>$INFO[ListItem.Art(landscape)]</texture>
					<visible>[String.IsEmpty(ListItem.Art(clearart)) + String.IsEqual(ListItem.DBType,movie) + !Skin.HasSetting(noartmidlistvideo)]  + [[Window.IsActive(videos) | Window.IsActive(videoplaylist)] + !Skin.HasSetting(midlistplotvideo)]</visible>
				</control>
				<control type="image">
					<description>FANART WINDOW BACKGROUND 16:9</description>
					<left>1402</left>
					<top>288</top>
					<width>480</width>
					<height>270</height>
					<texture>darkgrey.png</texture>					
					<aspectratio>stretch</aspectratio>
				</control>
				<control type="image">
					<description>FANART WINDOW DEFAULT</description>
					<left>1402</left>
					<top>288</top>
					<width>480</width>
					<height>270</height>
					<aspectratio>stretch</aspectratio>
					<bordertexture border="5">banner_glass.png</bordertexture>
					<texture background="true">$INFO[ListItem.Art(fanart)]</texture>
					<bordersize>2</bordersize>
					<fadetime>FanartCrossFadeTime</fadetime>
				</control>
				<control type="image">
					<description>FANART WINDOW EPISODE/MV in music THUMB</description>
					<left>1402</left>
					<top>288</top>
					<width>480</width>
					<height>270</height>
					<aspectratio>stretch</aspectratio>
					<bordertexture border="5">banner_glass.png</bordertexture>
					<texture background="true">$INFO[ListItem.Art(thumb)]</texture>
					<bordersize>2</bordersize>
					<visible>String.IsEqual(ListItem.DBType,episode) | [String.IsEqual(ListItem.DBType,musicvideo) + [Window.IsVisible(music) | Window.IsVisible(musicplaylist)]]</visible>
				</control>
				<control type="multiimage">
					<description>FANART WINDOW EXTRA CROSSFADE - video listitem extrafanart</description>
					<left>1407</left>
					<top>291</top>
					<width>471</width>
					<height>264</height>
					<aspectratio>stretch</aspectratio>
					<imagepath background="true">$INFO[ListItem.Path,,extrafanart/]</imagepath>
					<timeperimage>5000</timeperimage>
					<fadetime>2000</fadetime>
					<randomize>true</randomize>
					<loop>yes</loop>
					<visible>String.IsEqual(ListItem.DBType,movie) + String.Contains(skin.string(moviesfanart),extra) + ![Window.IsVisible(videoplaylist) + Player.HasVideo] |
					String.IsEqual(ListItem.DBType,tvshow) + String.Contains(skin.string(tvshowsfanart),extra) + ![Window.IsVisible(videoplaylist) + Player.HasVideo] |
					String.IsEqual(ListItem.DBType,season) + String.Contains(skin.string(seasonsfanart),extra) + ![Window.IsVisible(videoplaylist) + Player.HasVideo] |
					String.IsEqual(ListItem.DBType,episode) + String.Contains(skin.string(episodesfanart),extra) + ![Window.IsVisible(videoplaylist) + Player.HasVideo] |
					String.IsEqual(ListItem.DBType,musicvideo) + String.Contains(skin.string(musicvideosfanart),extra) + ![Window.IsVisible(videoplaylist) + Player.HasVideo]</visible>
					<visible>Skin.HasSetting(use_folderarts)</visible>
				</control>
				<control type="multiimage">
					<description>FANART WINDOW EXTRA CROSSFADE - video listitem fanart[nn]</description>
					<left>1407</left>
					<top>291</top>
					<width>471</width>
					<height>264</height>
					<aspectratio>stretch</aspectratio>
					<imagepath background="true">$INFO[Control.GetLabel(5053)]</imagepath>
					<timeperimage>5000</timeperimage>
					<fadetime>2000</fadetime>
					<randomize>true</randomize>
					<loop>yes</loop>
					<visible>String.IsEqual(ListItem.DBType,movie) + String.Contains(skin.string(moviesfanart),extra) + ![Window.IsVisible(videoplaylist) + Player.HasVideo] |
					String.IsEqual(ListItem.DBType,tvshow) + String.Contains(skin.string(tvshowsfanart),extra) + ![Window.IsVisible(videoplaylist) + Player.HasVideo] |
					String.IsEqual(ListItem.DBType,season) + String.Contains(skin.string(seasonsfanart),extra) + ![Window.IsVisible(videoplaylist) + Player.HasVideo] |
					String.IsEqual(ListItem.DBType,episode) + String.Contains(skin.string(episodesfanart),extra) + ![Window.IsVisible(videoplaylist) + Player.HasVideo] |
					String.IsEqual(ListItem.DBType,musicvideo) + String.Contains(skin.string(musicvideosfanart),extra) + ![Window.IsVisible(videoplaylist) + Player.HasVideo]</visible>
					<visible>!Skin.HasSetting(use_folderarts)</visible>
				</control>
				<control type="multiimage">
					<description>FANART WINDOW EXTRA CROSSFADE - listitem song extrafanart</description>
					<left>1407</left>
					<top>291</top>
					<width>471</width>
					<height>264</height>
					<aspectratio>stretch</aspectratio>
					<imagepath background="true">$INFO[ListItem.Path,,../extrafanart/]</imagepath>
					<timeperimage>5000</timeperimage>
					<fadetime>2000</fadetime>
					<randomize>true</randomize>
					<loop>yes</loop>
					<visible>String.Contains(skin.string(musicfanart),extra) + [String.IsEqual(ListItem.DBType,song) + [Window.IsVisible(music) | [Window.IsVisible(musicplaylist) + !Player.HasAudio]]] + Skin.HasSetting(use_folderarts)</visible>
				</control>
				<control type="multiimage">
					<description>FANART WINDOW EXTRA CROSSFADE - listitem song fanart[nn]</description>
					<left>1407</left>
					<top>291</top>
					<width>471</width>
					<height>264</height>
					<aspectratio>stretch</aspectratio>
					<imagepath background="true">$INFO[Control.GetLabel(5056)]</imagepath>
					<timeperimage>5000</timeperimage>
					<fadetime>2000</fadetime>
					<randomize>true</randomize>
					<loop>yes</loop>
					<visible>String.Contains(skin.string(musicfanart),extra) + [String.IsEqual(ListItem.DBType,song) + [Window.IsVisible(music) | [Window.IsVisible(musicplaylist) + !Player.HasAudio]]] + !Skin.HasSetting(use_folderarts)</visible>
				</control>
				<control type="multiimage">
					<description>FANART WINDOW EXTRA CROSSFADE - music/video player extrafanart</description>
					<left>1407</left>
					<top>291</top>
					<width>471</width>
					<height>264</height>
					<aspectratio>stretch</aspectratio>
					<imagepath background="true">$INFO[Player.FolderPath,,extrafanart/]</imagepath>
					<timeperimage>5000</timeperimage>
					<fadetime>2000</fadetime>
					<randomize>true</randomize>
					<loop>yes</loop>
					<visible>String.Contains(skin.string(musicfanart),extra) + Skin.HasSetting(use_folderarts)</visible>
					<visible>Window.IsVisible(musicplaylist) + [Player.HasAudio + !PVR.IsPlayingRadio | [Player.HasVideo + VideoPlayer.Content(musicvideos)]] | 
					[Window.IsVisible(videoplaylist) + Player.HasVideo]</visible>
				</control>
				<control type="multiimage">
					<description>FANART WINDOW EXTRA CROSSFADE - music/video player fanart[nn]</description>
					<left>1407</left>
					<top>291</top>
					<width>471</width>
					<height>264</height>
					<aspectratio>stretch</aspectratio>
					<imagepath background="true">$INFO[Control.GetLabel(5056)]</imagepath>
					<timeperimage>5000</timeperimage>
					<fadetime>2000</fadetime>
					<randomize>true</randomize>
					<loop>yes</loop>
					<visible>String.Contains(skin.string(musicfanart),extra) + !Skin.HasSetting(use_folderarts)</visible>
					<visible>Window.IsVisible(musicplaylist) + [Player.HasAudio + !PVR.IsPlayingRadio | [Player.HasVideo + VideoPlayer.Content(musicvideos)]] | 
					[Window.IsVisible(videoplaylist) + Player.HasVideo]</visible>
				</control>
				<control type="multiimage">
					<description>FANART WINDOW EXTRA CROSSFADE - custom music artist or song - listitem extrafanart</description>
					<left>1407</left>
					<top>291</top>
					<width>471</width>
					<height>264</height>
					<aspectratio>stretch</aspectratio>
					<imagepath background="true">$INFO[Skin.String(CustomMusicLogoPath)]$INFO[ListItem.Artist,,/extrafanart/]</imagepath>
					<timeperimage>5000</timeperimage>
					<fadetime>2000</fadetime>
					<randomize>true</randomize>
					<loop>yes</loop>
					<visible>String.IsEqual(ListItem.DBType,artist) | String.IsEqual(ListItem.DBType,song)</visible>
					<visible>Window.IsVisible(music) | [Window.IsVisible(musicplaylist) + !Player.HasAudio]</visible>
					<visible>String.Contains(skin.string(musicfanart),extra) + Skin.HasSetting(musiclogo) + !String.IsEmpty(Skin.String(CustomMusicLogoPath)) + Skin.HaSetting(use_folderarts)</visible>
				</control>
				<control type="multiimage">
					<description>FANART WINDOW EXTRA CROSSFADE - custom music player extrafanart</description>
					<left>1407</left>
					<top>291</top>
					<width>471</width>
					<height>264</height>
					<aspectratio>stretch</aspectratio>
					<imagepath background="true">$INFO[Skin.String(CustomMusicLogoPath)]$INFO[MusicPlayer.Artist,,/extrafanart/]</imagepath>
					<timeperimage>5000</timeperimage>
					<fadetime>2000</fadetime>
					<randomize>true</randomize>
					<loop>yes</loop>
					<visible>Window.IsVisible(musicplaylist) + Player.HasAudio + !PVR.IsPlayingRadio + Skin.HasSetting(use_folderarts)</visible>
					<visible>String.Contains(skin.string(musicfanart),extra) + Skin.HasSetting(musiclogo) + !String.IsEmpty(Skin.String(CustomMusicLogoPath))</visible>
				</control>
				<control type="multiimage">
					<description>FANART WINDOW EXTRA CROSSFADE - video player - artist extrafanart</description>
					<left>1407</left>
					<top>291</top>
					<width>471</width>
					<height>264</height>
					<aspectratio>stretch</aspectratio>
					<imagepath background="true">$INFO[Skin.String(CustomMusicLogoPath)]$INFO[VideoPlayer.Artist,,/extrafanart/]</imagepath>
					<timeperimage>5000</timeperimage>
					<fadetime>2000</fadetime>
					<randomize>true</randomize>
					<loop>yes</loop>
					<visible>Window.IsVisible(videoplaylist) + Player.HasVideo + VideoPlayer.Content(musicvideos) + String.Contains(skin.string(musicfanart),extra) + Skin.HasSetting(musiclogo) + !String.IsEmpty(Skin.String(CustomMusicLogoPath))</visible>
					<visible>Skin.HasSetting(use_folderarts)</visible>
				</control>
				<control type="image">
					<description>GRADIENT BELOW FANART DISPLAY</description>
					<left>1406</left>
					<top>560</top>
					<width>474</width>
					<height>270</height>
					<texture flipy="true">gradient_small.png</texture>
					<colordiffuse>E9FFFFFF</colordiffuse>
					<include>Animation_Fade</include>
				</control>
				<!-- ##########         AUDIO / LANGUAGE FLAGS  - Video not playing (listitem)         ########## -->
				<control type="group" id="7013">
					<left>1432</left>
					<top>578</top>
					<visible>!Skin.HasSetting(nolanguageflags) + ![Window.IsVisible(videoplaylist) + Player.HasVideo] + ![Window.Isvisible(musicplaylist) + [Player.HasAudio | [Player.HasVideo + VideoPlayer.Content(musicvideos)]]] + !String.IsEmpty(ListItem.Property(AudioLanguage.1))</visible>
					<include>AudioandSub</include>
				</control>
				<!-- ##########         AUDIO / LANGUAGE FLAGS  - Video now playing (video player)         ########## -->
				<control type="group" id="7014">
					<left>1432</left>
					<top>578</top>
					<visible>!Skin.HasSetting(nolanguageflags) + Player.HasVideo + [Window.IsVisible(videoplaylist) | [Window.IsVisible(musicplaylist) + VideoPlayer.Content(musicvideos)]] </visible>
					<include>AudioandSubNowPlaying</include>
				</control>
				<!-- ##########          END AUDIO / LANGUAGE FLAGS          ########## -->
				<!-- ##########          MINI DISC COLLECTION (RIGHT COLUMN) DISPLAY         ########## -->
				<control type="grouplist">
					<description>COLLECTION MINI DISC ART</description>
					<left>1342</left>
					<top>578</top>
					<width>600</width>
					<align>center</align>
					<orientation>horizontal</orientation>
					<itemgap>-52</itemgap>
					<animation type="WindowOpen">
						<effect type="slide" start="300,0" end="0,0" time="500" delay="1500" tween="cubic" easing="out" />
						<effect type="fade" start="0" end="100" time="500" delay="1500" />
					</animation>
					<animation type="Visible">
						<effect type="slide" start="300,0" end="0,0" time="500" delay="1500" tween="cubic" easing="out" />
						<effect type="fade" start="0" end="100" time="500" delay="1500" />
					</animation>
					<animation effect="fade" start="100" end="0" time="200">WindowClose</animation>
					<animation type="Hidden">
						<effect type="slide" start="0,0" end="300,0" time="300" tween="cubic" easing="out" />
						<effect type="fade" start="100" end="0" time="200" />
					</animation>
					<visible>![String.IsEmpty(Window(home).Property(Set.Movie.1.Art(discart))) | Skin.HasSetting(nomidlistdiscart)] + Window.IsActive(videos) + ListItem.IsCollection + Control.IsVisible(9923)</visible>
					<control type="image">
						<include>MidListMiniDisc</include>
						<texture diffuse="cdart_diffuse.png" background="true">$INFO[Window(home).Property(Set.Movie.1.Art(discart))]</texture>
						<visible>!String.IsEmpty(Window(home).Property(Set.Movie.1.Art(discart)))</visible>
					</control>
					<control type="image">
						<include>MidListMiniDisc</include>
						<texture diffuse="cdart_diffuse.png" background="true">$INFO[Window(home).Property(Set.Movie.2.Art(discart))]</texture>
						<visible>!String.IsEmpty(Window(home).Property(Set.Movie.2.Art(discart)))</visible>
					</control>
					<control type="image">
						<include>MidListMiniDisc</include>
						<texture diffuse="cdart_diffuse.png" background="true">$INFO[Window(home).Property(Set.Movie.3.Art(discart))]</texture>
						<visible>!String.IsEmpty(Window(home).Property(Set.Movie.3.Art(discart)))</visible>
					</control>
					<control type="image">
						<include>MidListMiniDisc</include>
						<texture diffuse="cdart_diffuse.png" background="true">$INFO[Window(home).Property(Set.Movie.4.Art(discart))]</texture>
						<visible>!String.IsEmpty(Window(home).Property(Set.Movie.4.Art(discart)))</visible>
					</control>
					<control type="image">
						<include>MidListMiniDisc</include>
						<texture diffuse="cdart_diffuse.png" background="true">$INFO[Window(home).Property(Set.Movie.5.Art(discart))]</texture>
						<visible>!String.IsEmpty(Window(home).Property(Set.Movie.5.Art(discart)))</visible>
					</control>
					<control type="image">
						<include>MidListMiniDisc</include>
						<texture diffuse="cdart_diffuse.png" background="true">$INFO[Window(home).Property(Set.Movie.6.Art(discart))]</texture>
						<visible>!String.IsEmpty(Window(home).Property(Set.Movie.6.Art(discart)))</visible>
					</control>
					<control type="image">
						<include>MidListMiniDisc</include>
						<texture diffuse="cdart_diffuse.png" background="true">$INFO[Window(home).Property(Set.Movie.7.Art(discart))]</texture>
						<visible>!String.IsEmpty(Window(home).Property(Set.Movie.7.Art(discart)))</visible>
					</control>
					<control type="image">
						<include>MidListMiniDisc</include>
						<texture diffuse="cdart_diffuse.png" background="true">$INFO[Window(home).Property(Set.Movie.8.Art(discart))]</texture>
						<visible>!String.IsEmpty(Window(home).Property(Set.Movie.8.Art(discart)))</visible>
					</control>
					<control type="image">
						<include>MidListMiniDisc</include>
						<texture diffuse="cdart_diffuse.png" background="true">$INFO[Window(home).Property(Set.Movie.9.Art(discart))]</texture>
						<visible>!String.IsEmpty(Window(home).Property(Set.Movie.9.Art(discart)))</visible>
					</control>
					<control type="image">
						<include>MidListMiniDisc</include>
						<texture diffuse="cdart_diffuse.png" background="true">$INFO[Window(home).Property(Set.Movie.10.Art(discart))]</texture>
						<visible>!String.IsEmpty(Window(home).Property(Set.Movie.10.Art(discart)))</visible>
					</control>
				</control>
				<!-- ##########         END MINI DISC COLLECTION (RIGHT COLUMN) DISPLAY          ########## -->
			</control>
			<!-- ##########        END CLEARART/FANART DISPLAY (RIGHT COLUMN DEFAULT)        ########## -->
			<!-- ##########          CLEARART/FANART DISPLAY (RIGHT COLUMN VIDEO GENRE)          ########## -->
			<control type="group">
				<description>CLEARART/FANART GROUP</description>
				<animation effect="slide" time="600" start="555,0" end="0,0" tween="cubic" easing="inout">Visible</animation>
				<animation effect="slide" time="400" start="0,0" end="555,0" tween="cubic" easing="inout">Hidden</animation>
				<visible>String.IsEqual(ListItem.DBType,genre) + Window.IsActive(videos)</visible>
				<control type="image">
					<description>FANART WINDOW BACKGROUND</description>
					<left>1402</left>
					<top>288</top>
					<width>480</width>
					<height>270</height>
					<texture>darkgrey.png</texture>
					<bordersize>1</bordersize>
					<aspectratio>stretch</aspectratio>
				</control>
				<control type="image">
					<description>FANART WINDOW BORDER</description>
					<left>1402</left>
					<top>288</top>
					<width>480</width>
					<height>270</height>
					<texture>banner_glass.png</texture>
					<aspectratio>stretch</aspectratio>
				</control>
				<control type="image">
					<description>FANART WINDOW DEFAULT</description>
					<left>1402</left>
					<top>288</top>
					<width>480</width>
					<height>270</height>
					<aspectratio>stretch</aspectratio>
					<texture fallback="special://skin/backgrounds/movies.jpg" background="true">$VAR[value_defaultvideofanart]</texture>
					<bordersize>3,2,3,2</bordersize>
					<fadetime>FanartCrossFadeTime</fadetime>
				</control>
				<control type="image">
					<description>GRADIENT BELOW FANART DISPLAY</description>
					<left>1406</left>
					<top>560</top>
					<width>474</width>
					<height>270</height>
					<texture flipy="true">gradient_small.png</texture>
					<colordiffuse>E9FFFFFF</colordiffuse>
					<include>Animation_Fade</include>
				</control>
			</control>
			<!-- ##########        END CLEARART/FANART DISPLAY (RIGHT COLUMN VIDEO GENRE)        ########## -->
			<!-- ##########          CLEARART/FANART DISPLAY (RIGHT COLUMN MUSIC GENRE or files)          ########## -->
			<control type="group">
				<description>CLEARART/FANART GROUP</description>
				<animation effect="slide" time="600" start="555,0" end="0,0" tween="cubic" easing="inout">Visible</animation>
				<animation effect="slide" time="400" start="0,0" end="555,0" tween="cubic" easing="inout">Hidden</animation>
				<visible>[String.IsEqual(ListItem.DBType,genre) | String.IsEqual(ListItem.DBType,role) | String.IsEqual(ListItem.DBType,source) | [Container.Content(files) + String.IsEmpty(ListItem.DBType)]] + Window.IsActive(music)</visible>
				<control type="image">
					<description>FANART WINDOW BACKGROUND</description>
					<left>1402</left>
					<top>288</top>
					<width>480</width>
					<height>270</height>
					<texture>darkgrey.png</texture>
					<bordersize>1</bordersize>
					<aspectratio>stretch</aspectratio>
				</control>
				<control type="image">
					<description>FANART WINDOW BORDER</description>
					<left>1402</left>
					<top>288</top>
					<width>480</width>
					<height>270</height>
					<texture>banner_glass.png</texture>
					<aspectratio>stretch</aspectratio>
				</control>
				<control type="image">
					<description>FANART WINDOW DEFAULT</description>
					<left>1402</left>
					<top>288</top>
					<width>480</width>
					<height>270</height>
					<aspectratio>stretch</aspectratio>
					<texture fallback="special://skin/backgrounds/music.jpg" background="true">$VAR[value_defaultmusicfanart]</texture>
					<bordersize>3,2,3,2</bordersize>
					<fadetime>FanartCrossFadeTime</fadetime>
				</control>
				<control type="image">
					<description>GRADIENT BELOW FANART DISPLAY</description>
					<left>1406</left>
					<top>560</top>
					<width>474</width>
					<height>270</height>
					<texture flipy="true">gradient_small.png</texture>
					<colordiffuse>E9FFFFFF</colordiffuse>
					<include>Animation_Fade</include>
				</control>
			</control>
			<!-- ##########        END CLEARART/FANART DISPLAY (RIGHT COLUMN MUSIC GENRE / FILES)        ########## -->
			<!-- ##########        ITEM INFORMATION LIST MidList_Data (RIGHT COLUMN ALWAYS VISIBLE)        ########## -->
			<control type="group">
				<visible>$EXP[HasDetailInfo]</visible>
				<control type="grouplist"> <!-- high labels -->
					<visible>![Control.IsVisible(7013) | Control.IsVisible(7014)]</visible>
					<left>1428</left>
					<top>600</top>
					<orientation>vertical</orientation>
					<itemgap>0</itemgap>
					<control type="label">
						<description>MOVIES</description>
						<include>MidListInfoTitle</include>
						<label>$LOCALIZE[342]</label>
						<visible>ListItem.IsCollection</visible>
					</control>
					<control type="label">
						<description>DURATION</description>
						<include>MidListInfoTitle</include>
						<label>$VAR[value_ground16_label]</label>
						<visible>String.IsEqual(ListItem.DBType,movie) | String.IsEqual(ListItem.DBType,video)</visible>
					</control>
					<control type="label">
						<description>YEAR (artist active years) (not tvshow)</description>
						<include>MidListInfoTitle</include>
						<label>$VAR[value_ground17_label]</label>
						<visible>![Window.IsVisible(musicplaylist) + !Player.HasAudio + [String.IsEqual(ListItem.Label,..) | String.IsEmpty(ListItem.DBType)] | [Window.IsVisible(videos) + [String.IsEqual(ListItem.DBType,tvshow) | String.IsEqual(ListItem.DBType,season) | String.IsEqual(ListItem.DBType,episode)]]]</visible>  <!-- empty playlist and music is not playing or m3u playlist -->
					</control>
				<control type="label">
						<description>Premiered</description>
						<include>MidListInfoTitle</include>
						<label>$LOCALIZE[31233]</label>
						<visible>[Window.IsVisible(videos) + [String.IsEqual(ListItem.DBType,tvshow) | String.IsEqual(ListItem.DBType,season) | String.IsEqual(ListItem.DBType,episode)]]</visible>  <!-- empty playlist and music is not playing or m3u playlist -->
					</control>
					<control type="label">
						<description>DIRECTOR/Album</description>
						<include>MidListInfoTitle</include>
						<label>$VAR[value_ground14_label]</label>
						<visible>![String.IsEqual(ListItem.DBType,album) | String.IsEqual(ListItem.DBType, musicvideo) | [Window.IsVisible(videoplaylist) + Player.HasVideo + VideoPlayer.Content(musicvideos)]]</visible>
					</control>
					<control type="label">
						<description>Mood</description>
						<include>MidListInfoTitle</include>
						<label>$VAR[value_ground13_label]</label>
						<visible>String.IsEqual(ListItem.DBType,album)</visible>
					</control>
					<control type="label">
						<description>MV Title</description>
						<include>MidListInfoTitle</include>
						<label>$LOCALIZE[369]</label>
						<visible>Window.IsVisible(videoplaylist) + Player.HasVideo + VideoPlayer.Content(musicvideos)</visible>
					</control>
					<control type="label">
						<description>Album</description>
						<include>MidListInfoTitle</include>
						<label>$LOCALIZE[558]</label>
						<visible>String.IsEqual(ListItem.DBType,musicvideo) | [Window.IsVisible(videoplaylist) + Player.HasVideo + VideoPlayer.Content(musicvideos)]</visible>
					</control>
					<control type="label">
						<description>WRITER</description>
						<include>MidListInfoTitle</include>
						<label>$VAR[value_ground15_label]</label>
						<visible>String.IsEqual(ListItem.DBType,movie)</visible>
					</control>
					<control type="label">
						<description>COUNTRY</description>
						<include>MidListInfoTitle</include>
						<label>$VAR[value_ground11_label]</label>
					</control>
					<control type="label">
						<description>GENRE</description>
						<include>MidListInfoTitle</include>
						<label>$VAR[value_ground12_label]</label>
					</control>
				</control>
				<control type="grouplist"> <!-- low labels -->
					<visible>[Control.IsVisible(7013) | Control.IsVisible(7014)]</visible>
					<left>1428</left>
					<top>682</top>
					<orientation>vertical</orientation>
					<itemgap>0</itemgap>
					<control type="label">
						<description>MOVIES</description>
						<include>MidListInfoTitle</include>
						<label>$LOCALIZE[342]</label>
						<visible>ListItem.IsCollection</visible>
					</control>
					<control type="label">
						<description>DURATION</description>
						<include>MidListInfoTitle</include>
						<label>$VAR[value_ground16_label]</label>
						<visible>String.IsEqual(ListItem.DBType,movie) | String.IsEqual(ListItem.DBType,video)</visible>
					</control>
					<control type="label">
						<description>YEAR (artist active years)</description>
						<include>MidListInfoTitle</include>
						<label>$VAR[value_ground17_label]</label>
						<visible>![Window.IsVisible(videos) + [String.IsEqual(ListItem.DBType,tvshow) | String.IsEqual(ListItem.DBType,season) | String.IsEqual(ListItem.DBType,episode)]]</visible>  <!-- empty playlist and music is not playing or m3u playlist -->
					</control>
				<control type="label">
						<description>Premiered</description>
						<include>MidListInfoTitle</include>
						<label>$LOCALIZE[31233]</label>
						<visible>[Window.IsVisible(videos) + [String.IsEqual(ListItem.DBType,tvshow) | String.IsEqual(ListItem.DBType,season) | String.IsEqual(ListItem.DBType,episode)]]</visible>  <!-- empty playlist and music is not playing or m3u playlist -->
					</control>
					<control type="label">
						<description>DIRECTOR/Album</description>
						<include>MidListInfoTitle</include>
						<label>$VAR[value_ground14_label]</label>
						<visible>![String.IsEqual(ListItem.DBType,album) | String.IsEqual(ListItem.DBType, musicvideo) | [Window.IsVisible(videoplaylist) + Player.HasVideo + VideoPlayer.Content(musicvideos)]]</visible>
					</control>
					<control type="label">
						<description>Mood</description>
						<include>MidListInfoTitle</include>
						<label>$VAR[value_ground13_label]</label>
						<visible>String.IsEqual(ListItem.DBType,album)</visible>
					</control>
					<control type="label">
						<description>MV Title</description>
						<include>MidListInfoTitle</include>
						<label>$LOCALIZE[369]</label>
						<visible>Window.IsVisible(videoplaylist) + Player.HasVideo + VideoPlayer.Content(musicvideos)</visible>
					</control>
					<control type="label">
						<description>Album</description>
						<include>MidListInfoTitle</include>
						<label>$LOCALIZE[558]</label>
						<visible>String.IsEqual(ListItem.DBType,musicvideo) | [Window.IsVisible(videoplaylist) + Player.HasVideo + VideoPlayer.Content(musicvideos)]</visible>
					</control>
					<control type="label">
						<description>WRITER</description>
						<include>MidListInfoTitle</include>
						<label>$VAR[value_ground15_label]</label>
						<visible>String.IsEqual(ListItem.DBType,movie)</visible>
					</control>
					<control type="label">
						<description>COUNTRY</description>
						<include>MidListInfoTitle</include>
						<label>$VAR[value_ground11_label]</label>
					</control>
					<control type="label">
						<description>GENRE</description>
						<include>MidListInfoTitle</include>
						<label>$VAR[value_ground12_label]</label>
					</control>
				</control>
				<control type="grouplist"> <!-- high values -->
					<visible>![Control.IsVisible(7013) | Control.IsVisible(7014)]</visible>
					<left>1579</left>
					<top>600</top>
					<orientation>vertical</orientation>
					<itemgap>0</itemgap>
					<control type="label">
						<description>MOVIE COUNT</description>
						<include>MidListInfo</include>
						<label>$INFO[Window(home).Property(Set.Movies.Count)]</label>
						<visible>ListItem.IsCollection</visible>
					</control>
					<control type="label">
						<description>DURATION</description>
						<include>MidListInfo</include>
						<label>$VAR[value_ground16_value]</label>
						<visible>String.IsEqual(ListItem.DBType,movie) | String.IsEqual(ListItem.DBType,video)</visible>
					</control>
					<control type="label">
						<description>YEAR (artist active years)</description>
						<include>MidListInfo</include>
						<label>$VAR[value_ground17_value]</label>
					</control>
					<control type="label">
						<description>DIRECTOR/Album</description>
						<include>MidListInfo</include>
						<label>$VAR[value_ground14_value]</label>
						<visible>![String.IsEqual(ListItem.DBType,album) | String.IsEqual(ListItem.DBType, musicvideo) | [Window.IsVisible(videoplaylist) + Player.HasVideo + VideoPlayer.Content(musicvideos)]]</visible>
					</control>
					<control type="label">
						<description>Mood</description>
						<include>MidListInfo</include>
						<label>$VAR[value_ground13_value]</label>
						<visible>String.IsEqual(ListItem.DBType,album)</visible>
					</control>
					<control type="label">
						<description>MV Title</description>
						<include>MidListInfo</include>
						<label>$INFO[VideoPlayer.Title]</label>
						<visible>Window.IsVisible(videoplaylist) + Player.HasVideo + VideoPlayer.Content(musicvideos)</visible>
					</control>
					<control type="label">
						<description>Album</description>
						<include>MidListInfo</include>
						<label>$VAR[value_midlist_album]</label>
						<visible>String.IsEqual(ListItem.DBType,musicvideo) | [Window.IsVisible(videoplaylist) + Player.HasVideo+ VideoPlayer.Content(musicvideos)]</visible>
					</control>
					<control type="label">
						<description>WRITER</description>
						<include>MidListInfo</include>
						<label>$VAR[value_ground15_value]</label>
						<visible>String.IsEqual(ListItem.DBType,movie)</visible>
					</control>
					<control type="label">
						<description>COUNTRY</description>
						<include>MidListInfo</include>
						<label>$VAR[value_ground11_value]</label>
					</control>
					<control type="label">
						<description>GENRE</description>
						<include>MidListInfo</include>
						<label>$VAR[value_ground12_value]</label>
					</control>
				</control>
				<control type="grouplist"> <!-- low values -->
					<visible>[Control.IsVisible(7013) | Control.IsVisible(7014)]</visible>
					<left>1579</left>
					<top>682</top>
					<orientation>vertical</orientation>
					<itemgap>0</itemgap>
					<control type="label">
						<description>MOVIE COUNT</description>
						<include>MidListInfo</include>
						<label>$INFO[Window(home).Property(Set.Movies.Count)]</label>
						<visible>ListItem.IsCollection</visible>
					</control>
					<control type="label">
						<description>DURATION</description>
						<include>MidListInfo</include>
						<label>$VAR[value_ground16_value]</label>
						<visible>String.IsEqual(ListItem.DBType,movie) | String.IsEqual(ListItem.DBType,video)</visible>
					</control>
					<control type="label">
						<description>YEAR (artist active years)</description>
						<include>MidListInfo</include>
						<label>$VAR[value_ground17_value]</label>
					</control>
					<control type="label">
						<description>DIRECTOR/Album</description>
						<include>MidListInfo</include>
						<label>$VAR[value_ground14_value]</label>
						<visible>![String.IsEqual(ListItem.DBType,album) | String.IsEqual(ListItem.DBType, musicvideo) | [Window.IsVisible(videoplaylist) + Player.HasVideo + VideoPlayer.Content(musicvideos)]]</visible>
					</control>
					<control type="label">
						<description>Mood</description>
						<include>MidListInfo</include>
						<label>$VAR[value_ground13_value]</label>
						<visible>String.IsEqual(ListItem.DBType,album)</visible>
					</control>
					<control type="label">
						<description>MV Title</description>
						<include>MidListInfo</include>
						<label>$INFO[VideoPlayer.Title]</label>
						<visible>Window.IsVisible(videoplaylist) + Player.HasVideo + VideoPlayer.Content(musicvideos)</visible>
					</control>
					<control type="label">
						<description>Album</description>
						<include>MidListInfo</include>
						<label>$VAR[value_midlist_album]</label>
						<visible>String.IsEqual(ListItem.DBType,musicvideo) | [Window.IsVisible(videoplaylist) + Player.HasVideo+ VideoPlayer.Content(musicvideos)]</visible>
					</control>
					<control type="label">
						<description>WRITER</description>
						<include>MidListInfo</include>
						<label>$VAR[value_ground15_value]</label>
						<visible>String.IsEqual(ListItem.DBType,movie)</visible>
					</control>
					<control type="label">
						<description>COUNTRY</description>
						<include>MidListInfo</include>
						<label>$VAR[value_ground11_value]</label>
					</control>
					<control type="label">
						<description>GENRE</description>
						<include>MidListInfo</include>
						<label>$VAR[value_ground12_value]</label>
					</control>
				</control>
			</control>
			<!-- ##########        END ITEM INFORMATION LIST (RIGHT COLUMN ALWAYS VISIBLE)        ########## -->
			<!-- ##########          MAIN ITEM LIST          ########## -->
			<control type="fixedlist" id="70">
				<viewtype label="31448">list</viewtype>
				<left>465</left>
				<top>213</top>
				<width>900</width>
				<height>532</height>
				<pagecontrol>80</pagecontrol>
				<onright>80</onright>
				<onleft condition="![String.IsEmpty(Control.GetLabel(7011)) | Window.IsActive(videos) + Skin.HasSetting(midlistplotvideo) | [Window.IsActive(musicplaylist) | Window.IsActive(music)] + Skin.HasSetting(midlistplotaudio)]">9915</onleft>
				<onleft condition="String.IsEmpty(Control.GetLabel(7011)) | Window.IsActive(videos) + Skin.HasSetting(midlistplotvideo) | [Window.IsActive(musicplaylist) | Window.IsActive(music)] + Skin.HasSetting(midlistplotaudio)">9920</onleft>
				<onup>70</onup>
				<ondown>70</ondown>
				<focusposition>1</focusposition>
				<orientation>vertical</orientation>
				<scrolltime>450</scrolltime>
				<preloaditems>2</preloaditems>
				<itemlayout condition="Container.Content(artists) + [Window.IsActive(musicplaylist) | Window.IsActive(music)] + !Skin.HasSetting(slimmidlistmusic)" height="45">
					<description>ARTIST LIST ITEMS WITH NO SLIM LIST</description>
					<control type="image">
						<description>LINE BETWEEN LIST ITEMS</description>
						<left>0</left>
						<top>0</top>
						<width>898</width>
						<height>1</height>
						<texture>line.png</texture>
					</control>
					<control type="label">
						<description>LIST ITEM TEXT</description>
						<left>30</left>
						<top>1</top>
						<width>675</width>
						<height>45</height>
						<font>Font_18A</font>
						<aligny>center</aligny>
						<include>listcolor</include>
						<label>$VAR[artist_label]</label>
					</control>
				</itemlayout>
				<itemlayout condition="Container.Content(artists) + [Window.IsActive(musicplaylist) | Window.IsActive(music)] + Skin.HasSetting(slimmidlistmusic)" height="40">
					<description>ARTIST LIST ITEMS WITH SLIM LIST</description>
					<control type="image">
						<description>LINE BETWEEN LIST ITEMS</description>
						<left>0</left>
						<top>0</top>
						<width>898</width>
						<height>1</height>
						<texture>line.png</texture>
					</control>
					<control type="label">
						<description>LIST ITEM TEXT</description>
						<left>30</left>
						<top>1</top>
						<width>675</width>
						<height>40</height>
						<font>Font_18A</font>
						<aligny>center</aligny>
						<include>listcolor</include>
						<label>$VAR[artist_label]</label>
					</control>
				</itemlayout>
				<itemlayout condition="[Window.IsActive(videos) | Window.IsVisible(videoplaylist)] + !Skin.HasSetting(slimmidlistvideo) | [Window.IsActive(musicplaylist) | Window.IsActive(music)] + !Skin.HasSetting(slimmidlistmusic)" height="45">
					<description>VIDEO AND MUSIC LIST ITEMS WITH NO SLIM LIST</description>
					<control type="image">
						<description>LINE BETWEEN LIST ITEMS</description>
						<left>0</left>
						<top>0</top>
						<width>898</width>
						<height>1</height>
						<texture>line.png</texture>
					</control>
					<control type="label">
						<description>LIST ITEM TEXT</description>
						<left>30</left>
						<top>1</top>
						<width>675</width>
						<height>45</height>
						<font>Font_18A</font>
						<aligny>center</aligny>
						<include>listcolor</include>
						<label>$INFO[ListItem.Label]</label>
					</control>
					<control type="image">
						<left>720</left>
						<top>10</top>
						<width>98</width>
						<height>20</height>
						<texture>$VAR[User_Rating_Stars]</texture>
						<colordiffuse>$VAR[value_headercolor]</colordiffuse>
						<visible>$EXP[HasUserRating]</visible>
					</control>
					<control type="image">
						<description>LIST ITEM "VERSIONS" INDICATOR</description>
						<left>825</left>
						<top>4</top>
						<width>38</width>
						<height>38</height>
						<texture>OverlayVersions.png</texture>
						<colordiffuse>$VAR[value_watchedcolor]</colordiffuse>
						<visible>!Skin.HasSetting(nooverlays) + ListItem.HasVideoVersions</visible>
					</control>
					<control type="image">
						<description>LIST ITEM "EXTRAS" INDICATOR</description>
						<left>825</left>
						<top>4</top>
						<width>38</width>
						<height>38</height>
						<texture>OverlayExtras.png</texture>
						<colordiffuse>$VAR[value_watchedcolor]</colordiffuse>
						<visible>!Skin.HasSetting(nooverlays) + ListItem.HasVideoExtras</visible>
					</control>
					<control type="image">
						<description>LIST ITEM "WATCHED" INDICATOR</description>
						<left>825</left>
						<top>4</top>
						<width>38</width>
						<height>38</height>
						<texture>$VAR[value_watchedstyle]</texture>
						<colordiffuse>$VAR[value_watchedcolor]</colordiffuse>
						<visible>!Skin.HasSetting(nooverlays) + String.IsEqual(ListItem.Overlay,OverlayWatched.png)</visible>
					</control>
				</itemlayout>
				<itemlayout condition="[Window.IsActive(videos) | Window.IsVisible(videoplaylist)] + Skin.HasSetting(slimmidlistvideo) | [Window.IsActive(musicplaylist) | Window.IsActive(music)] + Skin.HasSetting(slimmidlistmusic)" height="40">
					<description>VIDEO AND MUSIC LIST ITEMS WITH SLIM LIST</description>
					<control type="image">
						<description>LINE BETWEEN LIST ITEMS</description>
						<left>0</left>
						<top>0</top>
						<width>898</width>
						<height>1</height>
						<texture>line.png</texture>
					</control>
					<control type="label">
						<description>LIST ITEM TEXT</description>
						<left>30</left>
						<top>1</top>
						<width>675</width>
						<height>40</height>
						<font>Font_18A</font>
						<aligny>center</aligny>
						<include>listcolor</include>
						<label>$INFO[ListItem.Label]</label>
					</control>
					<control type="image">
						<left>720</left>
						<top>15</top>
						<width>98</width>
						<height>20</height>
						<texture>$VAR[User_Rating_Stars]</texture>
						<colordiffuse>$VAR[value_headercolor]</colordiffuse>
						<visible>$EXP[HasUserRating]</visible>
					</control>
					<control type="image">
						<description>LIST ITEM "VERSIONS" INDICATOR</description>
						<left>825</left>
						<top>4</top>
						<width>42</width>
						<height>42</height>
						<texture>OverlayVersions.png</texture>
						<colordiffuse>$VAR[value_watchedcolor]</colordiffuse>
						<visible>!Skin.HasSetting(nooverlays) + ListItem.HasVideoVersions</visible>
					</control>
					<control type="image">
						<description>LIST ITEM "EXTRAS" INDICATOR</description>
						<left>825</left>
						<top>4</top>
						<width>42</width>
						<height>42</height>
						<texture>OverlayExtras.png</texture>
						<colordiffuse>$VAR[value_watchedcolor]</colordiffuse>
						<visible>!Skin.HasSetting(nooverlays) + ListItem.HasVideoExtras</visible>
					</control>
					<control type="image">
						<description>LIST ITEM "WATCHED" INDICATOR</description>
						<left>825</left>
						<top>4</top>
						<width>42</width>
						<height>42</height>
						<texture>$VAR[value_watchedstyle]</texture>
						<colordiffuse>$VAR[value_watchedcolor]</colordiffuse>
						<visible>!Skin.HasSetting(nooverlays) + String.IsEqual(ListItem.Overlay,OverlayWatched.png)</visible>
					</control>
				</itemlayout>
				<focusedlayout condition="Container.Content(artists) + [Window.IsActive(musicplaylist) | Window.IsActive(music)] + Skin.HasSetting(slimmidlistmusic)" height="45">
					<description>ARTIST LIST ITEMS WITH SLIM LIST</description>
					<control type="image">
						<description>LINE BETWEEN LIST ITEMS</description>
						<left>0</left>
						<top>0</top>
						<width>900</width>
						<height>45</height>
						<texture>settings_button_focus.png</texture>
					</control>
					<control type="label">
						<description>LIST ITEM TEXT</description>
						<left>30</left>
						<top>1</top>
						<width>675</width>
						<height>45</height>
						<font>Font_18A</font>
						<aligny>center</aligny>
						<include>listcolorfocus</include>
						<label>$VAR[artist_label]</label>
					</control>
				</focusedlayout>
				<focusedlayout condition="Container.Content(artists) + [Window.IsActive(musicplaylist) | Window.IsActive(music)] + !Skin.HasSetting(slimmidlistmusic)" height="75">
					<description>ARTIST LIST ITEMS WITH NO SLIM LIST</description>
					<control type="image">
						<description>LINE BETWEEN LIST ITEMS</description>
						<left>0</left>
						<top>0</top>
						<width>900</width>
						<height>75</height>
						<texture>settings_button_focus.png</texture>
					</control>
					<control type="label">
						<description>LIST ITEM MAIN TEXT</description>
						<left>30</left>
						<top>0</top>
						<width>675</width>
						<height>45</height>
						<font>Font_22A</font>
						<aligny>center</aligny>
						<include>listcolorfocus</include>
						<label>$VAR[artist_label]</label>
					</control>
					<control type="label">
						<description>LIST ITEM SUB TEXT</description>
						<left>30</left>
						<top>44</top>
						<width>675</width>
						<height>24</height>
						<font>Font_17A</font>
						<align>left</align>
						<aligny>center</aligny>
						<include>subcolorfocus</include>
						<label>$VAR[value_listinfofocus]</label>
						<visible>!String.IsEqual(ListItem.Label,..)</visible>
					</control>
				</focusedlayout>
				<focusedlayout condition="String.IsEmpty(Control.GetLabel(7012)) | [[Window.IsActive(videos) | Window.IsVisible(videoplaylist)] + Skin.HasSetting(slimmidlistvideo) | [Window.IsActive(musicplaylist) | Window.IsActive(music)] + Skin.HasSetting(slimmidlistmusic)]" height="45">
					<description>VIDEO AND MUSIC LIST ITEMS WITH SLIM LIST</description>
					<control type="image">
						<description>LINE BETWEEN LIST ITEMS</description>
						<left>0</left>
						<top>0</top>
						<width>900</width>
						<height>45</height>
						<texture>settings_button_focus.png</texture>
					</control>
					<control type="label">
						<description>LIST ITEM TEXT</description>
						<left>30</left>
						<top>1</top>
						<width>675</width>
						<height>45</height>
						<font>Font_18A</font>
						<aligny>center</aligny>
						<include>listcolorfocus</include>
						<label>$INFO[ListItem.Label]</label>
					</control>
					<control type="image">
						<left>720</left>
						<top>15</top>
						<width>98</width>
						<height>20</height>
						<texture>$VAR[User_Rating_Stars]</texture>
						<colordiffuse>$VAR[value_headercolor]</colordiffuse>
						<visible>$EXP[HasUserRating]</visible>
					</control>
					<control type="image">
						<description>LIST ITEM "VERSIONS" INDICATOR</description>
						<left>825</left>
						<top>0</top>
						<width>45</width>
						<height>45</height>
						<texture>OverlayVersions.png</texture>
						<colordiffuse>$VAR[value_watchedcolor]</colordiffuse>
						<visible>!Skin.HasSetting(nooverlays) + ListItem.HasVideoVersions</visible>
					</control>
					<control type="image">
						<description>LIST ITEM "EXTRAS" INDICATOR</description>
						<left>825</left>
						<top>0</top>
						<width>45</width>
						<height>45</height>
						<texture>OverlayExtras.png</texture>
						<colordiffuse>$VAR[value_watchedcolor]</colordiffuse>
						<visible>!Skin.HasSetting(nooverlays) + ListItem.HasVideoExtras</visible>
					</control>
					<control type="image">
						<description>LIST ITEM "WATCHED" INDICATOR</description>
						<left>825</left>
						<top>0</top>
						<width>45</width>
						<height>45</height>
						<texture>$VAR[value_watchedstyle]</texture>
						<colordiffuse>$VAR[value_watchedcolor]</colordiffuse>
						<visible>!Skin.HasSetting(nooverlays) + String.IsEqual(ListItem.Overlay,OverlayWatched.png)</visible>
					</control>
				</focusedlayout>
				<focusedlayout condition="!String.IsEmpty(Control.GetLabel(7012)) + [[Window.IsActive(videos) | Window.IsVisible(videoplaylist)] + !Skin.HasSetting(slimmidlistvideo) | [Window.IsActive(musicplaylist) | Window.IsActive(music)] + !Skin.HasSetting(slimmidlistmusic)]" height="75">
					<description>VIDEO AND MUSIC LIST ITEMS WITH NO SLIM LIST</description>
					<control type="image">
						<description>LINE BETWEEN LIST ITEMS</description>
						<left>0</left>
						<top>0</top>
						<width>900</width>
						<height>75</height>
						<texture>settings_button_focus.png</texture>
					</control>
					<control type="label">
						<description>LIST ITEM MAIN TEXT</description>
						<left>30</left>
						<top>0</top>
						<width>675</width>
						<height>45</height>
						<font>Font_22A</font>
						<aligny>center</aligny>
						<include>listcolorfocus</include>
						<label>$INFO[ListItem.Label]</label>
					</control>
					<control type="label">
						<description>LIST ITEM SUB TEXT</description>
						<left>30</left>
						<top>44</top>
						<width>675</width>
						<height>24</height>
						<font>Font_17A</font>
						<align>left</align>
						<aligny>center</aligny>
						<include>subcolorfocus</include>
						<label>$VAR[value_listinfofocus]</label>
						<visible>!String.IsEqual(ListItem.Label,..)</visible>
					</control>
					<control type="image">
						<left>720</left>
						<top>10</top>
						<width>98</width>
						<height>20</height>
						<texture>$VAR[User_Rating_Stars]</texture>
						<colordiffuse>$VAR[value_headercolor]</colordiffuse>
						<visible>$EXP[HasUserRating]</visible>
					</control>
					<control type="image">
						<description>LIST ITEM "VERSIONS" INDICATOR</description>
						<left>825</left>
						<top>15</top>
						<width>45</width>
						<height>45</height>
						<texture>OverlayVersions.png</texture>
						<colordiffuse>$VAR[value_watchedcolor]</colordiffuse>
						<visible>!Skin.HasSetting(nooverlays) + ListItem.HasVideoVersions</visible>
					</control>
					<control type="image">
						<description>LIST ITEM "EXTRAS" INDICATOR</description>
						<left>825</left>
						<top>15</top>
						<width>45</width>
						<height>45</height>
						<texture>OverlayExtras.png</texture>
						<colordiffuse>$VAR[value_watchedcolor]</colordiffuse>
						<visible>!Skin.HasSetting(nooverlays) + ListItem.HasVideoExtras</visible>
					</control>
					<control type="image">
						<description>LIST ITEM "WATCHED" INDICATOR</description>
						<left>825</left>
						<top>15</top>
						<width>45</width>
						<height>45</height>
						<texture>$VAR[value_watchedstyle]</texture>
						<colordiffuse>$VAR[value_watchedcolor]</colordiffuse>
						<visible>!Skin.HasSetting(nooverlays) + String.IsEqual(ListItem.Overlay,OverlayWatched.png)</visible>
					</control>
				</focusedlayout>
			</control>
			<!-- ##########          END MAIN ITEM LIST          ########## -->
			<control type="label" id="7011">
				<description>Used to determine if data for plot or bio or review exists</description>
				<include>InvisibleButton</include>
				<label>$VAR[value_plot]</label>
			</control>
			<control type="label" id="7012">
				<description>REQUIRED FOR NON SLIM LIST SUPPORT (FOR SOME REASON)</description>
				<include>InvisibleButton</include>
				<label>$VAR[value_listinfofocus]</label>
			</control>
			<!-- ##########          BANNER DISPLAY          ########## -->
			<control type="image">
				<description>BANNER BACKGROUND</description>
				<left>465</left>
				<top>16</top>
				<width>900</width>
				<height>159</height>
				<texture>darkgrey.png</texture>
				<bordersize>1</bordersize>
				<aspectratio>stretch</aspectratio>
				<visible>[Window.IsActive(videos) | [Window.IsVisible(music) + String.IsEqual(ListItem.DBType,artist)]] + !String.IsEmpty(ListItem.Art(banner))</visible>
			</control>
			<control type="image">
				<description>BANNER BORDER</description>
				<left>465</left>
				<top>16</top>
				<width>900</width>
				<height>159</height>
				<texture>banner_glass.png</texture>
				<aspectratio>stretch</aspectratio>
				<visible>[Window.IsActive(videos) | Window.IsVisible(music)] + !String.IsEmpty(ListItem.Art(banner)) + [String.IsEqual(ListItem.DBType,movie) | String.IsEqual(ListItem.DBType,tvshow) | String.IsEqual(ListItem.DBType,artist)]</visible>
			</control>
			<control type="image">
				<description>BANNER BORDER</description>
				<left>465</left>
				<top>16</top>
				<width>900</width>
				<height>159</height>
				<texture>banner_glass.png</texture>
				<aspectratio>stretch</aspectratio>
				<visible>Window.IsActive(videos) + !String.IsEmpty(ListItem.Art(tvshow.banner)) + [String.IsEqual(ListItem.DBType,season) | String.IsEqual(ListItem.DBType,episode)]</visible>
			</control>
			<control type="image">
				<description>BANNER IMAGE</description>
				<left>465</left>
				<top>16</top>
				<width>900</width>
				<height>159</height>
				<bordersize>3,2,3,2</bordersize>
				<texture background="true">$INFO[ListItem.Art(banner)]</texture>
				<aspectratio>stretch</aspectratio>
				<fadetime>FanartCrossFadeTime</fadetime>
				<visible>[Window.IsActive(videos) | Window.IsVisible(music)] + !String.IsEmpty(ListItem.Art(banner)) + [String.IsEqual(ListItem.DBType,movie) | String.IsEqual(ListItem.DBType,tvshow) | String.IsEqual(ListItem.DBType,artist)]</visible>
			</control>
			<control type="image">
				<description>BANNER IMAGE</description>
				<left>465</left>
				<top>16</top>
				<width>900</width>
				<height>159</height>
				<bordersize>3,2,3,2</bordersize>
				<texture background="true">$INFO[ListItem.Art(tvshow.banner)]</texture>
				<aspectratio>stretch</aspectratio>
				<fadetime>FanartCrossFadeTime</fadetime>
				<visible>Window.IsActive(videos) + !String.IsEmpty(ListItem.Art(tvshow.banner)) + [String.IsEqual(ListItem.DBType,season) | String.IsEqual(ListItem.DBType,episode)]</visible>
			</control>
			<control type="label">
				<description>IF NO BANNER IMAGE THEN SHOW TEXT TITLE</description>
				<left>465</left>
				<top>16</top>
				<width>900</width>
				<height>159</height>
				<font>Font_50</font>
				<align>center</align>
				<aligny>center</aligny>
				<wrapmultiline>true</wrapmultiline>
				<shadowcolor>ff000000</shadowcolor>
				<label>$INFO[ListItem.Label]</label>
				<visible>Window.IsActive(videos) + String.IsEmpty(ListItem.Art(banner)) + [String.IsEqual(ListItem.DBType,movie) | String.IsEqual(ListItem.DBType,tvshow)]</visible>
			</control>
			<control type="label">
				<description>IF NO BANNER IMAGE THEN SHOW TEXT TITLE</description>
				<left>465</left>
				<top>16</top>
				<width>900</width>
				<height>159</height>
				<font>Font_50</font>
				<align>center</align>
				<aligny>center</aligny>
				<wrapmultiline>true</wrapmultiline>
				<shadowcolor>ff000000</shadowcolor>
				<label>$INFO[ListItem.Label]</label>
				<visible>Window.IsActive(videos) + String.IsEmpty(ListItem.Art(tvshow.banner)) + [String.IsEqual(ListItem.DBType,season) | String.IsEqual(ListItem.DBType,episode)]</visible>
			</control>
			<!-- ##########          END BANNER DISPLAY          ########## -->
			<!-- ##########          Video ClearLogo DISPLAY          ########## -->
			<control type="image">
				<description>VIDEO CLEARLOGO DISPLAY</description>
				<left>465</left>
				<top>765</top>
				<width>900</width>
				<height>180</height>
				<texture background="true">$INFO[ListItem.Art(clearlogo)]</texture>
				<aspectratio align="center" aligny="bottom">keep</aspectratio>
				<fadetime>FanartCrossFadeTime</fadetime>
				<visible>Window.IsActive(videos) + !Skin.HasSetting(noartmidlistvideo) + !String.IsEmpty(ListItem.Art(clearlogo))</visible>
			</control>
			<control type="image">
				<description>LOGO REFLECTION</description>
				<left>465</left>
				<top>938</top>
				<width>900</width>
				<height>180</height>
				<fadetime>FanartCrossFadeTime</fadetime>
				<aspectratio align="center" aligny="top">keep</aspectratio>
				<texture flipy="true" diffuse="thumb_reflect.png" background="true">$INFO[ListItem.Art(clearlogo)]</texture>
				<visible>Window.IsActive(videos) + !Skin.HasSetting(noartmidlistvideo) + !String.IsEmpty(ListItem.Art(clearlogo))</visible>
			</control>
			<control type="image">
				<description>TV SHOW (SEASON) CLEARLOGO DISPLAY</description>
				<left>465</left>
				<top>765</top>
				<width>900</width>
				<height>180</height>
				<texture background="true">$INFO[ListItem.Art(tvshow.clearlogo)]</texture>
				<aspectratio align="center" aligny="bottom">keep</aspectratio>
				<fadetime>FanartCrossFadeTime</fadetime>
				<visible>Window.IsActive(videos) + !Skin.HasSetting(noartmidlistvideo) + !String.IsEmpty(ListItem.Art(tvshow.clearlogo))</visible>
			</control>
			<control type="image">
				<description>TV SHOW (SEASON) LOGO REFLECTION</description>
				<left>465</left>
				<top>938</top>
				<width>900</width>
				<height>180</height>
				<fadetime>FanartCrossFadeTime</fadetime>
				<aspectratio align="center" aligny="top">keep</aspectratio>
				<texture flipy="true" diffuse="thumb_reflect.png" background="true">$INFO[ListItem.Art(tvshow.clearlogo)]</texture>
				<visible>Window.IsActive(videos) + !Skin.HasSetting(noartmidlistvideo) + !String.IsEmpty(ListItem.Art(tvshow.clearlogo))</visible>
			</control>
			<!-- ##########          END LOGO DISPLAY          ########## -->
			<!-- ##########          TV SHOW CHARACTER ART DISPLAY          ########## -->
			<control type="image">
				<description>TV SHOW CHARACTER ART (SHOW DISPLAY)</description>
				<left>68</left>
				<top>16</top>
				<width>329</width>
				<height>329</height>
				<aspectratio align="center" aligny="bottom">keep</aspectratio>
				<texture>$INFO[ListItem.Art(characterart)]</texture>
			</control>
			<control type="image">
				<description>TV SHOW CHARACTER ART (SEASON DISPLAY)</description>
				<left>68</left>
				<top>16</top>
				<width>329</width>
				<height>329</height>
				<aspectratio align="center" aligny="bottom">keep</aspectratio>
				<texture>$INFO[ListItem.Art(tvshow.characterart)]</texture>
			</control>
			<control type="image">
				<description>TV SHOW THUMB IF NO CHARACTER ART (SHOW DISPLAY)</description>
				<left>38</left>
				<top>142</top>
				<width>390</width>
				<height>150</height>
				<aspectratio align="center" aligny="center">keep</aspectratio>
				<animation effect="rotate" end="20" center="auto" time="3000" loop="false" reversible="false" condition="true">Conditional</animation>
				<texture>$INFO[ListItem.Art(landscape)]</texture>
				<visible>[String.IsEmpty(ListItem.Art(characterart)) + String.IsEqual(ListItem.DBType,tvshow)]</visible>
			</control>
			<control type="image">
				<description>TV SHOW THUMB IF NO CHARACTER ART (SEASON DISPLAY)</description>
				<left>38</left>
				<top>142</top>
				<width>390</width>
				<height>150</height>
				<aspectratio align="center" aligny="center">keep</aspectratio>
				<animation effect="rotate" end="20" center="auto" time="3000" loop="false" reversible="false" condition="true">Conditional</animation>
				<texture>$INFO[ListItem.Art(tvshow.landscape)]</texture>
				<visible>[String.IsEmpty(ListItem.Art(tvshow.characterart)) + [String.IsEqual(ListItem.DBType,season) | String.IsEqual(ListItem.DBType,episode)]]</visible>
			</control>
			<!-- ##########          END TV SHOW CHARACTER ART DISPLAY          ########## -->
			<!-- ##########          DISC ART DISPLAY          ########## -->
			<control type="group">
				<description>SINGLE DISC ART</description>
				<left>45</left>
				<top>300</top>
				<visible>Control.IsVisible(70)</visible>
				<animation effect="slide" time="1000" start="-600,0" end="0,0" tween="cubic" easing="out">WindowOpen</animation>
				<animation effect="slide" time="1000" start="-600,0" end="0,0" tween="cubic" easing="out">Visible</animation>
				<animation effect="fade" time="400" start="100" end="0">Hidden</animation>
				<control type="group">
					<animation type="WindowOpen">
						<effect type="slide" start="-150,0" end="0,0" time="500" delay="500" tween="cubic" easing="out" />
						<effect type="fade" start="0" end="100" time="500" delay="500" />
					</animation>
					<animation type="Visible">
						<effect type="slide" start="-150,0" end="0,0" time="500" delay="500" tween="cubic" easing="out" />
						<effect type="fade" start="0" end="100" time="500" delay="500" />
					</animation>
					<animation effect="fade" start="100" end="0" time="200">WindowClose</animation>
					<animation type="Hidden">
						<effect type="slide" start="0,0" end="-150,0" time="300" tween="cubic" easing="out" />
						<effect type="fade" start="100" end="0" time="200" />
					</animation>
					<animation effect="slide" time="200" start="0,0" end="0,-30" tween="cubic" easing="out" condition="!Skin.HasSetting(nomidlistvideocase)">Conditional</animation>
					<visible>![[String.IsEmpty(ListItem.Art(discart)) + [String.IsEmpty(ListItem.Art(poster)) | [Skin.HasSetting(nodisctvshow) + [Container.content(tvshows) | Container.Content(seasons)]]]] | Skin.HasSetting(nomidlistdiscart) | ListItem.IsCollection] + Window.IsActive(videos) + Control.IsVisible(9923)</visible>
					<control type="image">
						<description>THIS IS WHERE YOU CHANGE DISC SIZE AND POSITION</description>
						<left>1</left>
						<top>-225</top>
						<width>375</width>
						<height>375</height>
						<texture diffuse="cdart_diffuse.png" background="true">$INFO[ListItem.Art(discart)]</texture>
						<fadetime>FanartCrossFadeTime</fadetime>
						<aspectratio align="center" aligny="center">keep</aspectratio>
						<animation effect="rotate" start="0" end="-360" center="auto" time="40000" delay="5000" loop="true" reversible="false" condition="!Player.HasVideo">Conditional</animation>
						<include>Animation_ViewsCDart</include>
						<visible>!String.IsEmpty(ListItem.Art(discart))</visible>
					</control>
					<control type="image">
						<description>THIS IS WHERE YOU CHANGE DISC SIZE AND POSITION</description>
						<left>1</left>
						<top>-225</top>
						<width>375</width>
						<height>375</height>
						<texture diffuse="cdart_diffuse.png" background="true">$INFO[ListItem.Art(discart)]</texture>
						<fadetime>FanartCrossFadeTime</fadetime>
						<aspectratio scalediffuse="false" align="center" aligny="center">scale</aspectratio>
						<animation effect="rotate" start="0" end="-360" center="auto" time="40000" delay="5000" loop="true" reversible="false" condition="!Player.HasVideo">Conditional</animation>
						<include>Animation_ViewsCDart</include>
						<visible>String.IsEmpty(ListItem.Art(discart))</visible>
					</control>
				</control>
				<control type="grouplist">
					<description>COLLECTION DISC ART</description>
					<left>3</left>
					<top>-285</top>
					<orientation>vertical</orientation>
					<itemgap>-333</itemgap>
					<animation type="WindowOpen">
						<effect type="slide" start="-150,0" end="0,0" time="500" delay="500" tween="cubic" easing="out" />
						<effect type="fade" start="0" end="100" time="500" delay="500" />
					</animation>
					<animation type="Visible">
						<effect type="slide" start="-150,0" end="0,0" time="500" delay="500" tween="cubic" easing="out" />
						<effect type="fade" start="0" end="100" time="500" delay="500" />
					</animation>
					<animation effect="fade" start="100" end="0" time="200">WindowClose</animation>
					<animation type="Hidden">
						<effect type="slide" start="0,0" end="-150,0" time="300" tween="cubic" easing="out" />
						<effect type="fade" start="100" end="0" time="200" />
					</animation>
					<visible>![String.IsEmpty(Window(home).Property(Set.Movie.1.Art(discart))) | Skin.HasSetting(nomidlistdiscart)] + Window.IsActive(videos) + ListItem.IsCollection + Control.IsVisible(9923)</visible>
					<control type="image">
						<include>MidListDisc</include>
						<texture diffuse="cdart_diffuse.png" background="true">$INFO[Window(home).Property(Set.Movie.1.Art(discart))]</texture>
						<visible>!String.IsEmpty(Window(home).Property(Set.Movie.1.Art(discart)))</visible>
					</control>
					<control type="image">
						<include>MidListDisc</include>
						<texture diffuse="cdart_diffuse.png" background="true">$INFO[Window(home).Property(Set.Movie.2.Art(discart))]</texture>
						<visible>!String.IsEmpty(Window(home).Property(Set.Movie.2.Art(discart)))</visible>
					</control>
					<control type="image">
						<include>MidListDisc</include>
						<texture diffuse="cdart_diffuse.png" background="true">$INFO[Window(home).Property(Set.Movie.3.Art(discart))]</texture>
						<visible>!String.IsEmpty(Window(home).Property(Set.Movie.3.Art(discart)))</visible>
					</control>
					<control type="image">
						<include>MidListDisc</include>
						<texture diffuse="cdart_diffuse.png" background="true">$INFO[Window(home).Property(Set.Movie.4.Art(discart))]</texture>
						<visible>!String.IsEmpty(Window(home).Property(Set.Movie.4.Art(discart)))</visible>
					</control>
					<control type="image">
						<include>MidListDisc</include>
						<texture diffuse="cdart_diffuse.png" background="true">$INFO[Window(home).Property(Set.Movie.5.Art(discart))]</texture>
						<visible>!String.IsEmpty(Window(home).Property(Set.Movie.5.Art(discart)))</visible>
					</control>
					<control type="image">
						<include>MidListDisc</include>
						<texture diffuse="cdart_diffuse.png" background="true">$INFO[Window(home).Property(Set.Movie.6.Art(discart))]</texture>
						<visible>!String.IsEmpty(Window(home).Property(Set.Movie.6.Art(discart)))</visible>
					</control>
					<control type="image">
						<include>MidListDisc</include>
						<texture diffuse="cdart_diffuse.png" background="true">$INFO[Window(home).Property(Set.Movie.7.Art(discart))]</texture>
						<visible>!String.IsEmpty(Window(home).Property(Set.Movie.7.Art(discart)))</visible>
					</control>
					<control type="image">
						<include>MidListDisc</include>
						<texture diffuse="cdart_diffuse.png" background="true">$INFO[Window(home).Property(Set.Movie.8.Art(discart))]</texture>
						<visible>!String.IsEmpty(Window(home).Property(Set.Movie.8.Art(discart)))</visible>
					</control>
					<control type="image">
						<include>MidListDisc</include>
						<texture diffuse="cdart_diffuse.png" background="true">$INFO[Window(home).Property(Set.Movie.9.Art(discart))]</texture>
						<visible>!String.IsEmpty(Window(home).Property(Set.Movie.9.Art(discart)))</visible>
					</control>
					<control type="image">
						<include>MidListDisc</include>
						<texture diffuse="cdart_diffuse.png" background="true">$INFO[Window(home).Property(Set.Movie.10.Art(discart))]</texture>
						<visible>!String.IsEmpty(Window(home).Property(Set.Movie.10.Art(discart)))</visible>
					</control>
				</control>
				<!-- ##########          TV SHOW AND DEFAULT ICON POSTER DISPLAY          ########## -->
				<control type="group">
					<description>VIDEO WITHOUT COVER</description>
					<include>Animation_Fade</include>
					<visible>![!Skin.HasSetting(nomidlistvideocase) + [Container.Content(movies) | Container.Content(musicvideos) | Container.Content(sets)] | Window.IsActive(musicplaylist) | Window.IsActive(music)]</visible>
					<control type="image">
						<description>MOVIES / PHOTOS / FILES REFLECTION</description>
						<left>-8</left>
						<top>628</top>
						<width>390</width>
						<height>570</height>
						<fadetime>FanartCrossFadeTime</fadetime>
						<aspectratio align="center" aligny="top">keep</aspectratio>
						<texture flipy="true" diffuse="thumb_reflect.png" background="true">$VAR[value_poster_midlist]</texture>
						<bordertexture flipy="true" diffuse="thumb_reflect.png" border="-2">black.png</bordertexture>
					</control>
					<control type="image">
						<description>MOVIES / PHOTOS / FILES</description>
						<left>-8</left>
						<top>52</top>
						<width>390</width>
						<height>570</height>
						<fadetime>FanartCrossFadeTime</fadetime>
						<aspectratio align="center" aligny="bottom">keep</aspectratio>
						<texture fallback="DefaultVideoPoster.png" background="true">$VAR[value_poster_midlist]</texture>
						<bordertexture border="-2">black.png</bordertexture>
					</control>
				</control>
				<!-- ##########          END TV SHOW POSTER DISPLAY          ########## -->
				<control type="group">
					<description>MOVIE CASE for video and videoplaylist</description>
					<include>Animation_Fade</include>
					<visible>!Skin.HasSetting(nomidlistvideocase) + [Container.Content(movies) | Container.Content(musicvideos) | Container.Content(sets)] + ![Window.IsActive(musicplaylist) | Window.IsActive(music)]</visible>
					<control type="image">
						<description>MOVIE POSTER REFLECTION</description>
						<left>-8</left>
						<top>651</top>
						<width>382</width>
						<height>525</height>
						<fadetime>FanartCrossFadeTime</fadetime>
						<texture flipy="true" diffuse="thumb_reflect.png" background="true">$INFO[ListItem.Icon]</texture>
						<aspectratio>stretch</aspectratio>
					</control>
					<control type="image">
						<description>MOVIE CASE REFLECTION</description>
						<left>-39</left>
						<top>597</top>
						<width>468</width>
						<height>652</height>
						<fadetime>FanartCrossFadeTime</fadetime>
						<colordiffuse>$VAR[value_videocase0]</colordiffuse>
						<texture flipy="true" diffuse="box/thumb_box_reflect.png">box/thumb_box.png</texture>
						<aspectratio>stretch</aspectratio>
					</control>
					<control type="image">
						<description>MOVIE POSTER</description>
						<left>-8</left>
						<top>64</top>
						<width>382</width>
						<height>555</height>
						<fadetime>FanartCrossFadeTime</fadetime>
						<texture fallback="DefaultVideoPoster.png" background="true">$VAR[value_poster]</texture>
					</control>
					<control type="image">
						<description>MOVIE CASE</description>
						<left>-39</left>
						<top>-18</top>
						<width>468</width>
						<height>682</height>
						<fadetime>FanartCrossFadeTime</fadetime>
						<colordiffuse>$VAR[value_videocase0]</colordiffuse>
						<texture>box/thumb_box.png</texture>
					</control>
					<control type="image">
						<description>MOVIE CODEC</description>
						<left>140</left>
						<top>-12</top>
						<width>105</width>
						<height>105</height>
						<fadetime>FanartCrossFadeTime</fadetime>
						<align>center</align>
						<aligny>center</aligny>
						<aspectratio scalediffuse="true">keep</aspectratio>
						<texture>$VAR[value_videocodec0]</texture>
					</control>
				</control>
				<control type="group">
					<!-- MUSIC and musicplaylist views and artists -->
					<include>Animation_Fade</include>
					<visible>[[Window.IsActive(musicplaylist) | Window.IsActive(music)] + [Skin.HasSetting(nomidlistaudiocase) | String.IsEqual(ListItem.DBType,artist) | Container.Content(genres) | Container.Content(roles) | Container.Content(sources)]]</visible>
					<control type="image">
						<!-- Musica reflexo -->
						<left>-8</left>
						<top>630</top>
						<width>368</width>
						<height>525</height>
						<fadetime>FanartCrossFadeTime</fadetime>
						<aspectratio align="center" aligny="top">keep</aspectratio>
						<texture flipy="true" diffuse="thumb_reflect.png" background="true">$VAR[value_poster]</texture>
						<bordertexture flipy="true" diffuse="thumb_reflect.png" border="-2">black.png</bordertexture>
					</control>
					<control type="image">
						<!-- Musica -->
						<left>-8</left>
						<top>98</top>
						<width>368</width>
						<height>525</height>
						<fadetime>FanartCrossFadeTime</fadetime>
						<aspectratio align="center" aligny="bottom">keep</aspectratio>
						<texture fallback="DefaultAudioCover.png" background="true">$VAR[value_poster]</texture>
						<bordertexture border="-2">black.png</bordertexture>
					</control>
				</control>
				<control type="group">
					<!-- MUSIC and musicplaylist with cd case -->
					<include>Animation_Fade</include>
					<visible>[[Window.IsActive(musicplaylist) | Window.IsActive(music)] + !Skin.HasSetting(nomidlistaudiocase) + !String.IsEqual(ListItem.DBType,artist) + ![Container.Content(genres) | Contaiiner.Content(roles)]]</visible>
					<control type="image">
						<!-- Musica/Estojo reflexo-->
						<left>27</left>
						<top>630</top>
						<width>345</width>
						<height>345</height>
						<fadetime>FanartCrossFadeTime</fadetime>
						<aspectratio scalediffuse="false">stretch</aspectratio>
						<texture flipy="true" diffuse="box/thumb_box_diffuse_reflect.png" background="true">$INFO[ListItem.Icon]</texture>
					</control>
					<control type="image">
						<!-- Estojo reflexo -->
						<left>-30</left>
						<top>627</top>
						<width>417</width>
						<height>364</height>
						<texture flipy="true" diffuse="box/thumb_box_reflect.png">box/thumb_box_cd.png</texture>
					</control>
					<control type="image">
						<!-- Musica -->
						<left>27</left>
						<top>291</top>
						<width>345</width>
						<height>345</height>
						<fadetime>FanartCrossFadeTime</fadetime>
						<aspectratio scalediffuse="false">stretch</aspectratio>
						<texture diffuse="box/thumb_box_diffuse.png" fallback="DefaultAudioCover.png" background="true">$INFO[ListItem.Icon]</texture>
						<visible>![String.IsEmpty(ListItem.DBType) + Container.Content(songs) + String.Contains(ListItem.Path,musicvideos)]</visible>
					</control>
					<control type="image">
						<!-- Music videos in m3u playlists -->
						<left>27</left>
						<top>291</top>
						<width>345</width>
						<height>345</height>
						<fadetime>FanartCrossFadeTime</fadetime>
						<aspectratio scalediffuse="false">stretch</aspectratio>
						<texture diffuse="box/thumb_box_diffuse.png" background="true">DefaultMusicVideos.png</texture>
						<visible>[String.IsEmpty(ListItem.DBType) + Container.Content(songs) + String.Contains(ListItem.Path,musicvideos)]</visible>
					</control>
					<control type="image">
						<!-- Estojo -->
						<left>-30</left>
						<top>285</top>
						<width>417</width>
						<height>364</height>
						<texture>box/thumb_box_cd.png</texture>
						<colordiffuse>DEFFFFFF</colordiffuse>
					</control>
				</control>
			</control>
			<!-- ##########           DISC ART DISPLAY     ########## -->
			<control type="scrollbar" id="80">
				<include>ScrollBar_Vertical</include>
				<left>1320</left>
				<top>202</top>
				<height>548</height>
				<onright>9900</onright>
				<onleft>70</onleft>
				<include>Animation_Fade</include>
				<visible allowhiddenfocus="true">Control.IsVisible(70) + Control.HasFocus(80)</visible>
			</control>
		</control>
	</include>
</includes>
