<?xml version="1.0" encoding="UTF-8"?>
<!-- Aeon MQ 5 Helix 6.1.0  -->
<!-- Isengard 7.1.10/7.1.11/7.1.12 -->
<!-- Jarvis 8.1.13 -->
<!-- Krypton 9.1.15/9.1.17/9.1.19/9.2.1 window IDs/9.2.3 -->
<!-- Leia 10.2.5/10.3.0/10.5.0/10.5.1/10.5.2/10.6.1/10.6.2 -->
<!-- Matrix 11.0.2 -->
<!-- Nexus 12.3.0 -->
<!-- Omega 13.7.0 -->
<includes>
	<!--##################################################################################   VISTA LOW LIST - ID 55   ##################################################################################-->
	<include name="LowListLabel">
		<left>0</left>
		<height>30</height>
		<width>525</width>
		<font>Font_18A</font>
		<aligny>top</aligny>
		<align>left</align>
		<textcolor>$VAR[value_headercolor]</textcolor>
		<textoffsetx>0</textoffsetx>
		<textoffsety>0</textoffsety>
		<scroll>true</scroll>
	</include>
	<include name="LowListDisc">
		<width>195</width>
		<height>195</height>
		<fadetime>FanartCrossFadeTime</fadetime>
		<aspectratio align="center" aligny="center">keep</aspectratio>
		<animation effect="rotate" start="0" end="-360" center="auto" time="40000" delay="5000" loop="true" reversible="false" condition="!Player.HasVideo">Conditional</animation>
		<include>Animation_ViewsCDart</include>
	</include>
	<include name="ViewLowList">
		<control type="group">
			<!-- default group -->
			<animation effect="fade" time="400">VisibleChange</animation>
			<visible>Control.IsVisible(55)</visible>
			<control type="button" id="9915">
				<include>InvisibleButton</include>
				<onup>55</onup>
				<ondown>55</ondown>
				<onleft>55</onleft>
				<onright>9920</onright>
			</control>
			<control type="image">
				<left>0</left>
				<top>450</top>
				<width>1920</width>
				<height>315</height>
				<texture>gradient_small.png</texture>
				<colordiffuse>E9FFFFFF</colordiffuse>
				<include>Animation_Fade</include>
			</control>
			<control type="image">
				<left>0</left>
				<top>722</top>
				<width>1920</width>
				<height>45</height>
				<texture>shadow_h.png</texture>
				<colordiffuse>C3FFFFFF</colordiffuse>
				<include>Animation_Fade</include>
			</control>
			<control type="image">
				<left>0</left>
				<top>975</top>
				<width>1920</width>
				<height>45</height>
				<texture flipy="true">shadow_h.png</texture>
				<colordiffuse>C3FFFFFF</colordiffuse>
			</control>
			<control type="image">
				<left>0</left>
				<top>765</top>
				<width>450</width>
				<height>210</height>
				<texture>darkgrey.png</texture>
				<colordiffuse>$VAR[value_texturecolor]</colordiffuse>
				<animation effect="fade" end="85" condition="true">Conditional</animation>
			</control>
			<control type="image">
				<left>1350</left>
				<top>765</top>
				<width>570</width>
				<height>210</height>
				<texture>darkgrey.png</texture>
				<colordiffuse>$VAR[value_texturecolor]</colordiffuse>
				<animation effect="fade" end="85" condition="true">Conditional</animation>
				<include>Animation_Fade</include>
			</control>
			<control type="group">
				<animation effect="slide" time="500" start="0,600" end="0,0" tween="cubic" easing="out">WindowOpen</animation>
				<animation effect="slide" time="500" start="0,600" end="0,0" tween="cubic" easing="out">Visible</animation>
				<animation effect="fade" time="200" start="100" end="0">Hidden</animation>
				<control type="group">
					<animation effect="slide" time="600" start="0,0" end="-600,0" tween="cubic" easing="inout" condition="[Control.HasFocus(9915) | Window.IsActive(videos) + Skin.HasSetting(lowlistplotvideo) | [Window.IsActive(musicplaylist) | Window.IsActive(music)] + Skin.HasSetting(lowlistplotaudio)] + !String.IsEmpty(Control.GetLabel(5501))">Conditional</animation>
					<animation effect="slide" time="400" start="-600,0" end="0,0" tween="cubic" easing="inout">Hidden</animation>
					<control type="image">
						<!-- Logo -->
						<left>1440</left>
						<top>570</top>
						<width>450</width>
						<height>195</height>
						<texture background="true" fallback="transparent.png">$INFO[ListItem.Art(artist.clearlogo)]</texture>
						<aspectratio align="right" aligny="bottom">keep</aspectratio>
						<fadetime>FanartCrossFadeTime</fadetime>
						<visible>[Window.IsActive(musicplaylist) | Window.IsActive(music)] + !String.IsEqual(ListItem.DBType, genre)</visible>
					</control>
					<control type="image">
						<!-- clearlogo e clearart -->
						<left>1440</left>
						<top>570</top>
						<width>450</width>
						<height>195</height>
						<texture background="true">$VAR[value_logoandclearart]</texture>
						<aspectratio align="right" aligny="bottom">keep</aspectratio>
						<fadetime>FanartCrossFadeTime</fadetime>
						<visible>Window.IsActive(videos) + !Skin.HasSetting(noartlowlistvideo)</visible>
					</control>
				</control>
				<control type="group">
					<!-- Painel de Info -->
					<animation effect="slide" time="600" start="600,0" end="0,0" tween="cubic" easing="inout">Visible</animation>
					<animation effect="slide" time="400" start="0,0" end="600,0" tween="cubic" easing="inout">Hidden</animation>
					<visible>Control.HasFocus(9915) | Window.IsActive(videos) + Skin.HasSetting(lowlistplotvideo) + !String.IsEmpty(Control.GetLabel(5501)) | [Window.IsActive(musicplaylist) | Window.IsActive(music)] + Skin.HasSetting(lowlistplotaudio) + !String.IsEmpty(Control.GetLabel(5501))</visible>
					<control type="image">
						<left>1306</left>
						<top>-105</top>
						<width>45</width>
						<height>870</height>
						<texture flipx="true">shadow.png</texture>
						<colordiffuse>C3FFFFFF</colordiffuse>
					</control>
					<control type="image">
						<left>1350</left>
						<top>-105</top>
						<width>570</width>
						<height>870</height>
						<texture>darkgrey.png</texture>
						<colordiffuse>$VAR[value_texturecolor]</colordiffuse>
						<animation effect="fade" end="85" condition="true">Conditional</animation>
						<include>Animation_Fade</include>
					</control>
					<control type="textbox">
						<left>1380</left>
						<top>30</top>
						<width>510</width>
						<height>711</height>
						<font>Font_18A</font>
						<label>$VAR[value_plot]</label>
						<autoscroll delay="30000" time="3000" repeat="30000">!Skin.HasSetting(noallowscroll)</autoscroll>
					</control>
				</control>
				<control type="grouplist">
					<!-- Painel de info -->
					<left>1920</left>
					<top>771</top>
					<orientation>vertical</orientation>
					<itemgap>0</itemgap>
					<animation effect="slide" time="600" start="0,0" end="-540,0" tween="cubic" easing="inout" condition="Control.HasFocus(9915) | Window.IsActive(videos) + Skin.HasSetting(lowlistplotvideo) | [Window.IsActive(musicplaylist) | Window.IsActive(music)] + Skin.HasSetting(lowlistplotaudio)">Conditional</animation>
					<control type="label">
						<include>LowListLabel</include>
						<label>$VAR[value_ground11_label]: [COLOR=FFFFFAF0]$VAR[value_ground11_value][/COLOR]</label>
					</control>
					<control type="label">
						<include>LowListLabel</include>
						<label>$VAR[value_ground12_label]: [COLOR=FFFFFAF0]$VAR[value_ground12_value][/COLOR]</label>
					</control>
					<control type="label">
						<include>LowListLabel</include>
						<label>$VAR[value_ground13_label]: [COLOR=FFFFFAF0]$VAR[value_ground13_value][/COLOR]</label>
					</control>
					<control type="label">
						<include>LowListLabel</include>
						<label>$VAR[value_ground14_label]: [COLOR=FFFFFAF0]$VAR[value_ground14_value][/COLOR]</label>
					</control>
					<control type="label">
						<include>LowListLabel</include>
						<label>$VAR[value_ground15_label]: [COLOR=FFFFFAF0]$VAR[value_ground15_value][/COLOR]</label>
					</control>
					<control type="label">
						<include>LowListLabel</include>
						<label>$VAR[value_ground16_label]: [COLOR=FFFFFAF0]$VAR[value_ground16_value][/COLOR]</label>
					</control>
				</control>
				<control type="image">
					<left>405</left>
					<top>765</top>
					<width>45</width>
					<height>210</height>
					<texture flipx="true">shadow.png</texture>
					<colordiffuse>C3FFFFFF</colordiffuse>
				</control>
				<control type="image">
					<left>1350</left>
					<top>765</top>
					<width>45</width>
					<height>210</height>
					<texture>shadow.png</texture>
					<colordiffuse>C3FFFFFF</colordiffuse>
				</control>
				<control type="image">
					<left>450</left>
					<top>765</top>
					<width>900</width>
					<height>210</height>
					<texture>darkgrey.png</texture>
					<colordiffuse>$VAR[value_texturecolor]</colordiffuse>
					<animation effect="fade" end="95" condition="true">Conditional</animation>
				</control>
				<control type="image">
					<left>1185</left>
					<top>765</top>
					<width>105</width>
					<height>210</height>
					<texture>grey.png</texture>
					<animation effect="fade" end="20" condition="true">conditional</animation>
					<visible>[Container.Content(movies) | Container.Content(musicvideos) | Container.Content(tvshows) | Container.Content(episodes) | Container.Content(songs) | Container.Content(albums) | Container.Content(years)]</visible>
				</control>
				<control type="fixedlist" id="55">
					<viewtype label="31807">list</viewtype>
					<left>450</left>
					<top>765</top>
					<width>900</width>
					<height>210</height>
					<pagecontrol>80</pagecontrol>
					<onleft>80</onleft>
					<onright condition="![String.IsEmpty(Control.GetLabel(5501)) | Window.IsActive(videos) + Skin.HasSetting(lowlistplotvideo) | [Window.IsActive(musicplaylist) | Window.IsActive(music)] + Skin.HasSetting(lowlistplotaudio)]">9915</onright>
					<onright condition="String.IsEmpty(Control.GetLabel(5501)) | Window.IsActive(videos) + Skin.HasSetting(lowlistplotvideo) | [Window.IsActive(musicplaylist) | Window.IsActive(music)] + Skin.HasSetting(lowlistplotaudio)">9920</onright>
					<onup>55</onup>
					<ondown>55</ondown>
					<focusposition>1</focusposition>
					<orientation>vertical</orientation>
					<scrolltime>450</scrolltime>
					<preloaditems>2</preloaditems>
					<itemlayout condition="Container.Content(artists) + !Skin.HasSetting(slimlowlistmusic)" height="45">
						<control type="image">
							<left>0</left>
							<top>0</top>
							<width>898</width>
							<height>1</height>
							<texture>line.png</texture>
						</control>
						<control type="label">
							<left>30</left>
							<top>1</top>
							<width>675</width>
							<height>45</height>
							<font>Font_20A</font>
							<aligny>center</aligny>
							<include>listcolor</include>
							<label>$VAR[artist_label]</label>
						</control>
					</itemlayout>
					<itemlayout condition="Container.Content(artists) + Skin.HasSetting(slimlowlistmusic)" height="40">
						<control type="image">
							<left>0</left>
							<top>0</top>
							<width>898</width>
							<height>1</height>
							<texture>line.png</texture>
						</control>
						<control type="label">
							<left>30</left>
							<top>1</top>
							<width>675</width>
							<height>40</height>
							<font>Font_20A</font>
							<aligny>center</aligny>
							<include>listcolor</include>
							<label>$VAR[artist_label]</label>
						</control>
					</itemlayout>
					<itemlayout condition="[Window.IsActive(videos) + !Skin.HasSetting(slimlowlistvideo) | [Window.IsActive(musicplaylist) | Window.IsActive(music)] + !Skin.HasSetting(slimlowlistmusic)]" height="45">
						<control type="image">
							<left>0</left>
							<top>0</top>
							<width>898</width>
							<height>1</height>
							<texture>line.png</texture>
						</control>
						<control type="label">
							<left>30</left>
							<top>1</top>
							<width>675</width>
							<height>45</height>
							<font>Font_20A</font>
							<aligny>center</aligny>
							<include>listcolor</include>
							<label>$INFO[ListItem.Label]</label>
						</control>
						<control type="label">
							<left>728</left>
							<top>0</top>
							<width>128</width>
							<height>45</height>
							<font>Font_18A</font>
							<align>center</align>
							<aligny>center</aligny>
							<include>detailcolor</include>
							<label>$INFO[ListItem.Year]</label>
						</control>
						<control type="image">
							<left>855</left>
							<top>4</top>
							<width>38</width>
							<height>38</height>
							<texture>OverlayVersions.png</texture>
							<colordiffuse>$VAR[value_watchedcolor]</colordiffuse>
							<visible>!Skin.HasSetting(nooverlays) + ListItem.HasVideoVersions</visible>
						</control>
						<control type="image">
							<left>855</left>
							<top>4</top>
							<width>38</width>
							<height>38</height>
							<texture>OverlayExtras.png</texture>
							<colordiffuse>$VAR[value_watchedcolor]</colordiffuse>
							<visible>!Skin.HasSetting(nooverlays) + ListItem.HasVideoExtras</visible>
						</control>
						<control type="image">
							<left>855</left>
							<top>4</top>
							<width>38</width>
							<height>38</height>
							<texture>$VAR[value_watchedstyle]</texture>
							<colordiffuse>$VAR[value_watchedcolor]</colordiffuse>
							<visible>!Skin.HasSetting(nooverlays) + String.IsEqual(ListItem.Overlay,OverlayWatched.png)</visible>
						</control>
					</itemlayout>
					<itemlayout condition="[Window.IsActive(videos) + Skin.HasSetting(slimlowlistvideo) | [Window.IsActive(musicplaylist) | Window.IsActive(music)] + Skin.HasSetting(slimlowlistmusic)]" height="40">
						<control type="image">
							<left>0</left>
							<top>0</top>
							<width>898</width>
							<height>1</height>
							<texture>line.png</texture>
						</control>
						<control type="label">
							<left>30</left>
							<top>1</top>
							<width>675</width>
							<height>40</height>
							<font>Font_20A</font>
							<aligny>center</aligny>
							<include>listcolor</include>
							<label>$INFO[ListItem.Label]</label>
						</control>
						<control type="label">
							<left>728</left>
							<top>1</top>
							<width>128</width>
							<height>40</height>
							<font>Font_18A</font>
							<align>center</align>
							<aligny>center</aligny>
							<include>detailcolor</include>
							<label>$INFO[ListItem.Year]</label>
						</control>
						<control type="image">
							<left>848</left>
							<top>0</top>
							<width>42</width>
							<height>42</height>
							<texture>OverlayVersions.png</texture>
							<colordiffuse>$VAR[value_watchedcolor]</colordiffuse>
							<visible>!Skin.HasSetting(nooverlays) + ListItem.HasVideoVersions</visible>
						</control>
						<control type="image">
							<left>848</left>
							<top>0</top>
							<width>42</width>
							<height>42</height>
							<texture>OverlayExtras.png</texture>
							<colordiffuse>$VAR[value_watchedcolor]</colordiffuse>
							<visible>!Skin.HasSetting(nooverlays) + ListItem.HasVideoExtras</visible>
						</control>
						<control type="image">
							<left>848</left>
							<top>0</top>
							<width>42</width>
							<height>42</height>
							<texture>$VAR[value_watchedstyle]</texture>
							<colordiffuse>$VAR[value_watchedcolor]</colordiffuse>
							<visible>!Skin.HasSetting(nooverlays) + String.IsEqual(ListItem.Overlay,OverlayWatched.png)</visible>
						</control>
					</itemlayout>
					<focusedlayout condition="Container.Content(artists) + [Window.IsActive(musicplaylist) | Window.IsActive(music)] + Skin.HasSetting(slimlowlistmusic)" height="45">
						<control type="image">
							<left>0</left>
							<top>0</top>
							<width>900</width>
							<height>45</height>
							<texture>settings_button_focus.png</texture>
						</control>
						<control type="label">
							<left>30</left>
							<top>1</top>
							<width>675</width>
							<height>45</height>
							<font>Font_20A</font>
							<aligny>center</aligny>
							<include>listcolorfocus</include>
							<label>$VAR[artist_label]</label>
						</control>
					</focusedlayout>
					<focusedlayout condition="Container.Content(artists) + [Window.IsActive(musicplaylist) | Window.IsActive(music)] + !Skin.HasSetting(slimlowlistmusic)" height="75">
						<control type="image">
							<left>0</left>
							<top>0</top>
							<width>900</width>
							<height>75</height>
							<texture>settings_button_focus.png</texture>
						</control>
						<control type="label">
							<left>30</left>
							<top>0</top>
							<width>675</width>
							<height>45</height>
							<font>Font_22A</font>
							<aligny>center</aligny>
							<include>listcolorfocus</include>
							<label>$VAR[artist_label]</label>
						</control>
						<control type="label">
							<left>30</left>
							<top>44</top>
							<width>675</width>
							<height>24</height>
							<font>Font_18A</font>
							<align>left</align>
							<aligny>center</aligny>
							<include>subcolorfocus</include>
							<label>$VAR[value_listinfofocus]</label>
							<visible>!String.IsEqual(ListItem.Label,..)</visible>
						</control>
					</focusedlayout>
					<focusedlayout condition="String.IsEmpty(Control.GetLabel(5502)) | [Window.IsActive(videos) + Skin.HasSetting(slimlowlistvideo) | [Window.IsActive(musicplaylist) | Window.IsActive(music)] + Skin.HasSetting(slimlowlistmusic)]" height="45">
						<control type="image">
							<left>0</left>
							<top>0</top>
							<width>900</width>
							<height>45</height>
							<texture>settings_button_focus.png</texture>
						</control>
						<control type="label">
							<left>30</left>
							<top>1</top>
							<width>675</width>
							<height>45</height>
							<font>Font_20A</font>
							<aligny>center</aligny>
							<include>listcolorfocus</include>
							<label>$INFO[ListItem.Label]</label>
						</control>
						<control type="label">
							<left>728</left>
							<top>0</top>
							<width>128</width>
							<height>45</height>
							<font>Font_18A</font>
							<align>center</align>
							<aligny>center</aligny>
							<include>detailcolorfocus</include>
							<label>$INFO[ListItem.Year]</label>
						</control>
						<control type="image">
							<left>848</left>
							<top>0</top>
							<width>45</width>
							<height>45</height>
							<texture>OverlayVersions.png</texture>
							<colordiffuse>$VAR[value_watchedcolor]</colordiffuse>
							<visible>!Skin.HasSetting(nooverlays) + ListItem.HasVideoVersions</visible>
						</control>
						<control type="image">
							<left>848</left>
							<top>0</top>
							<width>45</width>
							<height>45</height>
							<texture>OverlayExtras.png</texture>
							<colordiffuse>$VAR[value_watchedcolor]</colordiffuse>
							<visible>!Skin.HasSetting(nooverlays) + ListItem.HasVideoExtras</visible>
						</control>
						<control type="image">
							<left>848</left>
							<top>0</top>
							<width>45</width>
							<height>45</height>
							<texture>$VAR[value_watchedstyle]</texture>
							<colordiffuse>$VAR[value_watchedcolor]</colordiffuse>
							<visible>!Skin.HasSetting(nooverlays) + String.IsEqual(ListItem.Overlay,OverlayWatched.png)</visible>
						</control>
					</focusedlayout>
					<focusedlayout condition="!String.IsEmpty(Control.GetLabel(5502)) + [Window.IsActive(videos) + !Skin.HasSetting(slimlowlistvideo) | [Window.IsActive(musicplaylist) | Window.IsActive(music)] + !Skin.HasSetting(slimlowlistmusic)]" height="75">
						<control type="image">
							<left>0</left>
							<top>0</top>
							<width>900</width>
							<height>75</height>
							<texture>settings_button_focus.png</texture>
						</control>
						<control type="label">
							<left>30</left>
							<top>0</top>
							<width>675</width>
							<height>45</height>
							<font>Font_22A</font>
							<aligny>center</aligny>
							<include>listcolorfocus</include>
							<label>$INFO[ListItem.Label]</label>
						</control>
						<control type="label">
							<left>30</left>
							<top>44</top>
							<width>675</width>
							<height>24</height>
							<font>Font_18A</font>
							<align>left</align>
							<aligny>center</aligny>
							<include>subcolorfocus</include>
							<label>$VAR[value_listinfofocus]</label>
							<visible>!String.IsEqual(ListItem.Label,..)</visible>
						</control>
						<control type="label">
							<left>728</left>
							<top>-5</top>
							<width>128</width>
							<height>45</height>
							<font>Font_18A</font>
							<align>center</align>
							<aligny>center</aligny>
							<include>detailcolorfocus</include>
							<label>$INFO[ListItem.Year]</label>
						</control>
						<control type="label">
							<description>IMDB rating</description>
							<left>728</left>
							<top>53</top>
							<width>128</width>
							<height>20</height>
							<font>Font_14A</font>
							<align>center</align>
							<aligny>center</aligny>
							<include>detailcolorfocus</include>
							<label>$INFO[ListItem.Rating]</label>
							<visible>![Container.Content(artists) | Container.Content(years) | Container.Content(genres) | Container.Content(roles) | Container.Content(sources) | Container.Content(seasons) | String.IsEmpty(ListItem.Title)]</visible>
						</control>
						<control type="image">
							<left>738</left>
							<top>32</top>
							<width>98</width>
							<height>20</height>
							<texture>$VAR[User_Rating_Stars]</texture>
							<colordiffuse>$VAR[value_headercolor]</colordiffuse>
							<visible>![Container.Content(sets) | Container.Content(artists) | Container.Content(years) | Container.Content(genres) | Container.Content(roles) | Container.Content(sources) | Container.Content(seasons) | String.IsEqual(ListItem.Label,..)]</visible>
						</control>
						<control type="image">
							<left>848</left>
							<top>15</top>
							<width>45</width>
							<height>45</height>
							<texture>OverlayVersions.png</texture>
							<colordiffuse>$VAR[value_watchedcolor]</colordiffuse>
							<visible>!Skin.HasSetting(nooverlays) + ListItem.HasVideoVersions</visible>
						</control>
						<control type="image">
							<left>848</left>
							<top>15</top>
							<width>45</width>
							<height>45</height>
							<texture>OverlayExtras.png</texture>
							<colordiffuse>$VAR[value_watchedcolor]</colordiffuse>
							<visible>!Skin.HasSetting(nooverlays) + ListItem.HasVideoExtras</visible>
						</control>
						<control type="image">
							<left>848</left>
							<top>15</top>
							<width>45</width>
							<height>45</height>
							<texture>$VAR[value_watchedstyle]</texture>
							<colordiffuse>$VAR[value_watchedcolor]</colordiffuse>
							<visible>!Skin.HasSetting(nooverlays) + String.IsEqual(ListItem.Overlay,OverlayWatched.png)</visible>
						</control>
					</focusedlayout>
				</control>
				<control type="textbox">
					<left>1380</left>
					<top>780</top>
					<width>510</width>
					<height>171</height>
					<font>Font_18A</font>
					<label>$VAR[value_plot]</label>
					<autoscroll delay="8000" time="2000" repeat="8000">!Skin.HasSetting(noallowscroll)</autoscroll>
					<animation effect="slide" time="600" start="600,0" end="0,0" tween="cubic" easing="inout">Visible</animation>
					<animation effect="slide" time="400" start="0,0" end="600,0" tween="cubic" easing="inout">Hidden</animation>
					<visible>![Control.HasFocus(9915) | Window.IsActive(videos) + Skin.HasSetting(lowlistplotvideo) | [Window.IsActive(musicplaylist) | Window.IsActive(music)] + Skin.HasSetting(lowlistplotaudio)]</visible>
				</control>
				<control type="label" id="5501">
					<!-- Plot -->
					<include>InvisibleButton</include>
					<label>$VAR[value_plot]</label>
				</control>
				<control type="label" id="5502">
					<!-- Tag -->
					<include>InvisibleButton</include>
					<label>$VAR[value_listinfofocus]</label>
				</control>
			</control>
			<control type="group">	<!-- Default Group - Miniaturas -->
				<left>45</left>
				<top>300</top>
				<visible>Control.IsVisible(55)</visible>
				<animation effect="slide" time="1000" start="-600,0" end="0,0" tween="cubic" easing="out">WindowOpen</animation>
				<animation effect="slide" time="1000" start="-600,0" end="0,0" tween="cubic" easing="out">Visible</animation>
				<animation effect="fade" time="400" start="100" end="0">Hidden</animation>
				<control type="group">
					<!-- CDART VIDEO -->
					<animation type="WindowOpen">
						<effect type="slide" start="-150,0" end="0,0" time="500" delay="500" tween="cubic" easing="out" />
						<effect type="fade" start="0" end="100" time="500" delay="500" />
					</animation>
					<animation type="Visible">
						<effect type="slide" start="-150,0" end="0,0" time="500" delay="500" tween="cubic" easing="out" />
						<effect type="fade" start="0" end="100" time="500" delay="500" />
					</animation>
					<animation effect="fade" start="100" end="0" time="200">WindowClose</animation>
					<animation type="Hidden">
						<effect type="slide" start="0,0" end="-150,0" time="300" tween="cubic" easing="out" />
						<effect type="fade" start="100" end="0" time="200" />
					</animation>
					<animation effect="slide" time="200" start="0,0" end="0,-30" tween="cubic" easing="out" condition="!Skin.HasSetting(nolowlistvideocase)">Conditional</animation>
					<visible>![[String.IsEmpty(ListItem.Art(discart)) + [String.IsEmpty(ListItem.Art(poster)) | [Skin.HasSetting(nodisctvshow) + [Container.content(tvshows) | Container.Content(seasons)]]]] | Skin.HasSetting(nolowlistdiscart) | ListItem.IsCollection] + Window.IsActive(videos) + Control.IsVisible(9923)</visible>
					<control type="image">
						<left>168</left>
						<top>105</top>
						<width>375</width>
						<height>375</height>
						<texture diffuse="cdart_diffuse.png" background="true">$INFO[ListItem.Art(discart)]</texture>
						<fadetime>FanartCrossFadeTime</fadetime>
						<aspectratio align="center" aligny="center">keep</aspectratio>
						<animation effect="rotate" start="0" end="-360" center="auto" time="40000" delay="5000" loop="true" reversible="false" condition="!Player.HasVideo">Conditional</animation>
						<include>Animation_ViewsCDart</include>
						<visible>!String.IsEmpty(ListItem.Art(discart))</visible>
					</control>
					<control type="image">
						<description>THIS IS WHERE YOU CHANGE DISC SIZE AND POSITION</description>
						<left>168</left>
						<top>105</top>
						<width>375</width>
						<height>375</height>
						<texture diffuse="cdart_diffuse.png" background="true">$INFO[ListItem.Art(poster)]</texture>
						<fadetime>FanartCrossFadeTime</fadetime>
						<aspectratio scalediffuse="false" align="center" aligny="center">scale</aspectratio>
						<animation effect="rotate" start="0" end="-360" center="auto" time="40000" delay="5000" loop="true" reversible="false" condition="!Player.HasVideo">Conditional</animation>
						<include>Animation_ViewsCDart</include>
						<visible>String.IsEmpty(ListItem.Art(discart))</visible>
					</control>
				</control>
				<control type="grouplist">
					<!-- CDART SETS -->
					<left>398</left>
					<top>262</top>
					<orientation>horizontal</orientation>
					<itemgap>-117</itemgap>
					<animation type="WindowOpen">
						<effect type="slide" start="-150,0" end="0,0" time="500" delay="500" tween="cubic" easing="out" />
						<effect type="fade" start="0" end="100" time="500" delay="500" />
					</animation>
					<animation type="Visible">
						<effect type="slide" start="-150,0" end="0,0" time="500" delay="500" tween="cubic" easing="out" />
						<effect type="fade" start="0" end="100" time="500" delay="500" />
					</animation>
					<animation effect="fade" start="100" end="0" time="200">WindowClose</animation>
					<animation type="Hidden">
						<effect type="slide" start="0,0" end="-150,0" time="300" tween="cubic" easing="out" />
						<effect type="fade" start="100" end="0" time="200" />
					</animation>
					<visible>![String.IsEmpty(Window(home).Property(Set.Movie.1.Art(discart))) | Skin.HasSetting(nolowlistdiscart)] + Window.IsActive(videos) + ListItem.IsCollection + Control.IsVisible(9923)</visible>
					<control type="image">
						<include>LowListDisc</include>
						<texture diffuse="cdart_diffuse.png" background="true">$INFO[Window(home).Property(Set.Movie.1.Art(discart))]</texture>
						<visible>!String.IsEmpty(Window(home).Property(Set.Movie.1.Art(discart)))</visible>
					</control>
					<control type="image">
						<include>LowListDisc</include>
						<texture diffuse="cdart_diffuse.png" background="true">$INFO[Window(home).Property(Set.Movie.2.Art(discart))]</texture>
						<visible>!String.IsEmpty(Window(home).Property(Set.Movie.2.Art(discart)))</visible>
					</control>
					<control type="image">
						<include>LowListDisc</include>
						<texture diffuse="cdart_diffuse.png" background="true">$INFO[Window(home).Property(Set.Movie.3.Art(discart))]</texture>
						<visible>!String.IsEmpty(Window(home).Property(Set.Movie.3.Art(discart)))</visible>
					</control>
					<control type="image">
						<include>LowListDisc</include>
						<texture diffuse="cdart_diffuse.png" background="true">$INFO[Window(home).Property(Set.Movie.4.Art(discart))]</texture>
						<visible>!String.IsEmpty(Window(home).Property(Set.Movie.4.Art(discart)))</visible>
					</control>
					<control type="image">
						<include>LowListDisc</include>
						<texture diffuse="cdart_diffuse.png" background="true">$INFO[Window(home).Property(Set.Movie.5.Art(discart))]</texture>
						<visible>!String.IsEmpty(Window(home).Property(Set.Movie.5.Art(discart)))</visible>
					</control>
					<control type="image">
						<include>LowListDisc</include>
						<texture diffuse="cdart_diffuse.png" background="true">$INFO[Window(home).Property(Set.Movie.6.Art(discart))]</texture>
						<visible>!String.IsEmpty(Window(home).Property(Set.Movie.6.Art(discart)))</visible>
					</control>
					<control type="image">
						<include>LowListDisc</include>
						<texture diffuse="cdart_diffuse.png" background="true">$INFO[Window(home).Property(Set.Movie.7.Art(discart))]</texture>
						<visible>!String.IsEmpty(Window(home).Property(Set.Movie.7.Art(discart)))</visible>
					</control>
					<control type="image">
						<include>LowListDisc</include>
						<texture diffuse="cdart_diffuse.png" background="true">$INFO[Window(home).Property(Set.Movie.8.Art(discart))]</texture>
						<visible>!String.IsEmpty(Window(home).Property(Set.Movie.8.Art(discart)))</visible>
					</control>
					<control type="image">
						<include>LowListDisc</include>
						<texture diffuse="cdart_diffuse.png" background="true">$INFO[Window(home).Property(Set.Movie.9.Art(discart))]</texture>
						<visible>!String.IsEmpty(Window(home).Property(Set.Movie.9.Art(discart)))</visible>
					</control>
					<control type="image">
						<include>LowListDisc</include>
						<texture diffuse="cdart_diffuse.png" background="true">$INFO[Window(home).Property(Set.Movie.10.Art(discart))]</texture>
						<visible>!String.IsEmpty(Window(home).Property(Set.Movie.10.Art(discart)))</visible>
					</control>
				</control>
				<control type="group">  <!-- Video poster no case  -->
					<include>Animation_Fade</include>
					<visible>![!Skin.HasSetting(nolowlistvideocase) + [Container.Content(movies) | Container.Content(musicvideos)  | Container.Content(sets)] | Window.IsActive(musicplaylist) | Window.IsActive(music)] + ![Window.IsVisible(videos) + Container.Content(albums)]</visible>
					<control type="image">
						<!-- Filmes/Fotos/Arquivos reflexo -->
						<left>-8</left>
						<top>628</top>
						<width>368</width>
						<height>525</height>
						<fadetime>FanartCrossFadeTime</fadetime>
						<aspectratio align="center" aligny="top">keep</aspectratio>
						<texture flipy="true" diffuse="thumb_reflect.png" background="true">$VAR[value_poster]</texture>
						<bordertexture flipy="true" diffuse="thumb_reflect.png" border="-2">black.png</bordertexture>
					</control>
					<control type="image">
						<!-- Filmes/Fotos/Arquivos -->
						<left>-8</left>
						<top>98</top>
						<width>368</width>
						<height>525</height>
						<fadetime>FanartCrossFadeTime</fadetime>
						<aspectratio align="center" aligny="bottom">keep</aspectratio>
						<texture fallback="DefaultVideoPoster.png" background="true">$VAR[value_poster]</texture>
						<bordertexture border="-2">black.png</bordertexture>
					</control>
				</control>
				<control type="group">  <!-- video poster with case -->
					<include>Animation_Fade</include>
					<visible>!Skin.HasSetting(nolowlistvideocase) + [Container.Content(movies) | Container.Content(musicvideos)  | Container.Content(sets)] + ![Window.IsActive(musicplaylist) | Window.IsActive(music)] + ![Window.IsVisible(videos) + Container.Content(albums)]</visible>
					<control type="image">
						<!-- Poster reflexo -->
						<left>-8</left>
						<top>651</top>
						<width>368</width>
						<height>525</height>
						<fadetime>FanartCrossFadeTime</fadetime>
						<texture flipy="true" diffuse="thumb_reflect.png" background="true">$INFO[ListItem.Icon]</texture>
						<aspectratio>stretch</aspectratio>
					</control>
					<control type="image">
						<!-- Estojo reflexo -->
						<left>-39</left>
						<top>597</top>
						<width>453</width>
						<height>652</height>
						<fadetime>FanartCrossFadeTime</fadetime>
						<colordiffuse>$VAR[value_videocase0]</colordiffuse>
						<texture flipy="true" diffuse="box/thumb_box_reflect.png">box/thumb_box.png</texture>
						<aspectratio>stretch</aspectratio>
					</control>
					<control type="image">
						<!-- Poster -->
						<left>-8</left>
						<top>94</top>
						<width>368</width>
						<height>525</height>
						<fadetime>FanartCrossFadeTime</fadetime>
						<texture fallback="DefaultVideoPoster.png" background="true">$VAR[value_poster]</texture>
					</control>
					<control type="image">
						<!-- Estojo -->
						<left>-39</left>
						<top>12</top>
						<width>453</width>
						<height>652</height>
						<fadetime>FanartCrossFadeTime</fadetime>
						<colordiffuse>$VAR[value_videocase0]</colordiffuse>
						<texture>box/thumb_box.png</texture>
					</control>
					<control type="image">
						<!-- Codec -->
						<left>132</left>
						<top>18</top>
						<width>105</width>
						<height>105</height>
						<fadetime>FanartCrossFadeTime</fadetime>
						<align>center</align>
						<aligny>center</aligny>
						<aspectratio scalediffuse="true">keep</aspectratio>
						<texture>$VAR[value_videocodec0]</texture>
					</control>
				</control>
				<control type="group">
					<!-- MUSIC no audio case -->
					<include>Animation_Fade</include>
					<visible>[Window.IsActive(musicplaylist) | Window.IsActive(music) | [Window.IsVisible(videos) + Container.Content(albums)]] + Skin.HasSetting(nolowlistaudiocase)</visible>
					<control type="image">
						<!-- Music poster reflected -->
						<left>-8</left>
						<top>630</top>
						<width>368</width>
						<height>525</height>
						<fadetime>FanartCrossFadeTime</fadetime>
						<aspectratio align="center" aligny="top">keep</aspectratio>
						<texture flipy="true" diffuse="thumb_reflect.png" background="true">$VAR[value_poster]</texture>
						<bordertexture flipy="true" diffuse="thumb_reflect.png" border="-2">black.png</bordertexture>
					</control>
					<control type="image">
						<!-- Music poster -->
						<left>-8</left>
						<top>98</top>
						<width>368</width>
						<height>525</height>
						<fadetime>FanartCrossFadeTime</fadetime>
						<aspectratio align="center" aligny="bottom">keep</aspectratio>
						<texture fallback="DefaultAudioCover.png" background="true">$VAR[value_poster]</texture>
						<bordertexture border="-2">black.png</bordertexture>
					</control>
				</control>
				<control type="group">
					<!-- MUSIC with audio case -->
					<include>Animation_Fade</include>
					<visible>[Window.IsActive(musicplaylist) | Window.IsActive(music) | [Window.IsVisible(videos) + Container.Content(albums)]] + !Skin.HasSetting(nolowlistaudiocase)</visible>
					<control type="image">
						<!-- Music case reflected poster-->
						<left>27</left>
						<top>630</top>
						<width>345</width>
						<height>345</height>
						<fadetime>FanartCrossFadeTime</fadetime>
						<aspectratio scalediffuse="false">stretch</aspectratio>
						<texture flipy="true" diffuse="box/thumb_box_diffuse_reflect.png" background="true">$VAR[value_poster]</texture>
					</control>
					<control type="image">
						<!-- Msuic case reflected case -->
						<left>-30</left>
						<top>627</top>
						<width>417</width>
						<height>364</height>
						<texture flipy="true" diffuse="box/thumb_box_reflect.png">box/thumb_box_cd.png</texture>
					</control>
					<control type="image">
						<!-- Music poster -->
						<left>27</left>
						<top>291</top>
						<width>345</width>
						<height>345</height>
						<fadetime>FanartCrossFadeTime</fadetime>
						<aspectratio scalediffuse="false">stretch</aspectratio>
						<texture diffuse="box/thumb_box_diffuse.png" fallback="DefaultAudioCover.png" background="true">$VAR[value_poster]</texture>
					</control>
					<control type="image">
						<!-- Music case -->
						<left>-30</left>
						<top>285</top>
						<width>417</width>
						<height>364</height>
						<texture>box/thumb_box_cd.png</texture>
						<colordiffuse>DEFFFFFF</colordiffuse>
					</control>
				</control>
			</control>
			<control type="scrollbar" id="80">
				<include>ScrollBar_Vertical</include>
				<left>408</left>
				<top>766</top>
				<height>210</height>
				<onleft>9900</onleft>
				<onright>55</onright>
				<include>Animation_Fade</include>
				<visible allowhiddenfocus="true">Control.IsVisible(55) + Control.HasFocus(80)</visible>
			</control>
		</control>
	</include>
</includes>
